start,cycle_index,start_time_s,end_time_s,period_s,s_max,s_min,s_amplitude,period_relative_drift,amplitude_relative_drift
paper_0.99,1,549.53668886004834,1686.0143968488774,1136.477707988829,1.4739697353957055,1.4508850825136457,0.023084652882059853,,
paper_0.99,2,1686.0143968488774,2923.5611520196894,1237.546755170812,1.4744811467211987,1.445769310391698,0.028711836329500695,0.088931834273142191,0.24376296564606287
paper_0.99,3,2923.5611520196894,4278.7899923016575,1355.2288402819681,1.4749704567421549,1.4393328620394314,0.03563759470272343,0.095093041632122455,0.24121614144570372
paper_0.99,4,4278.7899923016575,5763.9360298751608,1485.1460375735032,1.4754246589983475,1.4315687192122668,0.043855939786080711,0.095863660387056557,0.23060885988271354
paper_0.99,5,5763.9360298751608,7386.5013551429838,1622.565325267823,1.4758328577863848,1.4226512617125231,0.053181596073861748,0.092529141389247796,0.21264294718730153
paper_0.99,6,7386.5013551429838,9147.815259244624,1761.3139041016402,1.4761872367742532,1.4129813842432966,0.063205852530956674,0.085511859937543747,0.18849107956768815
paper_0.99,7,9147.815259244624,11042.389285868758,1894.5740266241337,1.476484324530301,1.4031431013532674,0.073341223177033621,0.075659496136472576,0.16035493930111758
paper_0.99,8,11042.389285868758,13058.445600490819,2016.0563146220611,1.4767248405054656,1.3937529312999435,0.08297190920552211,0.064121161955540948,0.13131340890295218
paper_0.99,9,13058.445600490819,15179.675015903489,2121.2294154126703,1.476913292218395,1.3853436895627429,0.09156960265565206,0.052167739575432144,0.10362173815759008
paper_0.99,10,15179.675015903489,17387.659893720975,2207.9848778174855,1.477056692378528,1.3782359271342124,0.0988207652443156,0.04089867025907596,0.079187441884307097
paper_0.99,11,17387.659893720975,19664.190213775419,2276.530320054444,1.4771630394726634,1.3725190670143703,0.10464397245829304,0.03104434406485302,0.058926959324598106
paper_0.99,12,19664.190213775419,21993.005105879416,2328.8148921039974,1.477240348337763,1.3681026944151395,0.10913765392262342,0.022966780450480881,0.042942573363424094
paper_0.99,13,21993.005105879416,24360.545152272709,2367.5400463932929,1.4772954945886427,1.3648064281650119,0.11248906642363088,0.016628695745890189,0.030708123003849296
paper_0.99,14,24360.545152272709,26756.163008422565,2395.6178561498564,1.4773345906014079,1.3624048268604367,0.11492976374097119,0.011859486727304658,0.021697195958127257
paper_0.99,15,26756.163008422565,29171.808621626464,2415.6456132038984,1.477361807720643,1.3606853246752293,0.11667648304541367,0.0083601635388666877,0.015198145785622917
paper_0.99,16,29171.808621626464,31601.553136152397,2429.7445145259335,1.4773809379649787,1.3594671947173667,0.11791374324761206,0.0058364940804936849,0.010604195206302298
paper_0.99,17,31601.553136152397,34041.158006295365,2439.6048701429681,1.4773940989144028,1.3586191996516011,0.11877489926280171,0.0040581861829857889,0.0073032709459598692
paper_0.99,18,34041.158006295365,36487.603628413104,2446.4456221177388,1.4774031528127682,1.3580278591452188,0.1193752936675494,0.0028040409569971853,0.0050548929822221899
paper_0.99,19,36487.603628413104,38938.784250876532,2451.1806224634274,1.4774093458188287,1.3576171879729588,0.11979215784586983,0.0019354611044204626,0.0034920473534612948
paper_0.99,20,38938.784250876532,41393.230788284694,2454.4465374081628,1.4774136105399818,1.3573333055978953,0.12008030494208644,0.0013323844496833455,0.0024053919839005663
paper_0.99,21,41393.230788284694,43849.92240978375,2456.6916214990561,1.4774165521455469,1.3571383988598733,0.12027815328567359,0.00091470075093343464,0.0016476335872279764
paper_0.99,22,43849.92240978375,46308.164868935979,2458.2424591522285,1.477418680812171,1.357004638865922,0.12041404194624894,0.00063127078693995099,0.0011297867223866904
paper_0.99,23,46308.164868935979,48767.449659395257,2459.2847904592782,1.4774200625324627,1.3569179693840627,0.12050209314839999,0.00042401484978380675,0.00073123699468834636
paper_0.99,24,48767.449659395257,51227.469833800031,2460.0201744047736,1.477421005463494,1.3568515902544707,0.12056941520902331,0.00029902349998191106,0.0005586795952200799
paper_0.99,25,51227.469833800031,53687.989292846491,2460.5194590464598,1.4774215885176363,1.3568080962720557,0.1206134922455806,0.00020295957199092962,0.00036557394328300401
paper_0.99,26,53687.989292846491,56148.859576769326,2460.8702839228354,1.4774221222165154,1.3567772318226565,0.12064489039385884,0.00014258163051127096,0.00026032036460986642
paper_0.99,27,56148.859576769326,58609.944795521769,2461.0852187524433,1.4774224016812689,1.356761790464005,0.1206606112172639,8.7340982989696992e-05,0.00013030658284607661
paper_0.99,28,58609.944795521769,61071.204167324526,2461.2593718027565,1.4774225123455873,1.3567440107047932,0.12067850164079408,7.0762706218462573e-05,0.0001482706191332143
paper_0.99,29,61071.204167324526,63532.571144660891,2461.3669773363654,1.4774227986708468,1.3567388583895432,0.12068394028130358,4.3719704977724356e-05,4.5067186247401759e-05
paper_0.99,30,63532.571144660891,65994.008410482973,2461.4372658220818,1.4774227986708468,1.3567300227365757,0.12069277593427108,2.8556686736941147e-05,7.3213162802797914e-05
paper_0.99,31,65994.008410482973,68455.507573495357,2461.4991630123841,1.4774229619266017,1.3567223631281207,0.12070059879848105,2.5146767363005877e-05,6.4816341735584354e-05
paper_0.99,32,68455.507573495357,70917.027267588215,2461.5196940928581,1.4774229619266017,1.3567234810305484,0.12069948089605331,8.3408846050158099e-06,9.2617802965915277e-06
paper_0.99,33,70917.027267588215,73378.582322584305,2461.5550549960899,1.4774229321166341,1.3567176277746402,0.12070530434199389,1.4365476464248986e-05,4.8247481243049582e-05
paper_0.99,34,73378.582322584305,75840.154507069063,2461.5721844847576,1.4774230649934261,1.3567213163539062,0.12070174863951988,6.9588078612904465e-06,2.945771516334912e-05
paper_0.99,35,75840.154507069063,78301.728360557667,2461.5738534886041,1.4774230649934261,1.356718283999369,0.12070478099405713,6.780235237433864e-07,2.5122705937782671e-05
paper_0.99,36,78301.728360557667,80763.319564264209,2461.5912037065427,1.4774229995171078,1.3567145139441747,0.12070848557293301,7.0484246954714861e-06,3.0691235636037715e-05
paper_0.99,37,80763.319564264209,83224.915368900794,2461.5958046365849,1.4774230968884758,1.3567191688048752,0.12070392808360064,1.8690877816299349e-06,3.7756163626250423e-05
paper_0.99,38,83224.915368900794,85686.506422560153,2461.5910536593583,1.4774230968884758,1.3567166613925945,0.12070643549588134,1.9300395368324153e-06,2.0773245084102426e-05
paper_0.99,39,85686.506422560153,88148.107587026854,2461.6011644667014,1.4774230268605459,1.3567135980995342,0.12070942876101176,4.1074277257072144e-06,2.4797891828447202e-05
paper_0.99,40,88148.107587026854,90609.715191176787,2461.6076041499327,1.4774231044366493,1.3567129477119531,0.1207101567246962,2.6160546737827982e-06,6.0307110381989385e-06
paper_0.99,41,90609.715191176787,93071.309462156918,2461.5942709801311,1.4774231044366493,1.3567169776282775,0.12070612680837178,5.416448088293382e-06,3.3385064138494733e-05
paper_0.99,42,93071.309462156918,95532.916096021276,2461.6066338643577,1.4774230279608123,1.3567131881828076,0.12070983977800465,5.0223078483530288e-06,3.0760407371513228e-05
paper_0.99,43,95532.916096021276,97994.521793230146,2461.60569720887,1.4774231102467832,1.3567182512538696,0.12070485899291361,3.8050575378828254e-07,4.1262461288951873e-05
paper_0.99,44,97994.521793230146,100456.12199704624,2461.600203816095,1.4774231102467832,1.3567159490446219,0.12070716120216129,2.2316298589901761e-06,1.9073045334649502e-05
paper_0.99,45,100456.12199704624,102917.73272376662,2461.610726720377,1.4774231085977461,1.3567126743922968,0.12071043420544925,4.2748226400278099e-06,2.7115237036099909e-05
paper_0.99,46,102917.73272376662,105379.3291661484,2461.5964423817786,1.4774231085977461,1.3567167854282132,0.12070632316953289,5.8028421973134431e-06,3.4057005456192169e-05
paper_0.99,47,105379.3291661484,107840.93731687556,2461.6081507271592,1.4774230306687091,1.3567130586909375,0.12070997197777156,4.7564032751375844e-06,3.0228807761302171e-05
paper_0.99,48,107840.93731687556,110302.54393411972,2461.6066172441642,1.4774231115124064,1.3567181608899443,0.120704950622462,6.2295982995818281e-07,4.1598512759808853e-05
paper_0.99,49,110302.54393411972,112764.14488238377,2461.6009482640511,1.4774231115124064,1.3567158729815285,0.12070723853087784,2.3029594060243502e-06,1.8954553264251164e-05
paper_0.99,50,112764.14488238377,115225.75607146941,2461.6111890856409,1.4774231092437597,1.3567126327841239,0.12071047645963584,4.1602281625111241e-06,2.6824644465509241e-05
paper_0.99,51,115225.75607146941,117687.35284775923,2461.5967762898217,1.4774231092437597,1.356716754433569,0.12070635481019076,5.8550253115234323e-06,3.4144919032401468e-05
paper_0.99,52,117687.35284775923,120148.96123939171,2461.6083916324715,1.4774230310423202,1.3567130386451567,0.12070999239716351,4.7186211655893304e-06,3.0135836497332914e-05
paper_0.99,53,120148.96123939171,122610.56796919758,2461.606729805877,1.4774231116862762,1.3567181464450404,0.12070496524123575,6.7509787509206255e-07,4.1646559890592901e-05
paper_0.99,54,122610.56796919758,125072.16904406434,2461.6010748667613,1.4774231116862762,1.3567158569505504,0.12070725473572574,2.2972553036834935e-06,1.8967691059083401e-05
paper_0.99,55,125072.16904406434,127533.78030089519,2461.6112568308454,1.4774231093454118,1.3567126264210887,0.12071048292432307,4.1363176950154245e-06,2.6743948442816849e-05
paper_0.99,56,127533.78030089519,129995.37712901486,2461.5968281196692,1.4774231093454118,1.3567167492968941,0.12070636004851765,5.8614905729377347e-06,3.4155076721946573e-05
paper_0.99,57,129995.37712901486,132456.98555976045,2461.6084307455894,1.4774230310906724,1.3567130355041357,0.12070999558653672,4.7134550173544465e-06,3.0118860494296008e-05
paper_0.99,58,132456.98555976045,134918.59230052689,2461.6067407664377,1.4774231117085503,1.3567181440792317,0.12070496762931859,6.8653451564363489e-07,4.1653196934501952e-05
paper_0.99,59,134918.59230052689,137380.19339775146,2461.6010972245713,1.4774231117085503,1.3567158534878172,0.12070725822073314,2.2926252894037095e-06,1.8976778334249597e-05
paper_0.99,60,137380.19339775146,139841.80466438807,2461.6112666366098,1.4774231093616133,1.3567126254434203,0.12071048391819295,4.1312185187062781e-06,2.6723309827061096e-05
paper_0.99,61,139841.80466438807,142303.40150062725,2461.5968362391868,1.4774231093616133,1.3567167484268929,0.12070636093472031,5.8621755671036662e-06,3.4155968386525212e-05
paper_0.99,62,142303.40150062725,144765.00993784456,2461.6084372173063,1.4774230310963126,1.356713035006146,0.12070999609016653,4.7127855986586143e-06,3.0115690822451624e-05
paper_0.99,63,144765.00993784456,147226.6166790225,2461.6067411779368,1.4774231117110972,1.3567181436838542,0.12070496802724295,6.8899640735709647e-07,4.1654072458236769e-05
paper_0.99,64,147226.6166790225,149688.21778029396,2461.6011012714589,1.4774231117110972,1.3567158527499195,0.12070725896117773,2.291148453380806e-06,1.8979615936451669e-05
paper_0.99,65,149688.21778029396,152149.82904832007,2461.611268026114,1.4774231093642447,1.3567126252920949,0.12071048407214979,4.130138977360315e-06,2.6718450901927399e-05
paper_0.99,66,152149.82904832007,154611.42588584914,2461.5968375290686,1.4774231093642447,1.3567167482750506,0.12070636108919408,5.8622160342023628e-06,3.415596406065087e-05
paper_0.99,67,154611.42588584914,157073.03432416756,2461.6084383184207,1.4774230310968037,1.3567130349257595,0.12070999617104428,4.7127089112334436e-06,3.0115081072728502e-05
paper_0.99,68,157073.03432416756,159534.64106513606,2461.6067409685056,1.4774231117113044,1.3567181436158122,0.12070496809549214,6.8952880101743755e-07,4.165417704937564e-05
paper_0.99,69,159534.64106513606,161996.24216716536,2461.6011020292935,1.4774231117113044,1.3567158525915308,0.12070725911977354,2.2907555127419565e-06,1.8980364417025061e-05
paper_0.99,70,161996.24216716536,164457.85343538102,2461.6112682156672,1.477423109364683,1.3567126252684096,0.12071048409627338,4.1299081176475073e-06,2.6717336830996131e-05
paper_0.99,71,164457.85343538102,166919.4502731192,2461.5968377381796,1.477423109364683,1.3567167482475473,0.12070636111713573,5.8622080886402342e-06,3.41559324239544e-05
paper_0.99,72,166919.4502731192,169381.05871163087,2461.6084385116701,1.4774230310967968,1.3567130349124861,0.12070999618431077,4.7127024672159523e-06,3.0114959488486269e-05
paper_0.99,73,169381.05871163087,171842.6654525082,2461.6067408773233,1.4774231117112964,1.3567181436037214,0.12070496810757492,6.8964434807088149e-07,4.165418685110889e-05
paper_0.99,74,171842.6654525082,174304.26655468423,2461.6011021760351,1.4774231117112964,1.3567158525573122,0.12070725915398417,2.290658858958411e-06,1.8980547736950622e-05
paper_0.99,75,174304.26655468423,176765.87782292362,2461.6112682393868,1.477423109364761,1.356712625264644,0.12071048410011698,4.1298581410297441e-06,2.6717085247483723e-05
paper_0.99,76,176765.87782292362,179227.47466069696,2461.596837773337,1.477423109364761,1.3567167482422919,0.12070636112246902,5.8622034421127477e-06,3.4155920081790861e-05
paper_0.99,77,179227.47466069696,181689.08309924521,2461.6084385482536,1.477423031096776,1.3567130349101602,0.12070999618661582,4.7127030464830299e-06,3.0114934399461089e-05
paper_0.99,78,181689.08309924521,184150.68984009334,2461.6067408481322,1.4774231117112833,1.356718143601394,0.12070496810988929,6.8967106825536436e-07,4.1654186773054974e-05
paper_0.99,79,184150.68984009334,186612.29094230005,2461.6011022067105,1.4774231117112833,1.3567158525494361,0.12070725916184721,2.2906345388623577e-06,1.8980593705470323e-05
paper_0.99,80,186612.29094230005,189073.90221054197,2461.6112682419189,1.4774231093647743,1.356712625264022,0.12071048410075225,4.1298467080113268e-06,2.6717025367207567e-05
paper_0.99,81,189073.90221054197,191535.49904832119,2461.596837779216,1.4774231093647743,1.3567167482412654,0.12070636112350885,5.8622020824523538e-06,3.415591673007728e-05
paper_0.99,82,191535.49904832119,193997.10748687529,2461.6084385541035,1.4774230310967709,1.3567130349097973,0.12070999618697353,4.7127030346486235e-06,3.0114928748123956e-05
paper_0.99,83,193997.10748687529,196458.7142277183,2461.6067408430099,1.4774231117112846,1.3567181436010247,0.12070496811025988,6.8967552556054574e-07,4.1654186666241225e-05
paper_0.99,84,196458.7142277183,198920.31532993016,2461.6011022118619,1.4774231117112846,1.3567158525481513,0.1207072591631333,2.2906303653117057e-06,1.8980601289937526e-05
paper_0.99,85,198920.31532993016,201381.92659817211,2461.611268241948,1.4774231093647774,1.3567126252639128,0.1207104841008646,4.1298446271317602e-06,2.6717015643168183e-05
paper_0.99,86,201381.92659817211,203843.52343595243,2461.5968377803219,1.4774231093647774,1.3567167482410345,0.12070636112374289,5.8622016449982724e-06,3.4155915722010075e-05
paper_0.99,87,203843.52343595243,206305.13187450875,2461.6084385563154,1.4774230310967675,1.3567130349096999,0.12070999618706768,4.7127034839262346e-06,3.0114927589153146e-05
paper_0.99,88,206305.13187450875,208766.73861534774,2461.6067408389936,1.4774231117112799,1.3567181436008875,0.12070496811039244,6.8967805570225898e-07,4.1654186347977289e-05
paper_0.99,89,208766.73861534774,211228.33971756187,2461.601102214132,1.4774231117112799,1.3567158525474088,0.12070725916387115,2.2906278115251591e-06,1.8980606304570201e-05
paper_0.99,90,211228.33971756187,213689.95098580376,2461.6112682418898,1.4774231093647785,1.3567126252639048,0.12071048410087371,4.1298436812775322e-06,2.6717009605667941e-05
paper_0.99,91,213689.95098580376,216151.54782358429,2461.5968377805257,1.4774231093647785,1.3567167482409961,0.12070636112378241,5.8622015385906774e-06,3.4155915469998644e-05
paper_0.99,92,216151.54782358429,218613.15626214058,2461.6084385562863,1.4774230310967682,1.3567130349096983,0.1207099961870699,4.7127033893406387e-06,3.0114927280099975e-05
paper_0.99,93,218613.15626214058,221074.76300297998,2461.606740839401,1.4774231117112802,1.3567181436008904,0.12070496811038978,6.8967787835584198e-07,4.1654186388445264e-05
paper_0.99,94,221074.76300297998,223536.3641051939,2461.6011022139282,1.4774231117112802,1.3567158525474494,0.12070725916383074,2.2906280598099464e-06,1.898060599184461e-05
paper_0.99,95,223536.3641051939,225997.9753734362,2461.6112682422972,1.4774231093647767,1.3567126252638966,0.12071048410088014,4.1298439295636092e-06,2.6717009993817682e-05
paper_0.99,96,225997.9753734362,228459.57221121667,2461.5968377804675,1.4774231093647767,1.3567167482410594,0.12070636112371735,5.8622017277590105e-06,3.41559160623096e-05
paper_0.99,97,228459.57221121667,230921.18064977243,2461.6084385557624,1.4774230310967689,1.3567130349097176,0.12070999618705125,4.7127032001703379e-06,3.0114927664580803e-05
paper_0.99,98,230921.18064977243,233382.78739061271,2461.6067408402741,1.4774231117112799,1.3567181436009108,0.12070496811036913,6.8967731084742809e-07,4.1654186405007096e-05
paper_0.99,99,233382.78739061271,235844.38849282631,2461.6011022136081,1.4774231117112799,1.3567158525475951,0.12070725916368485,2.2906285445563638e-06,1.8980604954333336e-05
paper_0.99,100,235844.38849282631,238305.99976106847,2461.6112682421517,1.4774231093647761,1.356712625263907,0.12071048410086904,4.1298440005029277e-06,2.6717011110444584e-05
n_plus_1pct,1,612.18993842456609,1409.1515584569504,796.9616200323843,1.4684262634930227,1.4680765911721436,0.00034967232087912414,,
n_plus_1pct,2,1409.1515584569504,2206.6461583149553,797.4945998580049,1.468459292131681,1.4680447563640142,0.00041453576766681266,0.00066876473373829839,0.1854978015549327
n_plus_1pct,3,2206.6461583149553,3003.6525228321862,797.00636451723085,1.4684982648339455,1.4680069500608444,0.00049131477310115912,0.00061221146934535336,0.18521684115822393
n_plus_1pct,4,3003.6525228321862,3801.0733248739598,797.42080204177364,1.4685441834607411,1.4679615558686407,0.00058262759210037096,0.00051999274158096259,0.18585400643023411
n_plus_1pct,5,3801.0733248739598,4598.6276188693973,797.55429399543755,1.4685980689746989,1.4679076148369741,0.00069045413772483855,0.00016740465425795753,0.18506941155284659
n_plus_1pct,6,4598.6276188693973,5396.2690312504155,797.6414123810182,1.4686617215325326,1.4678428947861362,0.00081882674639643938,0.00010923191842429033,0.1859248886459135
n_plus_1pct,7,5396.2690312504155,6194.4298609825619,798.16082973214634,1.4687364478483464,1.4677656768662126,0.0009707709821338284,0.00065119155433221757,0.18556335196191112
n_plus_1pct,8,6194.4298609825619,6992.7863127423652,798.35645175980335,1.4688239656848268,1.4676730775194118,0.0011508881654149761,0.00024509098964761001,0.18554034535028685
n_plus_1pct,9,6992.7863127423652,7791.5571349510656,798.77082220870034,1.4689263013267035,1.4675619030905256,0.001364398236177955,0.00051902937338778841,0.18551765252186211
n_plus_1pct,10,7791.5571349510656,8591.3714136343315,799.81427868326591,1.4690458624422635,1.4674280685301686,0.0016177939120949336,0.0013063277294985401,0.18571973284486781
n_plus_1pct,11,8591.3714136343315,9392.1472678164246,800.7758541820931,1.4691849539968909,1.4672663474610044,0.0019186065358864912,0.0012022484774968372,0.18594001469694346
n_plus_1pct,12,9392.1472678164246,10194.431340118175,802.28407230175071,1.4693461146134537,1.4670707461024193,0.0022753685110343813,0.0018834460502035197,0.18594848316986912
n_plus_1pct,13,10194.431340118175,10998.955033049138,804.52369293096308,1.4695326695747881,1.4668325446788695,0.002700124895918643,0.0027915556428621383,0.18667586495304345
n_plus_1pct,14,10998.955033049138,11806.534734148679,807.57970109954113,1.4697468812621508,1.4665411783416407,0.003205702920510145,0.0037985309760669595,0.18724245880466692
n_plus_1pct,15,11806.534734148679,12618.541448735032,812.00671458635225,1.4699921284311832,1.4661827856180203,0.0038093428131629192,0.0054818285808615839,0.18830188187142211
n_plus_1pct,16,12618.541448735032,13436.58799146508,818.0465427300478,1.470270875744307,1.46573890822339,0.0045319675209170018,0.0074381504921081009,0.18969799863039449
n_plus_1pct,17,13436.58799146508,14263.292764602849,826.70477313776973,1.4705852508337147,1.4651847512917793,0.005400499541935444,0.010584031537896388,0.19164568523710487
n_plus_1pct,18,14263.292764602849,15102.137246140346,838.8444815374969,1.4709372632738809,1.4644860913813449,0.0064511718925359673,0.014684454226205484,0.19455095634060193
n_plus_1pct,19,15102.137246140346,15958.009209476571,855.87196333622524,1.4713270314656537,1.4635959476721365,0.0077310837935171683,0.020298734954444821,0.19839990660643603
n_plus_1pct,20,15958.009209476571,16837.700429257009,879.69121978043768,1.4717537083581105,1.462446272796829,0.0093074355612814408,0.027830396910495783,0.20389790226903351
n_plus_1pct,21,16837.700429257009,17750.332250056555,912.6318207995464,1.4722142086547076,1.4609443115023049,0.011269897152402786,0.037445640331991013,0.210848796986047
n_plus_1pct,22,17750.332250056555,18707.953017896525,957.62076783996963,1.4727032645573093,1.4589617556758161,0.01374150888149317,0.049295834327811316,0.21931093919197184
n_plus_1pct,23,18707.953017896525,19725.414364725035,1017.4613468285097,1.4732128119708507,1.4563277092144837,0.01688510275636701,0.062488806632209737,0.22876628047066788
n_plus_1pct,24,19725.414364725035,20819.705768942724,1094.291404217689,1.4737320546008972,1.4528357868546158,0.020896267746281394,0.07551152447084436,0.23755644533474099
n_plus_1pct,25,20819.705768942724,22008.383255461671,1188.6774865189473,1.4742489759455439,1.4482700075283801,0.02597896841716385,0.086253151525699026,0.24323485574532566
n_plus_1pct,26,22008.383255461671,23307.974700280203,1299.5914448185322,1.474750028286691,1.4424470987981481,0.032302929488542853,0.093308706152412671,0.24342618112583994
n_plus_1pct,27,23307.974700280203,24732.373783917104,1424.3990836369012,1.475221846534523,1.4352813992190265,0.039940447315496508,0.09603605757484536,0.23643421658281849
n_plus_1pct,28,24732.373783917104,26291.459550691005,1559.0857667739001,1.4756522789170607,1.426856722539914,0.04879555637714672,0.094556844836704762,0.2217078089211714
n_plus_1pct,29,26291.459550691005,27989.502288421121,1698.0427377301166,1.4760319458363185,1.4174701827063407,0.05856176312997774,0.089127214113274747,0.20014541236802041
n_plus_1pct,30,27989.502288421121,29824.168025947907,1834.665737526786,1.4763554754866006,1.4076292444756071,0.06872623101099351,0.08045910551067878,0.17356833773012861
n_plus_1pct,31,29824.168025947907,31786.407421433989,1962.2393954860818,1.4766215086127676,1.39795923087989,0.078662277732877595,0.069535095875977379,0.14457429973563812
n_plus_1pct,32,31786.407421433989,33861.700046551792,2075.2926251178033,1.4768330325328156,1.3890439496225593,0.087789082910256333,0.057614391950232033,0.11602518310455825
n_plus_1pct,33,33861.700046551792,36032.272896557246,2170.5728500054538,1.4769961221286552,1.3813182036596618,0.095677918468993317,0.045911706009287241,0.089861236696155727
n_plus_1pct,34,36032.272896557246,38279.586669790689,2247.3137732334435,1.4771184298892039,1.3749656967487141,0.10215273314048989,0.035355147479982932,0.067673030257184075
n_plus_1pct,35,38279.586669790689,40586.311091422664,2306.7244216319741,1.4772080666295779,1.3699747822559738,0.10723328437360413,0.026436294346672537,0.049734853654155239
n_plus_1pct,36,40586.311091422664,42937.613225142573,2351.3021337199098,1.4772725352202711,1.3661906784257698,0.11108185679450133,0.019325113858376531,0.035889718788139076
n_plus_1pct,37,42937.613225142573,45321.531588516562,2383.9183633739885,1.4773184453281429,1.3634091053861963,0.11390933994194663,0.013871560437227957,0.025454050094571891
n_plus_1pct,38,45321.531588516562,47728.855289232182,2407.3237007156204,1.4773506530204727,1.3613978644577158,0.11595278856275693,0.0098180112629804844,0.017939254339036023
n_plus_1pct,39,47728.855289232182,50152.753334645444,2423.8980454132616,1.4773730755190968,1.3599758856276207,0.11739718989147607,0.0068849671910404843,0.012456805451792962
n_plus_1pct,40,50152.753334645444,52588.286693242437,2435.5333585969929,1.4773886765442503,1.3589703764494101,0.11841830009484022,0.0048002485936852112,0.008697910097405925
n_plus_1pct,41,52588.286693242437,55031.909111388217,2443.6224181457801,1.4773994309240439,1.3582722862583674,0.11912714466567653,0.0033212682225165469,0.0059859377331763861
n_plus_1pct,42,55031.909111388217,57481.136497038766,2449.227385650549,1.4774068069440529,1.3577868709450704,0.11961993599898246,0.0022937125896159982,0.0041366838321267698
n_plus_1pct,43,57481.136497038766,59934.237479016316,2453.10098197755,1.477411862324469,1.3574504194209727,0.11996144290349631,0.0015815584741929198,0.0028549330148174394
n_plus_1pct,44,59934.237479016316,62390.008999334736,2455.7715203184198,1.4774153055980379,1.357218735996198,0.12019656960183989,0.0010886377529868297,0.0019600189248534516
n_plus_1pct,45,62390.008999334736,64847.609779529499,2457.6007801947635,1.4774178655049903,1.3570650998517892,0.12035276565320108,0.00074488194899602366,0.0012995050680614389
n_plus_1pct,46,64847.609779529499,67306.459995048848,2458.8502155193491,1.4774194472073028,1.356954673994528,0.12046477321277482,0.00050839637367246855,0.00093066045442194315
n_plus_1pct,47,67306.459995048848,69766.189824108544,2459.7298290596955,1.4774204782071672,1.3568764441210628,0.12054403408610437,0.00035773368169989895,0.00065795893036338631
n_plus_1pct,48,69766.189824108544,72226.497169580383,2460.3073454718397,1.4774214005299018,1.3568297094365558,0.120591691093346,0.00023478855495481403,0.00039534936426293115
n_plus_1pct,49,72226.497169580383,74687.21657911579,2460.7194095354062,1.4774219174546683,1.3567910296542913,0.12063088780037701,0.00016748479181875469,0.00032503654833621623
n_plus_1pct,50,74687.21657911579,77148.216986361193,2461.000407245403,1.4774221965078997,1.3567664275995963,0.12065576890830343,0.00011419331635618521,0.00020625818461682925
n_plus_1pct,51,77148.216986361193,79609.41246936869,2461.1954830074974,1.4774225668822654,1.3567485769174319,0.12067398996483347,7.9266854861148107e-05,0.00015101686968561846
n_plus_1pct,52,79609.41246936869,82070.724966743801,2461.312497375111,1.4774226595185223,1.3567413541200171,0.12068130539850519,4.7543711347383343e-05,6.0621461790144109e-05
n_plus_1pct,53,82070.724966743801,84532.137827770435,2461.4128610266343,1.4774227238769191,1.3567299370447921,0.12069278683212703,4.0776476627978077e-05,9.5138460625092996e-05
n_plus_1pct,54,84532.137827770435,86993.612606544571,2461.4747787741362,1.4774229375959067,1.3567297579422539,0.12069317965365278,2.5155368480540316e-05,3.2547224739985545e-06
n_plus_1pct,55,86993.612606544571,89455.119664532584,2461.5070579880121,1.4774229375959067,1.356724090666207,0.12069884692969968,1.3113769905031118e-05,4.6956058852353074e-05
n_plus_1pct,56,89455.119664532584,91916.665180603377,2461.5455160707934,1.4774229117490001,1.3567184706494557,0.12070444109954437,1.562379545347499e-05,4.6348163110040412e-05
n_plus_1pct,57,91916.665180603377,94378.229580034793,2461.5643994314159,1.4774230559096027,1.3567218808096739,0.12070117509992873,7.6713432675863815e-06,2.7057824765114503e-05
n_plus_1pct,58,94378.229580034793,96839.799194008301,2461.5696139735082,1.4774230559096027,1.3567185135397783,0.12070454236982431,2.1183854029958572e-06,2.7897573431198634e-05
n_plus_1pct,59,96839.799194008301,99301.385559005357,2461.5863649970561,1.4774229990729937,1.35671487694402,0.12070812212897364,6.8050171942123194e-06,2.9657203275435412e-05
n_plus_1pct,60,99301.385559005357,101762.98337153539,2461.5978125300317,1.4774230906292916,1.3567138322322752,0.12070925839701641,4.650469769560262e-06,9.4133519992405053e-06
n_plus_1pct,61,101762.98337153539,104224.57053570947,2461.5871641740814,1.4774230906292916,1.3567176415718343,0.12070544905745728,4.3257903041877369e-06,3.1557973346131345e-05
n_plus_1pct,62,104224.57053570947,106686.17198770317,2461.6014519937016,1.4774230202760681,1.3567136174664829,0.1207094028095852,5.8043118798174843e-06,3.275537400166958e-05
n_plus_1pct,63,106686.17198770317,109147.77548146085,2461.6034937576769,1.4774231063997487,1.356718561521044,0.12070454487870474,8.2944538955781287e-07,4.024484230210523e-05
n_plus_1pct,64,109147.77548146085,111609.37122374465,2461.5957422837964,1.4774231063997487,1.3567163275971603,0.1207067788025884,3.1489530706899546e-06,1.8507371747263161e-05
n_plus_1pct,65,111609.37122374465,114070.9766782831,2461.6054545384541,1.477423029975315,1.3567132556086248,0.12070977436669028,3.9455116414168681e-06,2.4816867218212251e-05
n_plus_1pct,66,114070.9766782831,116532.58413475435,2461.6074564712471,1.4774231102487827,1.3567183245981658,0.12070478565061693,8.1326306349097731e-07,4.1328186549302835e-05
n_plus_1pct,67,116532.58413475435,118994.18148927056,2461.5973545162124,1.4774231102487827,1.3567163277740977,0.12070678247468503,4.1038042065615869e-06,1.6543039758800504e-05
n_plus_1pct,68,118994.18148927056,121455.78971302215,2461.6082237515948,1.4774230285887411,1.3567130737089561,0.12070995487978498,4.4155212315588181e-06,2.6281912539708709e-05
n_plus_1pct,69,121455.78971302215,123917.39509582742,2461.6053828052682,1.4774231104074933,1.3567181522643992,0.12070495814309412,1.1541017369062228e-06,4.1394570115037892e-05
n_plus_1pct,70,123917.39509582742,126378.99628685365,2461.6011910262314,1.4774231104074933,1.3567157304750024,0.12070737993249092,1.7028639383280754e-06,2.0063711002901626e-05
n_plus_1pct,71,126378.99628685365,128840.60746455981,2461.6111777061597,1.4774231088370358,1.356712648484087,0.12071046035294875,4.0569853332324109e-06,2.5519735906343724e-05
n_plus_1pct,72,128840.60746455981,131302.20407285844,2461.596608298627,1.4774231088370358,1.3567167879696114,0.12070632086742439,5.918646967741885e-06,3.4292682773750484e-05
n_plus_1pct,73,131302.20407285844,133763.81224333978,2461.6081704813405,1.4774230314063668,1.3567130506759535,0.12070998073041328,4.6970257736600524e-06,3.0320392193143759e-05
n_plus_1pct,74,133763.81224333978,136225.41929107541,2461.6070477356261,1.4774231118389525,1.3567181607732737,0.1207049510656788,4.5610252998293354e-07,4.1667347671211833e-05
n_plus_1pct,75,136225.41929107541,138687.01838247126,2461.5990913958522,1.4774231118389525,1.3567159221059586,0.12070718973299388,3.2321729746726519e-06,1.8546607204717759e-05
n_plus_1pct,76,138687.01838247126,141148.63304941624,2461.6146669449809,1.477423099997057,1.356713167246667,0.12070993275038999,6.3274109838357372e-06,2.2724556856798836e-05
n_plus_1pct,77,141148.63304941624,143610.22809310944,2461.5950436932035,1.477423099997057,1.3567174004801901,0.12070569951686694,7.9716992431349181e-06,3.5069471306955918e-05
n_plus_1pct,78,143610.22809310944,146071.84273931713,2461.6146462076867,1.477423052842576,1.3567134009424657,0.12070965190011029,7.9633384595449991e-06,3.2743965356854901e-05
n_plus_1pct,79,146071.84273931713,148533.43824651561,2461.595507198479,1.4774230713124019,1.3567177246511155,0.12070534666128641,7.7749818547777581e-06,3.5666069416304912e-05
n_plus_1pct,80,148533.43824651561,150995.04654587319,2461.6082993575837,1.4774230713124019,1.3567138112242503,0.12070926008815164,5.1966942039467753e-06,3.2421321618945567e-05
n_plus_1pct,81,150995.04654587319,153456.65297375017,2461.6064278769772,1.4774231114888821,1.3567181337195837,0.12070497776929834,7.6026742637516386e-07,3.5476307701430047e-05
n_plus_1pct,82,153456.65297375017,155918.25423701579,2461.6012632656202,1.4774231114888821,1.356715798578757,0.12070731291012504,2.0980654334274024e-06,1.9345853583327178e-05
n_plus_1pct,83,155918.25423701579,158379.86550418907,2461.6112671732844,1.4774231093685377,1.3567126251599984,0.12071048420853936,4.0639838033483543e-06,2.6272628707082091e-05
n_plus_1pct,84,158379.86550418907,160841.46234337759,2461.5968391885108,1.4774231093685377,1.3567167478662063,0.12070636150233138,5.8611954560213617e-06,3.4153671365064646e-05
n_plus_1pct,85,160841.46234337759,163303.07078424148,2461.6084408638999,1.4774230310911012,1.3567130348028476,0.12070999628825363,4.7130688520571602e-06,3.0112629334586518e-05
n_plus_1pct,86,163303.07078424148,165764.67752066435,2461.6067364228657,1.4774231117084966,1.3567181434471749,0.12070496826132171,6.9240948557882253e-07,4.165377422357234e-05
n_plus_1pct,87,165764.67752066435,168226.27862545787,2461.6011047935172,1.4774231117084966,1.3567158517472131,0.12070725996128351,2.2877859672595054e-06,1.8985962175449973e-05
n_plus_1pct,88,168226.27862545787,170687.8898934258,2461.6112679679354,1.4774231093655814,1.3567126252434205,0.1207104841221609,4.1286845372615173e-06,2.6710579615716554e-05
n_plus_1pct,89,170687.8898934258,173149.48673150036,2461.5968380745617,1.4774231093655814,1.3567167481585809,0.12070636120700051,5.8619707999860052e-06,3.4155402410736366e-05
n_plus_1pct,90,173149.48673150036,175611.09517056029,2461.6084390599281,1.4774230310954606,1.3567130348870062,0.12070999620845435,4.7127885391092775e-06,3.0114414994294978e-05
n_plus_1pct,91,175611.09517056029,178072.70191039421,2461.6067398339219,1.4774231117106398,1.3567181435672111,0.12070496814342868,6.9029094116037907e-07,4.1654089831852634e-05
n_plus_1pct,92,178072.70191039421,180534.3030131821,2461.6011027878849,1.4774231117106398,1.356715852367842,0.1207072593427978,2.2899864327594841e-06,1.8981814952284201e-05
n_plus_1pct,93,180534.3030131821,182995.91428135638,2461.6112681742816,1.4774231093649537,1.3567126252596995,0.1207104841052542,4.1295831339936695e-06,2.6715563537414528e-05
n_plus_1pct,94,182995.91428135638,185457.51111920027,2461.5968378438847,1.4774231093649537,1.3567167482225639,0.12070636114238975,5.8621483348852777e-06,3.4155797609552198e-05
n_plus_1pct,95,185457.51111920027,187919.11955786834,2461.6084386680741,1.477423031096466,1.3567130349047669,0.12070999619169909,4.7127230629421571e-06,3.0114811472513733e-05
n_plus_1pct,96,187919.11955786834,190380.72629847794,2461.6067406095972,1.4774231117111327,1.3567181435933935,0.12070496811773923,6.8981664599069701e-07,4.1654163851278782e-05
n_plus_1pct,97,190380.72629847794,192842.32740082097,2461.6011023430328,1.4774231117111327,1.3567158525067993,0.12070725920433345,2.2904822575155032e-06,1.8980880654262707e-05
n_plus_1pct,98,192842.32740082097,195303.93866904714,2461.6112682261737,1.4774231093648158,1.3567126252630139,0.12071048410180185,4.1297849319270618e-06,2.6716682075782657e-05
n_plus_1pct,99,195303.93866904714,197765.53550684138,2461.5968377942336,1.4774231093648158,1.3567167482369134,0.12070636112790245,5.8621895854927862e-06,3.4155889027201053e-05
n_plus_1pct,100,197765.53550684138,200227.14394542255,2461.60843858117,1.4774230310966987,1.3567130349086103,0.12070999618808842,4.7127079294042762e-06,3.0114901584328123e-05
n_plus_1pct,101,200227.14394542255,202688.75068620985,2461.6067407873052,1.4774231117112469,1.3567181435992124,0.12070496811203446,6.8970915043518233e-07,4.1654181200737274e-05
n_plus_1pct,102,202688.75068620985,205150.35178845277,2461.6011022429157,1.4774231117112469,1.3567158525383081,0.12070725917293879,2.290595120692996e-06,1.8980667823036486e-05
n_plus_1pct,103,205150.35178845277,207611.96305669114,2461.6112682383682,1.4774231093647849,1.3567126252637274,0.12071048410105756,4.129830557554663e-06,2.6716936005911643e-05
n_plus_1pct,104,207611.96305669114,210073.5598944744,2461.5968377832614,1.4774231093647849,1.3567167482401536,0.12070636112463129,5.8621989966365585e-06,3.4155909960701944e-05
n_plus_1pct,105,210073.5598944744,212535.16833303569,2461.6084385612921,1.4774230310967535,1.3567130349094729,0.12070999618728062,4.7127043115411582e-06,3.0114921993040098e-05
n_plus_1pct,106,212535.16833303569,214996.77507386447,2461.6067408287781,1.4774231117112726,1.356718143600546,0.12070496811072662,6.8968422735646206e-07,4.1654185343543293e-05
n_plus_1pct,107,214996.77507386447,217458.37617608419,2461.6011022197199,1.4774231117112726,1.3567158525455874,0.12070725916568525,2.2906213915896445e-06,1.8980618565216736e-05
n_plus_1pct,108,217458.37617608419,219919.98744432555,2461.6112682413659,1.4774231093647798,1.3567126252638726,0.12071048410090723,4.1298411984108046e-06,2.6716994854076638e-05
n_plus_1pct,109,219919.98744432555,222381.58428210666,2461.5968377811078,1.4774231093647798,1.3567167482408471,0.12070636112393274,5.8622010893148316e-06,3.415591450242231e-05
n_plus_1pct,110,222381.58428210666,224843.1927206642,2461.6084385575377,1.4774230310967638,1.3567130349096501,0.12070999618711364,4.712703661271991e-06,3.0114926397081578e-05
n_plus_1pct,111,224843.1927206642,227304.79946150046,2461.6067408362578,1.4774231117112786,1.3567181436007867,0.12070496811049192,6.8967966364283846e-07,4.1654185904644792e-05
n_plus_1pct,112,227304.79946150046,229766.40056371639,2461.6011022159364,1.4774231117112786,1.3567158525468863,0.12070725916439229,2.2906259671236105e-06,1.8980609797888025e-05
n_plus_1pct,113,229766.40056371639,232228.01183195802,2461.6112682416278,1.4774231093647787,1.3567126252638781,0.12071048410090057,4.129842841832257e-06,2.6717005510759172e-05
n_plus_1pct,114,232228.01183195802,234689.60866973881,2461.5968377807876,1.4774231093647787,1.3567167482409226,0.12070636112385613,5.8622013257758356e-06,3.4155915081860615e-05
n_plus_1pct,115,234689.60866973881,237151.21710829539,2461.6084385565773,1.4774230310967671,1.3567130349096803,0.12070999618708678,4.7127034011632874e-06,3.0114926809158438e-05
q_plus_1pct,1,501.96452257344686,1302.8667599921059,800.90223741865907,1.4683166515377304,1.4681811127085242,0.0001355388292061388,,
q_plus_1pct,2,1302.8667599921059,2099.9922174016515,797.12545740954556,1.4683296227993539,1.4681685461463017,0.00016107665305220564,0.0047156567089714045,0.18841703145617986
q_plus_1pct,3,2099.9922174016515,2897.070975706104,797.07875830445255,1.4683450299983487,1.4681540493874483,0.00019098061090039309,5.8584385505353294e-05,0.18565047933107626
q_plus_1pct,4,2897.070975706104,3694.1611206566959,797.09014495059182,1.4683632578598389,1.468136832154993,0.00022642570484587843,1.4285471818987444e-05,0.18559524853531811
q_plus_1pct,5,3694.1611206566959,4491.2691625252401,797.10804186854421,1.4683848125273502,1.4681163670019768,0.00026844552537341748,2.2452815488634646e-05,0.1855788438690773
q_plus_1pct,6,4491.2691625252401,5288.4038911181324,797.13472859289232,1.4684102839266437,1.4680920278542426,0.00031825607240110187,3.3479431829030788e-05,0.1855517873072986
q_plus_1pct,7,5288.4038911181324,6085.6747184345113,797.27082731637893,1.4684403108258093,1.4680630568002446,0.00037725402556465504,0.00017073490666609642,0.18537887657080537
q_plus_1pct,8,6085.6747184345113,6883.072892634058,797.3981741995467,1.4684759879178242,1.468028622517525,0.00044736540029921557,0.00015972851232551108,0.18584659137731219
q_plus_1pct,9,6883.072892634058,7680.3774764800319,797.30458384597387,1.4685176861844815,1.4679875124917379,0.00053017369274366288,0.0001173696612320246,0.18510213885352303
q_plus_1pct,10,7680.3774764800319,8477.8441654338949,797.46668895386301,1.4685672456504424,1.4679385389447213,0.00062870670572112708,0.000203316412790702,0.18585043793394057
q_plus_1pct,11,8477.8441654338949,9275.2061908683863,797.36202543449144,1.4686253793273212,1.4678799888497278,0.00074539047759336619,0.00013124500473978468,0.18559333121539195
q_plus_1pct,12,9275.2061908683863,10073.033685369843,797.82749450145639,1.4686936561226576,1.4678100448085136,0.00088361131414393945,0.00058376126792758075,0.18543413245208781
q_plus_1pct,13,10073.033685369843,10871.249734814257,798.21604944441424,1.4687739451350152,1.4677263915481182,0.0010475535868970098,0.00048701623550922123,0.18553663825807956
q_plus_1pct,14,10871.249734814257,11669.772940560493,798.52320574623627,1.4688677847363545,1.4676259201381725,0.0012418645981819854,0.00038480346522200905,0.18549028299406625
q_plus_1pct,15,11669.772940560493,12469.009760626321,799.23682006582749,1.4689775464962589,1.4675050329154948,0.0014725135807640566,0.00089366760346598607,0.18572796335423958
q_plus_1pct,16,12469.009760626321,13269.245735501516,800.2359748751951,1.4691055640843473,1.467359517427637,0.0017460466567102984,0.0012501361102023763,0.18575928909552819
q_plus_1pct,17,13269.245735501516,14070.578664938024,801.33292943650849,1.4692542207326758,1.4671835013719836,0.0020707193606921415,0.0013707888619784647,0.18594732433642658
q_plus_1pct,18,14070.578664938024,14873.812691116442,803.23402617841748,1.4694262983664963,1.4669696905467664,0.0024566078197298946,0.0023724180949930809,0.18635478392821386
q_plus_1pct,19,14873.812691116442,15679.579559672364,805.76686855592197,1.4696248990720528,1.4667096054919668,0.0029152935800860202,0.003153305630682893,0.18671509415229265
q_plus_1pct,20,15679.579559672364,16488.959039320649,809.37947964828527,1.4698527173881619,1.4663898143876728,0.0034629030004891259,0.0044834445710553216,0.18784023130423372
q_plus_1pct,21,16488.959039320649,17303.43397966426,814.4749403436108,1.4701126030753089,1.4659960907158109,0.004116512359497948,0.0062955150500476655,0.18874607776091376
q_plus_1pct,22,17303.43397966426,18125.013080723129,821.57910105886913,1.470406999999412,1.4655069387703878,0.0049000612290241996,0.0087223809639388368,0.19034289250180061
q_plus_1pct,23,18125.013080723129,18956.624814436746,831.61173371361656,1.4707380473294493,1.4648924589368353,0.005845588392614065,0.012211401971906484,0.19296231606031547
q_plus_1pct,24,18956.624814436746,19802.40543064431,845.78061620756489,1.4711070076443391,1.4641152125239982,0.0069917951203408713,0.017037857836223955,0.19608064248503113
q_plus_1pct,25,19802.40543064431,20667.950389634902,865.54495899059111,1.471513436356799,1.4631184771856263,0.0083949591711727223,0.023368167116017011,0.20068723792402007
q_plus_1pct,26,20667.950389634902,21561.07725010681,893.126860471908,1.4719559129049529,1.4618242835200517,0.010131629384901197,0.031866515072172835,0.20687059678526981
q_plus_1pct,27,21561.07725010681,22492.197098149369,931.11984804255917,1.4724300142649767,1.4601258469569671,0.012304167308009539,0.042539295650089994,0.2144312469962627
q_plus_1pct,28,22492.197098149369,23474.607039058148,982.40994090877939,1.4729293739546863,1.4578747894090478,0.015054584545638461,0.055084308399229696,0.22353542249368683
q_plus_1pct,29,23474.607039058148,24524.274216406619,1049.6671773484704,1.4734446557835501,1.4548838783628144,0.018560777420735697,0.068461477881091734,0.2328986804297454
q_plus_1pct,30,24524.274216406619,25658.654975285575,1134.3807588789568,1.4739644364727127,1.4509387192006584,0.023025717272054269,0.080705182898524644,0.2405578037011768
q_plus_1pct,31,25658.654975285575,26895.05131178131,1236.3963364957344,1.4744758837267269,1.4458287679378794,0.028647115788847488,0.089930631155621596,0.24413565277359539
q_plus_1pct,32,26895.05131178131,28248.984766687467,1353.9334549061568,1.4749655465111906,1.4394063624976612,0.035559184013529421,0.095064272629238666,0.24128321593103788
q_plus_1pct,33,28248.984766687467,29732.735619251471,1483.7508525640042,1.4754201665360196,1.4316555889838529,0.043764577552166672,0.09588166773443467,0.23075314482793796
q_plus_1pct,34,29732.735619251471,31353.856645759919,1621.1210265084483,1.4758288837211262,1.4227485622287306,0.05308032149239561,0.092583046343030426,0.21286036473503533
q_plus_1pct,35,31353.856645759919,33113.747111538119,1759.8904657782005,1.4761838403580914,1.4130838070756115,0.063100033282479817,0.08560091257876791,0.18876509238022701
q_plus_1pct,36,33113.747111538119,35006.991970352741,1893.2448588146217,1.4764815130813886,1.4032393141718127,0.073242198909575951,0.075774257335642581,0.16073154164107517
q_plus_1pct,37,35006.991970352741,37021.868223396013,2014.8762530432723,1.4767225780824427,1.3938468583264267,0.082875719756015931,0.064244935705149706,0.13152965080053677
q_plus_1pct,38,37021.868223396013,39142.102199932946,2120.2339765369325,1.4769115911829793,1.3854213629517647,0.091490228231214665,0.052289922686084414,0.10394490087759882
q_plus_1pct,39,39142.102199932946,41349.270801777187,2207.1686018442415,1.477055366728568,1.3782990742668684,0.098756292461699591,0.041002373449982636,0.079419019615101227
q_plus_1pct,40,41349.270801777187,43625.191029018628,2275.9202272414404,1.4771621091155034,1.3725682992862385,0.10459380982926492,0.031149240406805456,0.059110333347409491
q_plus_1pct,41,43625.191029018628,45953.526351392349,2328.3353223737213,1.4772395879691929,1.3681453020786591,0.10909428589053372,0.023030286608863818,0.043028130140925262
q_plus_1pct,42,45953.526351392349,48320.732040003357,2367.2056886110076,1.4772949884925293,1.3648390372231545,0.1124559512693748,0.016694488059244963,0.030814312146597776
q_plus_1pct,43,48320.732040003357,50716.103050986247,2395.3710109828899,1.4773341841725289,1.3624253488554088,0.11490883531712015,0.011898130571158193,0.021811954103431671
q_plus_1pct,44,50716.103050986247,53131.575341348056,2415.4722903618094,1.477361713701808,1.3606986662487737,0.11666304745303435,0.0083917185633266209,0.015266120582225092
q_plus_1pct,45,53131.575341348056,55561.195480276452,2429.620138928396,1.4773806668025384,1.3594825932559598,0.11789807354657866,0.0058571769268640356,0.010586266350032578
q_plus_1pct,46,55561.195480276452,58000.711610989318,2439.5161307128656,1.4773939309452262,1.3586239065632473,0.11877002438197892,0.004073061309425194,0.007395802231287287
q_plus_1pct,47,58000.711610989318,60447.100833384291,2446.3892223949733,1.4774030413198671,1.3580309886798605,0.11937205264000661,0.0028173995636172912,0.0050688569035861313
q_plus_1pct,48,60447.100833384291,62898.242401691925,2451.1415683076339,1.4774092768449214,1.357619806410159,0.1197894704347624,0.0019425959978715344,0.003496779903874233
q_plus_1pct,49,62898.242401691925,65352.663034399826,2454.4206327079009,1.4774135452699768,1.3573355031137961,0.12007804215618068,0.0013377703037083597,0.0024089907098757105
q_plus_1pct,50,65352.663034399826,67809.340341196264,2456.6773067964386,1.4774166381997063,1.3571455033164896,0.12027113488321661,0.00091943249598906804,0.0016080602545533625
q_plus_1pct,51,67809.340341196264,70267.552535539959,2458.2121943436941,1.477418650278467,1.3570106580297872,0.12040799224867982,0.00062478191295584561,0.0011379069931957832
q_plus_1pct,52,70267.552535539959,72726.836920911592,2459.2843853716331,1.4774200358035992,1.3569151604645502,0.12050487533904897,0.00043616699583789564,0.00080462341875990303
q_plus_1pct,53,72726.836920911592,75186.852434070795,2460.0155131592037,1.477420919547159,1.3568516771961212,0.12056924235103783,0.00029729290029225378,0.0005341444635145494
q_plus_1pct,54,75186.852434070795,77647.375808874582,2460.5233748037863,1.4774216745906303,1.3568071332037512,0.1206145413868791,0.00020644652111578902,0.0003757097163253686
q_plus_1pct,55,77647.375808874582,80108.224103658955,2460.8482947843731,1.4774220818233812,1.3567821339238295,0.12063994789955168,0.00013205319807732625,0.00021064220267673686
q_plus_1pct,56,80108.224103658955,82569.323720411878,2461.0996167529229,1.4774222816312461,1.3567578782222813,0.12066440340896478,0.00010212818444859384,0.00020271485390116351
q_plus_1pct,57,82569.323720411878,85030.572919885759,2461.2491994738812,1.4774226314963894,1.3567483393268338,0.12067429216955561,6.0778816078819281e-05,8.1952591745804867e-05
q_plus_1pct,58,85030.572919885759,87491.936345567825,2461.363425682066,1.4774227541249987,1.3567352092796576,0.12068754484534105,4.6409850822607825e-05,0.00010982186468370447
q_plus_1pct,59,87491.936345567825,89953.380825991379,2461.4444804235536,1.4774227541249987,1.3567279946823259,0.12069475944267283,3.2930830385254669e-05,5.9779137449669252e-05
q_plus_1pct,60,89953.380825991379,92414.873517856046,2461.492691864667,1.4774229633310123,1.3567278639733165,0.12069509935769585,1.9586645767076055e-05,2.816319652877049e-06
q_plus_1pct,61,92414.873517856046,94876.397880662451,2461.5243628064054,1.4774229633310123,1.3567223532160231,0.12070061011498923,1.2866559321132875e-05,4.5658500823212073e-05
q_plus_1pct,62,94876.397880662451,97337.956552733376,2461.5586720709252,1.4774230394449659,1.3567172212927419,0.12070581815222403,1.3938218543861035e-05,4.3148391957948832e-05
q_plus_1pct,63,97337.956552733376,99799.516900966264,2461.5603482328879,1.4774230394449659,1.3567199680252038,0.12070307141976211,6.8093520649969262e-07,2.2755592928075888e-05
q_plus_1pct,64,99799.516900966264,102261.09987659863,2461.5829756323656,1.4774229854333216,1.3567152123553596,0.12070777307796199,9.1922993047421534e-06,3.8952266454998876e-05
q_plus_1pct,65,102261.09987659863,104722.69106136666,2461.5911847680254,1.4774230899714809,1.3567196587395203,0.12070343123196059,3.3349010539630709e-06,3.5969895647023317e-05
q_plus_1pct,66,104722.69106136666,107184.27805581289,2461.586994446232,1.4774230899714809,1.3567171273299852,0.12070596264149569,1.7022817677279628e-06,2.0972142293416885e-05
q_plus_1pct,67,107184.27805581289,109645.87806419887,2461.6000083859835,1.4774230171915843,1.3567137450410347,0.12070927215054961,5.2868087867325745e-06,2.7417941761058449e-05
q_plus_1pct,68,109645.87806419887,112107.48037695585,2461.6023127569788,1.4774231050237536,1.3567186469508048,0.12070445807294883,9.361273104531029e-07,3.98815891688472e-05
q_plus_1pct,69,112107.48037695585,114569.07547804585,2461.5951010900026,1.4774231050237536,1.3567163618739142,0.12070674314983942,2.9296637149081531e-06,1.8931172278779911e-05
q_plus_1pct,70,114569.07547804585,117030.68018686435,2461.6047088185005,1.4774230299308158,1.3567133108519767,0.1207097190788391,3.9030498938211978e-06,2.4654206732899488e-05
q_plus_1pct,71,117030.68018686435,119492.28797149914,2461.6077846347907,1.4774231094629824,1.3567127129631928,0.12071039649978954,1.2495167397110436e-06,5.6119834891108236e-06
q_plus_1pct,72,119492.28797149914,121953.88474503199,2461.596773532845,1.4774231094629824,1.3567164779757039,0.12070663148727845,4.47313419079176e-06,3.1190457659533451e-05
q_plus_1pct,73,121953.88474503199,124415.49328570903,2461.6085406770435,1.4774230270024713,1.3567130691857556,0.12070995781671567,4.7802890892001788e-06,2.7557139125169017e-05
q_plus_1pct,74,124415.49328570903,126877.09765268971,2461.6043669806822,1.4774231093234034,1.356718128055594,0.12070498126780937,1.6955158760138908e-06,4.1227327026785104e-05
q_plus_1pct,75,126877.09765268971,129338.69897847733,2461.6013257876184,1.4774231093234034,1.3567155993622355,0.12070750996116786,1.2354516040962203e-06,2.0949370373314939e-05
q_plus_1pct,76,129338.69897847733,131800.31064796195,2461.6116694846132,1.4774231074548878,1.3567126767517006,0.12071043070318721,4.2020195904443686e-06,2.4196854199807733e-05
q_plus_1pct,77,131800.31064796195,134261.90682875682,2461.596180794877,1.4774231074548878,1.3567169170385445,0.12070619041634334,6.2920930739141163e-06,3.5127758381519202e-05
q_plus_1pct,78,134261.90682875682,136723.51409179386,2461.6072630370327,1.4774230341588506,1.3567130940882584,0.12070994007059221,4.502055309535723e-06,3.1064307770307523e-05
q_plus_1pct,79,136723.51409179386,139185.12322302614,2461.6091312322824,1.4774231118414856,1.356712559351164,0.12071055249032159,7.5893310754785125e-07,5.0734821756614769e-06
q_plus_1pct,80,139185.12322302614,141646.72131259475,2461.598089568608,1.4774231118414856,1.3567163153884156,0.12070679645306992,4.4855470896296941e-06,3.111606379209287e-05
q_plus_1pct,81,141646.72131259475,144108.33046338276,2461.6091507880192,1.4774230289596202,1.3567130079422673,0.12071002101735284,4.4935115354846988e-06,2.6714024211352102e-05
q_plus_1pct,82,144108.33046338276,146569.93568972594,2461.6052263431775,1.4774231103846458,1.3567180938897394,0.12070501649490639,1.5942599337633795e-06,4.1459047097097913e-05
q_plus_1pct,83,146569.93568972594,149031.53733025043,2461.6016405244882,1.4774231103846458,1.3567156156701856,0.12070749471446018,1.4566993321847151e-06,2.0531205957762276e-05
q_plus_1pct,84,149031.53733025043,151493.14900286292,2461.6116726124892,1.4774231084238483,1.356712643741089,0.12071046468275926,4.0754311485136669e-06,2.460467186479996e-05
q_plus_1pct,85,151493.14900286292,153954.74553728793,2461.5965344250144,1.4774231084238483,1.3567168436779993,0.120706264745849,6.1497057570977309e-06,3.4793478107237994e-05
q_plus_1pct,86,153954.74553728793,156416.3533457935,2461.6078085055633,1.4774230329869864,1.3567130630113802,0.12070996997560623,4.5799871714291869e-06,3.0696250646436913e-05
q_plus_1pct,87,156416.3533457935,158877.96151003643,2461.6081642429344,1.4774231122068731,1.3567181845198737,0.12070492768699936,1.4451423573982449e-07,4.1771931580218731e-05
q_plus_1pct,88,158877.96151003643,161339.56017476012,2461.5986647236859,1.4774231122068731,1.3567161092798328,0.12070700292704029,3.8590704184695392e-06,1.7192670429356224e-05
q_plus_1pct,89,161339.56017476012,163801.16811315285,2461.6079383927281,1.4774230326507731,1.3567130564480028,0.12070997620277035,3.7673359085933044e-06,2.4632172599499232e-05
q_plus_1pct,90,163801.16811315285,166262.77601244871,2461.6078992958646,1.4774231121940002,1.3567181764094023,0.12070493578459796,1.5882652499172804e-08,4.1756434148660115e-05
q_plus_1pct,91,166262.77601244871,168724.37480860687,2461.5987961581559,1.4774231121940002,1.3567160578875519,0.12070705430644835,3.6980453756825552e-06,1.7551244583504059e-05
q_plus_1pct,92,168724.37480860687,171185.98228849386,2461.6074798869959,1.4774230341526537,1.3567130782121128,0.1207099559405409,3.5276783745271783e-06,2.4038645539217905e-05
q_plus_1pct,93,171185.98228849386,173647.59131073137,2461.609022237506,1.4774231120605703,1.3567182043071608,0.12070490775340947,6.2656232674678786e-07,4.1820801706825143e-05
q_plus_1pct,94,173647.59131073137,176109.18957115358,2461.5982604222081,1.4774231120605703,1.3567162700262745,0.12070684203429582,4.3718621440950586e-06,1.602487357268463e-05
q_plus_1pct,95,176109.18957115358,178570.79860167729,2461.6090305237158,1.4774230294912754,1.3567130104107714,0.12071001908050394,4.3752474483032567e-06,2.6320348992404981e-05
q_plus_1pct,96,178570.79860167729,181032.40417411845,2461.6055724411563,1.4774231107504987,1.356718102895087,0.12070500785541172,1.4048057659192115e-06,4.1514574601133671e-05
q_plus_1pct,97,181032.40417411845,183494.00576062594,2461.6015865074878,1.4774231107504987,1.3567156617461209,0.1207074490043778,1.6192414061254235e-06,2.0224090196866995e-05
q_plus_1pct,98,183494.00576062594,185955.61726526776,2461.6115046418272,1.4774231088714613,1.35671263458302,0.12071047428844128,4.0291387500519175e-06,2.5062944237808136e-05
q_plus_1pct,99,185955.61726526776,188417.21394105736,2461.5966757895949,1.4774231088714613,1.3567168007149277,0.1207063081565336,6.0240424633823081e-06,3.451342505476384e-05
q_plus_1pct,100,188417.21394105736,190878.82204646454,2461.6081054071838,1.4774230320995885,1.3567130492076234,0.12070998289196511,4.6431723365923576e-06,3.044360719521877e-05
q_plus_1pct,101,190878.82204646454,193340.42953877288,2461.6074923083361,1.4774231120874453,1.3567181656663341,0.12070494642111118,2.4906436013639096e-07,4.1723730989448009e-05
q_plus_1pct,102,193340.42953877288,195802.02851085324,2461.5989720803627,1.4774231120874453,1.3567159849488035,0.12070712713864173,3.4612455478674525e-06,1.8066513388318453e-05
q_plus_1pct,103,195802.02851085324,198263.63525769272,2461.6067468394758,1.4774230367657035,1.3567131183200412,0.12070991844566237,3.1584182481679609e-06,2.3124624757468454e-05
q_plus_1pct,104,198263.63525769272,200725.24620890137,2461.610951208655,1.4774231100536594,1.3567126091185711,0.12071050093508839,1.7079775982106294e-06,4.8255307726735284e-06
q_plus_1pct,105,200725.24620890137,203186.84330534094,2461.5970964395674,1.4774231100536594,1.3567166697833164,0.12070644027034305,5.6283341934381132e-06,3.3639697573004739e-05
q_plus_1pct,106,203186.84330534094,205648.45217464099,2461.6088693000493,1.4774230299308999,1.3567130167615904,0.12071001316930952,4.7826106469241422e-06,2.9599903356125308e-05
q_plus_1pct,107,205648.45217464099,208110.05805958313,2461.6058849421388,1.4774231110457783,1.3567181141785083,0.12070499686726999,1.2123607237863826e-06,4.1556635674398604e-05
q_plus_1pct,108,208110.05805958313,210571.65954946121,2461.601489878085,1.4774231110457783,1.3567157101144409,0.12070740093133736,1.7854458671508578e-06,1.9916856217787636e-05
q_plus_1pct,109,210571.65954946121,213033.27092697969,2461.6113775184785,1.4774231091504919,1.3567126292443017,0.12071047990619022,4.0167510599214133e-06,2.5507755357985289e-05
q_plus_1pct,110,213033.27092697969,215494.86769325615,2461.5967662764597,1.4774231091504919,1.3567167717639803,0.1207063373865116,5.9356412439084083e-06,3.4317813017043551e-05
q_plus_1pct,111,215494.86769325615,217956.47598698948,2461.6082937333267,1.4774230315329029,1.3567130409810169,0.12070999055188603,4.6829184312262342e-06,3.0264901193472457e-05
q_plus_1pct,112,217956.47598698948,220418.08305366943,2461.6070666799496,1.4774231119036083,1.3567181533012929,0.12070495860231545,4.9847629300024463e-07,4.1686272590789202e-05
q_plus_1pct,113,220418.08305366943,222879.68221490545,2461.5991612360231,1.4774231119036083,1.3567159091490113,0.12070720275459701,3.2114970880535351e-06,1.8592047149898783e-05
q_plus_1pct,114,222879.68221490545,225341.29694210819,2461.6147272027447,1.4774230998166267,1.3567131713150908,0.12070992850153583,6.3235180474338973e-06,2.2581477133281648e-05
q_plus_1pct,115,225341.29694210819,227802.89198888242,2461.5950467742223,1.4774230998166267,1.3567174089460967,0.12070569087052996,7.9949263810141389e-06,3.510590270810069e-05
q_plus_1pct,116,227802.89198888242,230264.50646584938,2461.6144769669627,1.4774230533820236,1.3567134095469029,0.12070964383512073,7.8933343507752805e-06,3.2748783941014574e-05
q_plus_1pct,117,230264.50646584938,232726.10219534204,2461.5957294926629,1.4774230721393913,1.3567177361477134,0.12070533599167788,7.6159262448127782e-06,3.5687649354151368e-05
q_plus_1pct,118,232726.10219534204,235187.71024513541,2461.6080497933726,1.4774230721393913,1.3567138315244311,0.12070924061496013,5.0050057213205599e-06,3.2348389987724856e-05
q_plus_1pct,119,235187.71024513541,237649.31714157402,2461.6068964386068,1.4774231118121548,1.3567181476670436,0.12070496414511123,4.6853712797378036e-07,3.5427858108629982e-05
s_plus_1pct,1,3320.9474315171624,6295.1548493378814,2974.207417820719,1.4783307811401423,1.3111199002742058,0.1672108808659365,,
s_plus_1pct,2,6295.1548493378814,9063.6639892534276,2768.5091399155463,1.4779806341871933,1.3296353199859787,0.14834531420121455,0.069160703679467431,0.11282499420505809
s_plus_1pct,3,9063.6639892534276,11719.420916939647,2655.7569276862196,1.4777815527695737,1.3396852988237646,0.13809625394580904,0.040726689539759373,0.069089207910563
s_plus_1pct,4,11719.420916939647,14307.546945244028,2588.1260283043812,1.4776591524900018,1.3456575185861501,0.13200163390385167,0.025465771613654639,0.044133130825902006
s_plus_1pct,5,14307.546945244028,16853.055174836885,2545.5082295928569,1.4775807106448444,1.3494018771384815,0.12817883350636294,0.016466662846185077,0.028960250600179718
s_plus_1pct,6,16853.055174836885,19370.931505656554,2517.8763308196685,1.477529295231967,1.3518223649951,0.12570693023686696,0.010855159866290423,0.019284800788683026
s_plus_1pct,7,19370.931505656554,21870.527127949517,2499.5956222929635,1.477494948812377,1.3534151468282822,0.12407980198409474,0.0072603679151922009,0.012943822983396868
s_plus_1pct,8,21870.527127949517,24357.907595537254,2487.3804675877363,1.4774720738483991,1.3544759988846158,0.12299607496378329,0.0048868523357477331,0.0087341130706379746
s_plus_1pct,9,24357.907595537254,26837.05832546113,2479.1507299238765,1.4774564138238147,1.3551904266247368,0.12226598719907789,0.0033085962405425885,0.0059358623022757262
s_plus_1pct,10,26837.05832546113,29310.628567620577,2473.5702421594469,1.477445796176031,1.3556747520458938,0.12177104413013717,0.0022509675176550941,0.0040480846740707033
s_plus_1pct,11,29310.628567620577,31780.411023034576,2469.7824554139988,1.4774386100920998,1.3560042643240835,0.12143434576801626,0.0015313034903513933,0.0027650117031195213
s_plus_1pct,12,31780.411023034576,34247.598854065654,2467.1878310310785,1.4774337625581,1.3562309819079104,0.12120278065018963,0.0010505477424672107,0.0019069161723735063
s_plus_1pct,13,34247.598854065654,36713.035687592957,2465.436833527303,1.4774303635490855,1.3563824138351517,0.12104794971393384,0.00070971390250567528,0.0012774536642245556
s_plus_1pct,14,36713.035687592957,39177.246432368491,2464.2107447755334,1.4774280871490113,1.3564907173030605,0.12093736984595083,0.00049731095726975082,0.00091352119754482277
s_plus_1pct,15,39177.246432368491,41640.648468209773,2463.4020358412818,1.4774264555924326,1.3565578802738938,0.12086857531853878,0.00032818172551442727,0.00056884424971100002
s_plus_1pct,16,41640.648468209773,44103.474351523342,2462.8258833135696,1.4774252927514269,1.3566116648912825,0.12081362786014438,0.00023388489549386435,0.00045460499761493901
s_plus_1pct,17,44103.474351523342,46565.92130126011,2462.4469497367681,1.4774246823574724,1.3566412203846006,0.12078346197287182,0.00015386129379624296,0.00024968944155439248
s_plus_1pct,18,46565.92130126011,49028.10426021149,2462.18295895138,1.4774240768341105,1.3566683277270994,0.12075574910701103,0.00010720668943401188,0.00022944255288037189
s_plus_1pct,19,49028.10426021149,51490.099264792974,2461.995004581484,1.4774238639279162,1.3566817627509931,0.12074210117692319,7.6336475814161789e-05,0.0001130209550168175
s_plus_1pct,20,51490.099264792974,53951.979953873139,2461.8806890801643,1.4774235078499605,1.3566892209031993,0.12073428694676114,4.6432060628443284e-05,6.4718354955582423e-05
s_plus_1pct,21,53951.979953873139,56413.762175634256,2461.7822217611174,1.4774234634328327,1.3567005671042636,0.12072289632856914,3.9996787611870154e-05,9.4344518695177267e-05
s_plus_1pct,22,56413.762175634256,58875.498673522452,2461.736497888196,1.4774232700933034,1.356702016265835,0.12072125382746846,1.8573484086931653e-05,1.360554750289046e-05
s_plus_1pct,23,58875.498673522452,61337.189463643292,2461.6907901208397,1.4774232222045593,1.3567105259958703,0.12071269620868907,1.8567286708212757e-05,7.0887424608855808e-05
s_plus_1pct,24,61337.189463643292,63798.855745874469,2461.6662822311773,1.4774232222045593,1.3567102672905507,0.12071295491400869,9.9557140810289829e-06,2.1431492107839284e-06
s_plus_1pct,25,63798.855745874469,66260.495337994711,2461.639592120242,1.4774231903103687,1.3567125437549454,0.1207106465554233,1.0842294557942528e-05,1.9122707973095443e-05
s_plus_1pct,26,66260.495337994711,68722.131137847347,2461.6357998526364,1.4774230867716924,1.3567106388728738,0.12071244789881863,1.5405454225481518e-06,1.4922821198779611e-05
s_plus_1pct,27,68722.131137847347,71183.758549657694,2461.6274118103465,1.477423137302837,1.3567165229018845,0.12070661440095254,3.4075074348456612e-06,4.8325570126636625e-05
s_plus_1pct,28,71183.758549657694,73645.370346307944,2461.6117966502497,1.477423137302837,1.3567149760929733,0.12070816120986372,6.3434295628444355e-06,1.2814615991474547e-05
s_plus_1pct,29,73645.370346307944,76106.987369170733,2461.6170228627889,1.4774230496795027,1.3567122731778387,0.12071077650166395,2.1230855922285692e-06,2.1666238421835242e-05
s_plus_1pct,30,76106.987369170733,78568.60125916166,2461.6138899909274,1.4774231202253605,1.3567176367848297,0.12070548344053078,1.2726885751747563e-06,4.3849118418175723e-05
s_plus_1pct,31,78568.60125916166,81030.20436620283,2461.60310704117,1.4774231202253605,1.3567156572579999,0.12070746296736057,4.3804391099908641e-06,1.6399642943831774e-05
s_plus_1pct,32,81030.20436620283,83491.814412163541,2461.6100459607114,1.4774230408399915,1.3567128446543557,0.12071019618563583,2.8188620340858023e-06,2.2643324679956226e-05
s_plus_1pct,33,83491.814412163541,85953.426263701767,2461.6118515382259,1.4774231140882916,1.3567123988569392,0.12071071523135246,7.3349453436912417e-07,4.2999326737161921e-06
s_plus_1pct,34,85953.426263701767,88415.02541516276,2461.5991514609923,1.4774231140882916,1.3567163210891269,0.12070679299916476,5.1592525546491529e-06,3.2492825348485011e-05
s_plus_1pct,35,88415.02541516276,90876.635787682389,2461.6103725196299,1.4774230301683906,1.3567129143674088,0.12071011580098179,4.5584426818405442e-06,2.7527877549132454e-05
s_plus_1pct,36,90876.635787682389,93338.241216160794,2461.6054284784041,1.4774231107283091,1.356718018374427,0.12070509235388216,2.0084580732269978e-06,4.1615792233273037e-05
s_plus_1pct,37,93338.241216160794,95799.843380885926,2461.6021647251328,1.4774231107283091,1.356715506898408,0.12070760382990109,1.3258636959254195e-06,2.080671138187104e-05
s_plus_1pct,38,95799.843380885926,98261.455745822008,2461.6123649360816,1.47742310782946,1.3567126339752926,0.12071047385416733,4.1437284606722495e-06,2.3776665058219664e-05
s_plus_1pct,39,98261.455745822008,100723.05221751466,2461.5964716926537,1.47742310782946,1.3567169147046214,0.12070619312483855,6.4564362993304659e-06,3.5462782906136507e-05
s_plus_1pct,40,100723.05221751466,103184.65951118947,2461.6072936748096,1.4774230354764615,1.3567130834190984,0.12070995205736312,4.3963266442536714e-06,3.1141173681869917e-05
s_plus_1pct,41,103184.65951118947,105646.26942656084,2461.6099153713731,1.477423111644566,1.3567125618687534,0.12071054977581253,1.0650344472792743e-06,4.9516915483332056e-06
s_plus_1pct,42,105646.26942656084,108107.86730161599,2461.597875055144,1.477423111644566,1.3567164258275257,0.12070668581704025,4.8912364846757574e-06,3.201011659256709e-05
s_plus_1pct,43,108107.86730161599,110569.47677777715,2461.6094761611603,1.477423028479506,1.3567129916438587,0.12071003683564729,4.7128355666356369e-06,2.7761665266200642e-05
s_plus_1pct,44,110569.47677777715,113031.08160869899,2461.6048309218459,1.4774231099464743,1.3567180716655991,0.1207050382808752,1.8870740299788756e-06,4.1409603568435753e-05
s_plus_1pct,45,113031.08160869899,115492.68335469384,2461.6017459948489,1.4774231099464743,1.3567155449889683,0.12070756495750601,1.2532178025531798e-06,2.0932652578512667e-05
s_plus_1pct,46,115492.68335469384,117954.29542128366,2461.6120665898197,1.477423107489741,1.3567126581832851,0.12071044930645591,4.1926339171750694e-06,2.3895345340788796e-05
s_plus_1pct,47,117954.29542128366,120415.89170580659,2461.5962845229224,1.477423107489741,1.3567169288035175,0.12070617868622358,6.4112729668392922e-06,3.5379043462063973e-05
s_plus_1pct,48,120415.89170580659,122877.49888655674,2461.6071807501576,1.4774230351438356,1.3567130938975285,0.12070994124630707,4.4264883334917422e-06,3.1171230209172997e-05
s_plus_1pct,49,122877.49888655674,125339.10865416024,2461.6097676034988,1.4774231115740228,1.3567125680700154,0.12071054350400745,1.0508798322611052e-06,4.9892966077114728e-06
s_plus_1pct,50,125339.10865416024,127800.70649886985,2461.5978447096131,1.4774231115740228,1.3567164199041637,0.12070669166985915,4.8435353330788228e-06,3.1909674469962664e-05
s_plus_1pct,51,127800.70649886985,130262.3159254863,2461.6094266164437,1.4774230284137075,1.3567129956140485,0.12071003279965908,4.7050361436715516e-06,2.7679739654176144e-05
s_plus_1pct,52,130262.3159254863,132723.92073876559,2461.604813279293,1.4774231099220285,1.356718074686444,0.12070503523558451,1.874114187562099e-06,4.1401397702093316e-05
s_plus_1pct,53,132723.92073876559,135185.52246343147,2461.6017246658739,1.4774231099220285,1.3567155484946103,0.12070756142741823,1.2547153801590414e-06,2.0928636728267463e-05
s_plus_1pct,54,135185.52246343147,137647.13450478608,2461.6120413546159,1.477423107503866,1.3567126588469434,0.1207104486569226,4.1910470888312772e-06,2.3919209950265021e-05
s_plus_1pct,55,137647.13450478608,140108.73078816387,2461.5962833777885,1.477423107503866,1.3567169269009602,0.12070618060290572,6.4014867341861685e-06,3.5357784387054001e-05
s_plus_1pct,56,140108.73078816387,142570.33798307911,2461.6071949152392,1.4774230350588091,1.3567130933573575,0.12070994170145166,4.4327079645105335e-06,3.1159121489506068e-05
s_plus_1pct,57,142570.33798307911,145031.94769237607,2461.6097092969576,1.4774231116143572,1.3567125667641367,0.12071054485022059,1.0214390515066481e-06,4.996678487520763e-06
s_plus_1pct,58,145031.94769237607,147493.54556535961,2461.5978729835479,1.4774231116143572,1.3567164091969652,0.12070670241739201,4.8083631475077647e-06,3.1831790945440424e-05
s_plus_1pct,59,147493.54556535961,149955.15498078321,2461.6094154235907,1.4774230284338987,1.3567129961281219,0.12071003230577682,4.6890030940923502e-06,2.7586607190146689e-05
s_plus_1pct,60,149955.15498078321,152416.75980966786,2461.6048288846505,1.4774231099403454,1.3567180754644805,0.12070503447586489,1.8632277368882257e-06,4.1403600152001327e-05
s_plus_1pct,61,152416.75980966786,154878.36153176523,2461.6017220973736,1.4774231099403454,1.3567155510721434,0.12070755886820206,1.2620983028895065e-06,2.0913728645438217e-05
s_plus_1pct,62,154878.36153176523,157339.97355643552,2461.6120246702922,1.4774231075482736,1.3567126581474804,0.12071044940079312,4.1853126873067e-06,2.39465748306292e-05
s_plus_1pct,63,157339.97355643552,159801.56985115272,2461.5962947171938,1.4774231075482736,1.356716923097576,0.12070618445069758,6.3901024778470325e-06,3.5332070394113085e-05
s_plus_1pct,64,159801.56985115272,162263.17707490022,2461.6072237475018,1.4774230349564306,1.3567130918375276,0.12070994311890293,4.4398142504069206e-06,3.1138986145983177e-05
s_plus_1pct,65,162263.17707490022,164724.78670836607,2461.6096334658505,1.4774231116757752,1.3567125644321991,0.12071054724357611,9.7892073333135843e-07,5.0047631335618403e-06
s_plus_1pct,66,164724.78670836607,167186.38462476686,2461.5979164007877,1.4774231116757752,1.3567163938588305,0.12070671781694475,4.7599200553754604e-06,3.1724043331730466e-05
s_plus_1pct,67,167186.38462476686,169647.99402214724,2461.60939738038,1.4774230284814243,1.3567129967947438,0.12071003168668049,4.6640353064213639e-06,2.7453896482863912e-05
s_plus_1pct,68,169647.99402214724,172109.59888458095,2461.6048624337127,1.477423109979884,1.3567180767587168,0.12070503322116721,1.8422689936467293e-06,4.1408865886532791e-05
s_plus_1pct,69,172109.59888458095,174571.20060328412,2461.6017187031684,1.477423109979884,1.3567155560015749,0.12070755397830912,1.2771060832014331e-06,2.0883612510936546e-05
s_plus_1pct,70,174571.20060328412,177032.81259688843,2461.6119936043106,1.4774231076351652,1.356712656688555,0.12071045094661015,4.1740713227662662e-06,2.39998923476281e-05
s_plus_1pct,71,177032.81259688843,179494.40891444089,2461.5963175524666,1.4774231076351652,1.356716915666025,0.12070619196914012,6.3682058279860822e-06,3.5282590998788508e-05
s_plus_1pct,72,179494.40891444089,181956.01619440483,2461.6072799639369,1.4774230347615855,1.3567130888833274,0.12070994587825812,4.4533749876362153e-06,3.1099557170671588e-05
s_plus_1pct,73,181956.01619440483,184417.62568290936,2461.6094885045313,1.4774231117839569,1.3567125600115415,0.12071055177241541,8.9719453318745732e-07,5.019421994453502e-06
s_plus_1pct,74,184417.62568290936,186879.22368139334,2461.5979984839796,1.4774231117839569,1.3567163646211626,0.12070674716279428,4.6676861644286033e-06,3.1518451082061249e-05
s_plus_1pct,75,186879.22368139334,189340.83302753372,2461.6093461403798,1.477423028617957,1.3567129986831821,0.12071002993477498,4.6098739140852519e-06,2.7196259180669797e-05
s_plus_1pct,76,189340.83302753372,191802.43798622175,2461.6049586880254,1.4774231100918149,1.3567180804317927,0.12070502966002228,1.7823511928491163e-06,4.1423854798144708e-05
s_plus_1pct,77,191802.43798622175,194264.03969376898,2461.6017075472337,1.4774231100918149,1.3567155701603093,0.12070753993150563,1.3207402675296668e-06,2.0796743022369125e-05
s_plus_1pct,78,194264.03969376898,196725.65160257954,2461.6119088105625,1.4774231078671238,1.3567126527397295,0.12071045512739431,4.1441567486342052e-06,2.415090134668128e-05
s_plus_1pct,79,196725.65160257954,199187.24798248403,2461.5963799044839,1.4774231078671238,1.3567168954584081,0.12070621240871571,6.3084298637663794e-06,3.5147897289647532e-05
s_plus_1pct,80,199187.24798248403,201648.85541412968,2461.6074316456506,1.4774230342456183,1.3567130810937935,0.12070995315182476,4.4896642101690237e-06,3.0990477079856502e-05
s_plus_1pct,81,201648.85541412968,204110.46451759493,2461.6091034652491,1.4774231120093479,1.3567125487929281,0.12071056321641982,6.7915768246456243e-07,5.0539709372283645e-06
s_plus_1pct,82,204110.46451759493,206572.0627252195,2461.5982076245709,1.4774231120093479,1.3567162881279151,0.12070682388143283,4.4263082480451296e-06,3.0977694804397622e-05
s_plus_1pct,83,206572.0627252195,209033.67182957142,2461.6091043519264,1.4774230292704289,1.3567130077693113,0.12071002150111765,4.4266880442463381e-06,2.6490794654283506e-05
s_plus_1pct,84,209033.67182957142,211495.27724872145,2461.6054191500298,1.4774231105947075,1.3567180976406288,0.12070501295407876,1.4970703066023955e-06,4.1492387927715072e-05
s_plus_1pct,85,211495.27724872145,213956.87887175227,2461.601623030816,1.4774231105947075,1.3567156390015684,0.1207074715931391,1.5421314822720474e-06,2.0368988827982883e-05
s_plus_1pct,86,213956.87887175227,216418.49045474932,2461.6115829970513,1.477423108686126,1.3567126381340722,0.12071047055205386,4.0461324619478367e-06,2.4844849081634383e-05
s_plus_1pct,87,216418.49045474932,218880.08707222273,2461.5966174734058,1.477423108686126,1.3567168191441432,0.12070628954198281,6.0795633839575369e-06,3.4636681076014236e-05
s_plus_1pct,88,218880.08707222273,221341.69505273286,2461.6079805101326,1.4774230324794575,1.3567130548412398,0.12070997763821767,4.616124610415384e-06,3.0554300433303885e-05
s_plus_1pct,89,221341.69505273286,223803.30283102056,2461.6077782876964,1.4774231121658963,1.3567181737025873,0.12070493846330899,8.2150544604149233e-08,4.1746134058496159e-05
s_plus_1pct,90,223803.30283102056,226264.90167556229,2461.5988445417315,1.4774231121658963,1.3567160369560369,0.12070707520985935,3.6292320993193649e-06,1.7702229731159779e-05
s_plus_1pct,91,226264.90167556229,228726.50894704755,2461.6072714852635,1.4774230348489408,1.356713088973899,0.1207099458750418,3.4233618327551681e-06,2.3782078867058402e-05
s_plus_1pct,92,228726.50894704755,231188.11849046446,2461.609543416911,1.477423111758811,1.3567125608538357,0.12071055090497529,9.2294643173729492e-07,5.0122624867491235e-06
s_plus_1pct,93,231188.11849046446,233649.71646682487,2461.5979763604118,1.477423111758811,1.3567163738403698,0.12070673791844122,4.698981010259152e-06,3.1587848000712145e-05
s_plus_1pct,94,233649.71646682487,236111.32583563949,2461.6093688146211,1.4774230285725334,1.3567129976826153,0.12071003088991805,4.6280726254561263e-06,2.728075941424647e-05
s_plus_1pct,95,236111.32583563949,238572.93076010706,2461.6049244675669,1.4774231100526134,1.3567180788479183,0.12070503120469511,1.8054639824401021e-06,4.1418970619757001e-05
