time_s,n_kg_dry_air_minus1,q_kg_kg_dry_air_minus1,s
0,38478.716566238705,5.2144692568062687e-06,1.4535636345029064
0.066411655021619012,38475.102829575684,5.2144371129453383e-06,1.4535639480472944
0.73052820523780915,38438.972648459174,5.2141092462757919e-06,1.4535671176675473
7.37169370739971,38078.401562071856,5.2101931187995876e-06,1.4536022432720053
60.50903999700683,35247.381593711834,5.1400203581961392e-06,1.4541132677232809
113.64638628661396,32530.621241214896,5.0104419256248586e-06,1.4550462155030688
166.7837325762211,29951.137043389495,4.8347398616957056e-06,1.4564103343202945
219.92107886582824,27533.27108379604,4.6253933449355354e-06,1.4582044622920354
273.05842515543537,25317.248279309151,4.3940916740282012e-06,1.4604171139197626
314.61098592580191,23785.622158797662,4.2055612877497147e-06,1.4624228134955759
351.66983785074478,22671.524010482735,4.0379281597403967e-06,1.4643944252258216
383.58974157368522,22061.659283043729,3.8999652272553856e-06,1.4662039903263886
406.52700699213489,21981.555349821327,3.8093015590181231e-06,1.4675439535647985
425.33256555823721,22281.651088211722,3.7441222722879558e-06,1.4686465112970393
441.53898073445811,22929.445065471136,3.6977608249373078e-06,1.4695812021420553
456.05872179437415,23927.491922298319,3.666715985645981e-06,1.4703892079779011
470.57846285429019,25433.590760843861,3.6484217271641476e-06,1.4711500956771433
483.97131204734274,27368.291333607816,3.6453967051837647e-06,1.4717906730387655
496.55399649017147,29725.397400542421,3.6567441865009392e-06,1.4723205629464591
508.6193575487149,32496.525920192416,3.6820864835883691e-06,1.4727467613077716
520.33366653888413,35638.008000086134,3.7212641703449547e-06,1.4730697419411651
531.78413457049032,39061.922558992286,3.7739369118541338e-06,1.4732878409275127
543.03027597141011,42646.560509367526,3.8394923274662324e-06,1.4734005177279057
554.14263789453275,46258.993735235301,3.9172304440059337e-06,1.4734092392804117
565.21671701546654,49774.102190984486,4.0065969836508183e-06,1.4733164641949801
576.37094346986328,53083.686110136994,4.1073115615155724e-06,1.4731242104457403
587.74275551093035,56098.748021335217,4.2193998454187112e-06,1.4728330107674978
599.48892312125645,58748.853177570389,4.3431858024164718e-06,1.4724412536565514
611.79110947468064,60980.453611717821,4.4792796359591288e-06,1.4719446650019516
624.86696071976587,62754.711273864326,4.6285752543981676e-06,1.4713357013378132
638.9882464328515,64044.762155539895,4.7922592057488821e-06,1.4706026531840564
654.50986934319883,64832.068151968779,4.9718243011844189e-06,1.4697282254049788
671.91755212989381,65101.201160230441,5.169064772864724e-06,1.4686872539168356
691.90919141071686,64831.87812262262,5.3859781234512281e-06,1.4674430566858292
715.5361457509922,63986.249658467954,5.6243188137496115e-06,1.4659419803819014
744.40017068904763,62491.354883182459,5.8836417148747176e-06,1.4641098527472682
780.59100846580418,60241.192295633089,6.1538849454552518e-06,1.4618779351474003
826.0155026805005,57155.478602016148,6.4033763979817021e-06,1.4592640677495214
879.15284897010758,53426.680996032461,6.5721760990429405e-06,1.4565705531372484
932.29019525971466,49704.51171018857,6.6200720757686265e-06,1.4543503770759685
985.42754154932175,46062.17631263403,6.563800174482673e-06,1.4526572702792806
1038.5648878389288,42544.437776197134,6.4218429651340268e-06,1.4515213580326336
1091.702234128536,39181.061431306072,6.2125790653615977e-06,1.4509550138956298
1144.8395804181432,35991.696659657617,5.9531173837444647e-06,1.4509573241032325
1197.9769267077504,32988.461871399326,5.6586369352133957e-06,1.4515176450566225
1251.1142729973576,30177.976315922973,5.342102961602803e-06,1.4526184077422388
1304.2516192869648,27563.669207322069,5.0142594636965639e-06,1.4542372143696514
1357.388965576572,25149.835660051711,4.6838444615453954e-06,1.4563481291113496
1410.5263118661792,22952.429520365571,4.3580899842899816e-06,1.4589215988398998
1451.7085934360593,21435.172137610742,4.113196256128781e-06,1.4612112878049455
1487.024903546624,20333.996389282052,3.911915190164338e-06,1.4633599259376977
1518.5882112855338,19633.236084140797,3.7428968995066236e-06,1.465401834409942
1542.6912748813181,19435.993579960945,3.6249566409125868e-06,1.4670154382642664
1561.221869319794,19632.880243622829,3.5444999343970671e-06,1.4682681305833578
1576.836769186317,20168.099737425549,3.4866928473448733e-06,1.4693146149515199
1590.5893272158914,21040.858806809749,3.4460287230339167e-06,1.47021347325598
230925.14087378138,80688.419173555492,1.4430454579237655e-06,1.477401667364542
230931.29880935216,90307.402275629604,1.5446989211210469e-06,1.4772830401138954
230937.44308124305,99296.601226137253,1.656203431862127e-06,1.4770630265987734
230943.67151260655,107506.15441190603,1.7789362550596635e-06,1.4767407050418151
230950.07953974485,114813.42280498649,1.9145848440880401e-06,1.4763114027183044
230956.76984677339,121128.752175799,2.0652945334763014e-06,1.4757663724031465
230963.8623349999,126398.31863203048,2.2338816804893732e-06,1.4750917480944852
230971.50718132628,130604.41486651599,2.42416573613722e-06,1.4742665285143948
230979.90489581716,133763.22906836926,2.6415191624577657e-06,1.4732589374520437
230989.34080648547,135919.7628992401,2.8938377295098157e-06,1.4720197062164619
231000.25023905886,137138.56262977154,3.1933784465903334e-06,1.470468920205517
231013.35105317648,137486.43027462659,3.5604517547213063e-06,1.4684685024211441
231029.87809262957,137000.18934158763,4.0296761421919273e-06,1.4657695632913075
231051.16515496088,135690.82080202806,4.6359979799862773e-06,1.4620624593895906
231077.20973371741,133657.51112459289,5.3688925777174598e-06,1.4572533332132191
231110.80464445654,130686.29850015146,6.2803236644527045e-06,1.4507343781308373
231148.67749474556,127003.87261620148,7.236892608422071e-06,1.4431332048952386
231188.80334642742,122793.48307280785,8.143389598235844e-06,1.4349818769419833
231232.28493093621,117951.30314471015,8.9805366719210132e-06,1.4262351482861526
231279.23792934028,112489.40189320801,9.7016598316893877e-06,1.4170885629034371
231329.64149700233,106464.01436527065,1.0262280141910269e-05,1.4077989298954221
231382.77884329195,100043.93591100773,1.0625448287879634e-05,1.3987522842287623
231435.91618958156,93657.517882535161,1.0777804773921679e-05,1.390575268139058
231489.05353587118,87390.361597314841,1.0749209364020818e-05,1.383322959731204
231542.19088216079,81309.181576412433,1.0571949007559305e-05,1.3770127661714455
231595.32822845041,75463.565315029613,1.0277773032107896e-05,1.3716351345126423
231648.46557474002,69888.187445313015,9.8959708555778574e-06,1.3671620961487561
231701.60292102964,64605.176478413145,9.4523034958452074e-06,1.3635538562412186
231754.74026731926,59626.425242426638,8.9685730401746476e-06,1.3607637196625513
231807.87761360887,54955.715410442659,8.4626288446614896e-06,1.3587416633104263
231861.01495989849,50590.587910937269,7.9486441220137399e-06,1.3574368452279051
231914.1523061881,46523.934797376547,7.4375370666396411e-06,1.3567993027868728
231967.28965247772,42745.316882905485,6.9374483366621628e-06,1.3567810479502194
232020.42699876733,39242.028466240066,6.4542177580332386e-06,1.3573367247546302
232073.56434505695,35999.939048592954,5.9918266312485268e-06,1.3584239563317539
232126.70169134656,33004.144832300517,5.5527886448294717e-06,1.3600034773217242
232179.83903763618,30239.462139529991,5.1384834072092041e-06,1.3620391223996779
232232.97638392579,27690.792240716983,4.7494333855225474e-06,1.3644977221481225
232286.11373021541,25343.383489553173,4.3855288221049138e-06,1.3673489427405077
232339.25107650502,23183.012797668092,4.0462069784127211e-06,1.370565094916061
232392.38842279464,21196.104747757196,3.730592571328031e-06,1.3741209296810986
232445.52576908426,19369.803252355141,3.4376060404889979e-06,1.3779934323623049
232498.66311537387,17692.00770927246,3.1660456681486013e-06,1.3821616224972413
232551.80046166349,16151.383102353919,2.9146487894033582e-06,1.3866063641365203
232604.9378079531,14737.351424117371,2.682136515957595e-06,1.3913101891157766
232658.07515424272,13440.070110373741,2.467245626701932e-06,1.3962571344831829
232711.21250053233,12250.401823497927,2.2687505906107467e-06,1.4014325943547481
232764.34984682195,11159.878847717358,2.0854780954529738e-06,1.4068231858798321
232817.48719311156,10160.664517881216,1.9163159594904996e-06,1.4124166286353528
232870.62453940118,9245.5134529267343,1.7602178953996353e-06,1.4182016365586101
232923.76188569079,8407.7319045248842,1.6162052659983762e-06,1.4241678214232005
232976.89923198041,7641.1395818603987,1.4833667139804179e-06,1.4303056068017981
233030.03657827002,6940.0386061806657,1.3608564102276552e-06,1.4366061511752499
233083.17392455964,6299.2459171140608,1.2478922926821763e-06,1.4430612756022236
233136.31127084926,5714.839823122451,1.1437647666887778e-06,1.4496633531669152
233167.3929097965,5400.1754334815896,1.0867283731154722e-06,1.453590220707019
233193.63298396979,5156.6736177051189,1.0407972459249946e-06,1.4569411165017769
233214.37286318748,4991.8562590137299,1.0060920079939981e-06,1.4596113515994003
233231.93857781935,4894.3070288488634,9.7812800731158198e-07,1.4618861393302489
233247.34968865805,4877.0599036557123,9.5520704446364033e-07,1.4638893687540049
233262.76079949675,4993.4703749317678,9.3478429382625101e-07,1.4658950099853736
233277.11980513134,5345.4571000776832,9.1962847996306918e-07,1.4677581016898495
233292.74200421714,6271.5573312302777,9.1052757937744497e-07,1.469762091065415
233301.84347658497,7280.0137907637227,9.1070970629087289e-07,1.4709064065564441
233309.27831778475,8510.0176917956451,9.1497185041822186e-07,1.4718200857797916
233316.71315898452,10249.806719919274,9.2381187965783485e-07,1.4727069505852506
233323.43831013062,12405.521387995466,9.3651442816855911e-07,1.4734784009097261
233329.79590904532,15092.616321918089,9.5333825601539505e-07,1.4741731775167277
233336.04934855373,18490.664302038684,9.7515439660524396e-07,1.4748158991179783
233342.37766961579,22831.053687569041,1.0033189279288319e-06,1.4754163983667294
233348.94840019205,28429.297600001752,1.0399423053552753e-06,1.4759763588900594
233355.97716212261,35747.868805062019,1.088555798319496e-06,1.4764908555479559
233363.67068976947,45331.842575508846,1.154357666579864e-06,1.4769376837504169
233371.06790328393,55906.984896800299,1.2313470849751087e-06,1.4772374037357996
233377.79901095436,66353.348275467157,1.3139623184699652e-06,1.4773890298997845
233384.17577474908,76575.463775978715,1.4036963272635267e-06,1.4774204715956014
233390.37075987906,86406.021319106512,1.501637813437713e-06,1.4773443476540329
233396.50830642437,95674.477957101277,1.6089248156921207e-06,1.4771660544069303
233402.69054734876,104222.26183690326,1.7268413735380336e-06,1.4768862933454594
233409.01266087088,111914.61628846783,1.8569315209293031e-06,1.4765019391858496
233415.57321157775,118647.77975119435,2.001130512253475e-06,1.4760060086383902
233422.48365961423,124352.9696869372,2.1619459876357635e-06,1.4753869270271007
233429.87977480877,128997.70236250598,2.3427324108927796e-06,1.4746269640128509
233437.93818117943,132584.61949307894,2.5481344167337958e-06,1.4736993796764133
233446.90360177853,135147.67099058972,2.784848202076951e-06,1.4725632369288573
233457.13844207127,136744.84348151053,3.0630211858124188e-06,1.4711535177586523
233469.22119636482,137444.91086940153,3.3990118497101584e-06,1.4693609495798552
233484.14349577847,137301.93481757154,3.8207877843843535e-06,1.4669898606430638
233503.41041814984,136324.72427401689,4.3696678755736043e-06,1.4637208187784021
233527.37844855725,134587.98511615806,5.0490744839322533e-06,1.4593969070129695
233557.41400059673,132051.271635774,5.8795208865259032e-06,1.453679336869232
233594.57773127459,128568.8713969603,6.8509212535498098e-06,1.4463060805127699
233633.52620447276,124599.24140750602,7.776764435906385e-06,1.438411893272125
233675.59775571231,120018.58334996695,8.6477340911263912e-06,1.4298920469267413
233721.12167985374,114806.86674259913,9.4222946496430216e-06,1.4208812069462922
233770.11375495649,109003.87396720223,1.0053745057570412e-05,1.4116170103991592
233822.51527837117,102687.57024267856,1.0503043404648476e-05,1.4023748137918712
233875.65262466078,96275.8147911087,1.0738809665750277e-05,1.3938306694086575
233928.7899709504,89950.45508160282,1.0780833617705448e-05,1.3861938141616845
233981.92731724001,83785.803870797929,1.0660826495225062e-05,1.3794957341796532
234035.06466352963,77838.247095858867,1.0411047428119297e-05,1.3737368172031192
234088.20200981924,72148.313131282484,1.006197138412448e-05,1.3688957703005553
234141.33935610886,66743.007100814561,9.6408951080999989e-06,1.3649369814630661
234194.47670239848,61638.164312100809,9.1712699029414704e-06,1.3618160925713698
234247.61404868809,56840.662635832574,8.6725504786898693e-06,1.3594840919147637
234300.75139497771,52350.402574128282,8.1603778112351812e-06,1.3578902278962732
234353.88874126732,48162.01457536684,7.6469534817887587e-06,1.3569840132160114
234407.02608755694,44266.287691549776,7.1415024821548415e-06,1.3567165459117967
234460.16343384655,40651.335099850963,6.6507554821301636e-06,1.3570413295744943
234513.30078013617,37303.52369155085,6.1794081550467966e-06,1.3579147348868894
234566.43812642578,34208.19986601729,5.7305344836642952e-06,1.3592962104997921
234619.5754727154,31350.244253998095,5.3059441176529355e-06,1.3611483235780064
234672.71281900501,28714.486114393399,4.9064822101440837e-06,1.3634366886427705
234725.85016529463,26286.004843841176,4.5322750407252549e-06,1.3661298267435058
234778.98751158424,24050.342224416123,4.1829272322513891e-06,1.3691989845587607
234832.12485787386,21993.645212362928,3.8576773295302991e-06,1.3726179338647881
234885.26220416347,20102.755521286788,3.5555185356484021e-06,1.3763627651568824
234938.39955045309,18365.259112282158,3.275290911983232e-06,1.3804116844413012
234991.53689674271,16769.506015390813,3.0157506121044739e-06,1.3847448188448834
235044.67424303232,15304.608662179995,2.7756209058326784e-06,1.3893440343397199
235097.81158932194,13960.425070202664,2.5536289550907529e-06,1.3941927672686005
235150.94893561155,12727.531736129977,2.3485315788856115e-06,1.3992758702734991
235204.08628190117,11597.189911974674,2.1591326127413405e-06,1.404579472520052
235257.22362819078,10561.308007177546,1.984293932792098e-06,1.4100908536639827
235310.3609744804,9612.4021339895171,1.8229417715850369e-06,1.4157983307400421
235363.49832077001,8743.5562685620225,1.6740695919949693e-06,1.4216911570118465
235416.63566705963,7948.3832373282021,1.5367384982552489e-06,1.4277594317523217
235469.77301334924,7220.98913978375,1.4100759595929061e-06,1.4339940198089731
235522.91035963886,6555.96235048362,1.2932737328709893e-06,1.440386478624563
235576.04770592847,5948.6229389184127,1.1855890663801139e-06,1.4469289765906013
235614.82737355647,5540.8300618428921,1.11238329275123e-06,1.4517941149864577
235643.62233629596,5261.1322296438466,1.0608703702783009e-06,1.4554538743048906
235666.56609655992,5062.1925866149586,1.0216464921495619e-06,1.4583973567816668
235685.5134738097,4931.8824782256952,9.9071618944648045e-07,1.4608448979087552
235701.81649661323,4873.7162871974542,9.6558695349350015e-07,1.4629608772122786
235718.11951941677,4923.3931694604134,9.4266720752154512e-07,1.4650822636235217
235732.8303358031,5160.870205250475,9.2525365316210947e-07,1.4669946870140476
235747.3535674075,5759.9790568470107,9.1337547506528749e-07,1.4688695713484667
235759.64032147476,6801.8853603589641,9.1002914011867673e-07,1.4704305119879264
235767.59090964796,7911.3544136207902,9.1257063975102003e-07,1.4714183202862234
235774.58223962071,9301.9991244018929,9.1874291330446039e-07,1.4722652084588821
235781.57356959346,11214.85544890657,9.2935481194190628e-07,1.473084553188567
235788.0792620311,13601.237951421595,9.4392126538165593e-07,1.4738148635042052
235794.36197124215,16599.821830699602,9.6297298233690668e-07,1.4744830648644416
235800.63058482058,20410.929418686108,9.875884813120335e-07,1.4751051564898416
235807.05131915261,25300.401978465361,1.0194293353067406e-06,1.4756866495949696
235813.80665736392,31642.851564234428,1.0611597129605117e-06,1.476226181914045
235821.14777381285,39992.112450996072,1.11732901820179e-06,1.4767140790836653
235828.90270714997,50370.93995146954,1.1903545997064496e-06,1.4771014216434817
235835.9294515822,60888.790858315966,1.2697856406826106e-06,1.4773256593271136
235842.46610765523,71248.736682964256,1.3556486426310305e-06,1.4774179669930492
235848.73868366747,81306.147860397818,1.4491452545461542e-06,1.477397251992038
235854.89269048563,90890.487565710122,1.5513794174018638e-06,1.4772722282556143
235861.03943920901,99835.017190116734,1.6635440512250362e-06,1.4770458743734654
235867.27628745625,107991.34561570593,1.7870322493210094e-06,1.4767170298403183
235873.6988526255,115238.76356796607,1.9235553185752641e-06,1.4762807833588549
235880.41058692639,121489.80478078648,2.0752934516007462e-06,1.4757281060137899
235887.53285548239,126692.92442498459,2.2451144438821258e-06,1.4750447566756359
235895.2182968382,130832.62981145438,2.4369158197681257e-06,1.4742091884318971
235903.67151042409,133927.09647748011,2.6561935536250399e-06,1.4731887709702178
235913.18484795926,136022.87841987243,2.9110498030340144e-06,1.4719327982658406
235924.20644069934,137185.2885445304,3.2141104282376478e-06,1.4703587369783406
235937.47882443422,137480.37893143727,3.5863818466810912e-06,1.4683233804227664
235954.27491986039,136941.84230094953,4.0635028639369117e-06,1.4655691784353155
235975.85736562029,135584.4009402222,4.6780897017668146e-06,1.461796066754337
236002.25958531912,133503.38050765565,5.4199795358531805e-06,1.4569042981419138
236036.3892776834,130464.93740448132,6.3427699927484062e-06,1.4502637464049573
236074.34640976525,126754.28442180411,7.2958364528402315e-06,1.4426346633103921
236114.67310638487,122504.80644292022,8.1991027748391819e-06,1.4344423388942873
236158.37413756497,117622.35457438274,9.0303025107487421e-06,1.4256634773127528
236205.54775369901,112122.57453148851,9.7424752985929022e-06,1.4164997481481552
236256.16833767307,106064.15077082756,1.0291607849942274e-05,1.4072104504217646
236309.30568396268,99643.295586811364,1.0640841855524475e-05,1.3982155941401053
236362.4430302523,93262.019930892842,1.0780985318537869e-05,1.3900951415112464
236415.58037654191,87004.708461848932,1.0742157734954623e-05,1.3829014633541881
236468.71772283153,80936.948544355662,1.0556687698989348e-05,1.376649993544973
236521.85506912114,75107.329055668932,1.0256217324390022e-05,1.3713298010704842
236574.99241541076,69549.671898490458,9.8698393422583041e-06,1.3669120050388299
236628.12976170037,64285.400436063253,9.4230747585192445e-06,1.3633562512848396
236681.26710798999,59325.841388593777,8.9374751775480367e-06,1.3606155448041022
236734.4044542796,54674.334955750957,8.4306503336016515e-06,1.3586397475323337
236787.54180056922,50328.088187322108,7.9165569678460538e-06,1.3573780299094087
236840.67914685883,46279.749379761408,7.4059256928775474e-06,1.3567805258003358
236893.81649314845,42518.709174158634,6.9067398169101859e-06,1.3567993960185147
236946.95383943807,39032.150432503666,6.4247106799075788e-06,1.3573894630612398
237000.09118572768,35805.877113486582,5.9637171101117522e-06,1.3585085422203007
237053.2285320173,32824.954982626143,5.5261928420585984e-06,1.3601175631723734
237106.36587830691,30074.196175033481,5.1134564406780048e-06,1.3621805513971239
237159.50322459653,27538.516895164139,4.7259848321417698e-06,1.3646645196058693
237212.64057088614,25203.193911798917,4.3636351730551779e-06,1.3675393048590589
237265.77791717576,23054.041641503642,4.0258214704370934e-06,1.3707773762724189
237318.91526346537,21077.527896118376,3.7116528206275929e-06,1.3743536303254393
237372.05260975499,19260.843003713537,3.4200398758041911e-06,1.3782451850955428
237425.1899560446,17591.934084628007,3.1497755137813497e-06,1.3824311806894629
237478.32730233422,16059.513789696921,2.8995948979528932e-06,1.386892590297206
237531.46464862383,14653.050761192211,2.6682193006288282e-06,1.3916120443244235
237584.60199491345,13362.747412901714,2.4543872974728813e-06,1.3965736687201105
237637.73934120307,12179.509291351624,2.2568762587354076e-06,1.401762937726758
237690.87668749268,11094.909222683806,2.074516477043137e-06,1.4071665407069105
237744.0140337823,10101.148620783059,1.9061997809671438e-06,1.4127722623476531
237797.15138007191,9191.0176931033293,1.7508840808410697e-06,1.418568875343833
237850.28872636153,8357.8558348729257,1.6075949682200054e-06,1.4245460445602365
237903.42607265114,7595.5136275132154,1.4754252378054791e-06,1.4306942416112753
237956.56341894076,6898.3228899322867,1.3535330775755355e-06,1.4370046684670268
238009.70076523037,6261.1402559270573,1.2411404325361723e-06,1.443469184912171
238062.83811151999,5680.223868416715,1.1375436951906562e-06,1.4500801900789788
238093.23493914361,5374.6422303871796,1.0820273689368542e-06,1.4539249182946639
238118.89698608103,5138.9146413712278,1.0372921267569447e-06,1.4572047724514547
238139.29189420302,4980.1391763522433,1.0033055898543442e-06,1.4598322109885506
238156.61882324872,4889.108071609784,9.7586431733151842e-07,1.4620770345618521
238171.88709329761,4880.4564367593757,9.5333027076055613e-07,1.46406214567612
238187.15536334651,5011.2971075059859,9.333630806171906e-07,1.4660490900927514
238201.48543248978,5389.9477216495852,9.1864276464732661e-07,1.4679074738275812
238217.51943763357,6414.0791910072439,9.1021764314423386e-07,1.4699607853549861
238226.18656347916,7440.3982079673942,9.1109744802301082e-07,1.4710471015716373
238233.48779230073,8710.8765317124307,9.1587496080582056e-07,1.4719410810294811
238240.7890211223,10493.165592963453,9.2518044469905645e-07,1.4728081163118265
238247.44710204814,12705.612170181126,9.3835709726388888e-07,1.4735677282325281
238253.78011932559,15469.981234673336,9.5574189460800464e-07,1.4742551324463109
238260.03390530162,18970.641940037829,9.7825755623466857e-07,1.4748923052887197
238266.38273575614,23447.199842376471,1.007333016041461e-06,1.4754878355841856
238272.99672708244,29229.055233703715,1.045206893244375e-06,1.4760425920524345
238280.10130764719,36802.623679648808,1.0956593927729777e-06,1.476550651303103
238287.84879767094,46646.997854992886,1.1636448879540651e-06,1.4769844697560808
238295.14148700447,57212.359020955446,1.2412661247563596e-06,1.4772634918672254
238301.81638241638,67639.273542285649,1.324705100097051e-06,1.4773991281735088
238305.99976106847,74351.798646552372,1.3844913284977834e-06,1.4774107117006445
