backend,branch_id,canonical_index,T_K,log_w,w_m_s,table_ii_reference_log_w,table_ii_reference_w_m_s,delta_to_table_ii_log_w,delta_to_table_ii_w_m_s,relative_delta_to_table_ii_w,interpolation_method,raw_T_min_K,raw_T_max_K
auto,lower_hopf,0,190.0,-5.976855613633333,0.0025367904137218516,-5.975287000000002,0.002540772780330431,-0.0015686136333314948,-3.982366608579462e-06,-0.0015673840019891703,numpy.interp over backend branch T_K/log_w after averaging duplicate T rows,190.0,240.0
auto,lower_hopf,1,191.0,-5.888115047099108,0.0027721972363561474,-5.887134570000001,0.0027749166452017957,-0.000980477099107091,-2.719408845648294e-06,-0.000979996588492313,numpy.interp over backend branch T_K/log_w after averaging duplicate T rows,190.0,240.0
auto,lower_hopf,2,192.0,-5.800234182339503,0.003026845828533711,-5.799722080000002,0.0030283962803249226,-0.0005121023395009416,-1.550451791211549e-06,-0.0005119712374779426,numpy.interp over backend branch T_K/log_w after averaging duplicate T rows,190.0,240.0
auto,lower_hopf,3,193.0,-5.713202580026076,0.0033020804160979293,-5.713049529999999,0.003302585838268172,-0.00015305002607668428,-5.054221702428113e-07,-0.00015303831451897928,numpy.interp over backend branch T_K/log_w after averaging duplicate T rows,190.0,240.0
auto,lower_hopf,4,194.0,-5.627009931403838,0.0035993214715710413,-5.627116919999999,0.003598936405818855,0.00010698859616109502,3.8506575218612976e-07,0.0001069943196449777,numpy.interp over backend branch T_K/log_w after averaging duplicate T rows,190.0,240.0
auto,lower_hopf,5,195.0,-5.541647220519338,0.003920064306796341,-5.541924250000001,0.003918978483826695,0.0002770294806628826,1.0858229696460511e-06,0.00027706785687320155,numpy.interp over backend branch T_K/log_w after averaging duplicate T rows,190.0,240.0
auto,lower_hopf,6,196.0,-5.457103294000437,0.004265894908096698,-5.457471519999999,0.0042643243838518165,0.0003682259995612114,1.57052424488123e-06,0.00036829380307663883,numpy.interp over backend branch T_K/log_w after averaging duplicate T rows,190.0,240.0
auto,lower_hopf,7,197.0,-5.373368420547565,0.004638480612610529,-5.373758730000002,0.0046366705230529905,0.00039030945243734294,1.8100895575381276e-06,0.00039038563308274143,numpy.interp over backend branch T_K/log_w after averaging duplicate T rows,190.0,240.0
auto,lower_hopf,8,198.0,-5.290433121037053,0.005039577040092025,-5.290785880000001,0.0050377995976444755,0.00035275896294795217,1.7774424475496334e-06,0.0003528211897076478,numpy.interp over backend branch T_K/log_w after averaging duplicate T rows,190.0,240.0
auto,lower_hopf,9,199.0,-5.208288195608065,0.005471031011315517,-5.208552970000003,0.005469582614163923,0.00026477439193772767,1.4483971515948449e-06,0.00026480944777104276,numpy.interp over backend branch T_K/log_w after averaging duplicate T rows,190.0,240.0
auto,lower_hopf,10,200.0,-5.126924746387052,0.005934783403358467,-5.12706,0.005933980756742751,0.00013525361294774996,8.026466157161002e-07,0.0001352627601301297,numpy.interp over backend branch T_K/log_w after averaging duplicate T rows,190.0,240.0
auto,lower_hopf,11,201.0,-5.046334207122238,0.006432871852256243,-5.046306970000003,0.006433047067559374,-2.7237122234957667e-05,-1.7521530313105438e-07,-2.723675130788824e-05,numpy.interp over backend branch T_K/log_w after averaging duplicate T rows,190.0,240.0
auto,lower_hopf,12,202.0,-4.966509129348523,0.006967428020938394,-4.966293880000002,0.006968927916700771,-0.00021524934852124034,-1.4998957623768919e-06,-0.0002152261840422325,numpy.interp over backend branch T_K/log_w after averaging duplicate T rows,190.0,240.0
auto,lower_hopf,13,203.0,-4.887442291214583,0.007540684706424745,-4.887020729999996,0.007543864236764652,-0.00042156121458702955,-3.179530339907262e-06,-0.0004214723701431392,numpy.interp over backend branch T_K/log_w after averaging duplicate T rows,190.0,240.0
auto,lower_hopf,14,204.0,-4.809124792134366,0.008154993890070733,-4.80848752,0.008160192496720443,-0.0006372721343659293,-5.198606649709295e-06,-0.0006370691196069945,numpy.interp over backend branch T_K/log_w after averaging duplicate T rows,190.0,240.0
auto,lower_hopf,15,205.0,-4.73154962832151,0.00881280388246653,-4.730694249999999,0.008820345388820013,-0.0008553783215106137,-7.541506353483246e-06,-0.0008550125897611987,numpy.interp over backend branch T_K/log_w after averaging duplicate T rows,190.0,240.0
auto,lower_hopf,16,206.0,-4.654710248486962,0.009516670312133739,-4.653640920000001,0.0095268522017216,-0.0010693284869613962,-1.018188958786144e-05,-0.001068756958990239,numpy.interp over backend branch T_K/log_w after averaging duplicate T rows,190.0,240.0
auto,lower_hopf,17,207.0,-4.578600585292471,0.010269257195188227,-4.577327529999998,0.0102823388524801,-0.0012730552924731242,-1.3081657291873564e-05,-0.001272245301341948,numpy.interp over backend branch T_K/log_w after averaging duplicate T rows,190.0,240.0
auto,lower_hopf,18,208.0,-4.503215081403299,0.011073337564031793,-4.501754080000005,0.011089527549668035,-0.0014610014032943042,-1.618998563624255e-05,-0.0014599346603117638,numpy.interp over backend branch T_K/log_w after averaging duplicate T rows,190.0,240.0
auto,lower_hopf,19,209.0,-4.4285487237159336,0.01193179344232659,-4.42692057,0.011951236059647274,-0.0016281537159335002,-1.9442617320683878e-05,-0.0016268289927207499,numpy.interp over backend branch T_K/log_w after averaging duplicate T rows,190.0,240.0
auto,lower_hopf,20,210.0,-4.354597075483346,0.012847615160553976,-4.352827000000005,0.012870376547913,-0.0017700754833409604,-2.276138735902468e-05,-0.0017685098236473553,numpy.interp over backend branch T_K/log_w after averaging duplicate T rows,190.0,240.0
auto,lower_hopf,21,211.0,-4.281356308075288,0.013823899898637772,-4.279473370000002,0.013849953967507211,-0.0018829380752860558,-2.605406886943898e-05,-0.0018811664595105027,numpy.interp over backend branch T_K/log_w after averaging duplicate T rows,190.0,240.0
auto,lower_hopf,22,212.0,-4.208823239493581,0.014863849241411918,-4.206859679999997,0.014893063966740118,-0.001963559493583844,-2.921472532819991e-05,-0.0019616329717943594,numpy.interp over backend branch T_K/log_w after averaging duplicate T rows,190.0,240.0
auto,lower_hopf,23,213.0,-4.136995371384308,0.01597076570592928,-4.134985930000006,0.016002890288901468,-0.0020094413843017023,-3.2124582972185844e-05,-0.0020074238085894583,numpy.interp over backend branch T_K/log_w after averaging duplicate T rows,190.0,240.0
auto,lower_hopf,24,214.0,-4.065870931658173,0.017148047990258177,-4.06385212,0.017182701637279592,-0.002018811658173192,-3.4653647021414685e-05,-0.0020167752285374105,numpy.interp over backend branch T_K/log_w after averaging duplicate T rows,190.0,240.0
auto,lower_hopf,25,215.0,-3.9954489096461994,0.018399184984917154,-3.9934582500000033,0.018435847979654474,-0.001990659646196047,-3.66629947373201e-05,-0.0019886795973681724,numpy.interp over backend branch T_K/log_w after averaging duplicate T rows,190.0,240.0
auto,lower_hopf,26,216.0,-3.9257291066290256,0.019727747994778763,-3.923804319999995,0.019765756267513142,-0.001924786629030617,-3.800827273437932e-05,-0.0019229354151679714,numpy.interp over backend branch T_K/log_w after averaging duplicate T rows,190.0,240.0
auto,lower_hopf,27,217.0,-3.8567121706347907,0.021137381506099596,-3.8548903300000035,0.02117592554652898,-0.0018218406347871863,-3.854404042938353e-05,-0.0018201820904919746,numpy.interp over backend branch T_K/log_w after averaging duplicate T rows,190.0,240.0
auto,lower_hopf,28,218.0,-3.7883996477403215,0.02263179172415174,-3.7867162800000003,0.022669921436405522,-0.0016833677403211844,-3.812971225378159e-05,-0.0016819516715461246,numpy.interp over backend branch T_K/log_w after averaging duplicate T rows,190.0,240.0
auto,lower_hopf,29,219.0,-3.7207940241720685,0.02421473312686294,-3.7192821700000067,0.024251369959962226,-0.0015118541720617884,-3.6636833099287086e-05,-0.0015107118962669997,numpy.interp over backend branch T_K/log_w after averaging duplicate T rows,190.0,240.0
auto,lower_hopf,30,220.0,-3.6538987733836974,0.025889992539409053,-3.6525880000000015,0.02592395070340052,-0.0013107733836958957,-3.395816399146684e-05,-0.0013099146954870752,numpy.interp over backend branch T_K/log_w after averaging duplicate T rows,190.0,240.0
auto,lower_hopf,31,221.0,-3.5877183947685336,0.027661370807610525,-3.586633769999999,0.02769138929197307,-0.0010846247685347699,-3.001848436254631e-05,-0.0010840367756935834,numpy.interp over backend branch T_K/log_w after averaging duplicate T rows,190.0,240.0
auto,lower_hopf,32,222.0,-3.522258460763554,0.029532661436250857,-3.5214194799999987,0.029557449167853467,-0.0008389807635551527,-2.4787731602610164e-05,-0.0008386289175985178,numpy.interp over backend branch T_K/log_w after averaging duplicate T rows,190.0,240.0
auto,lower_hopf,33,223.0,-3.4575256562342602,0.03150762634590702,-3.456945130000001,0.03152592265981132,-0.0005805262342590822,-1.8296313904299366e-05,-0.0005803577615072684,numpy.interp over backend branch T_K/log_w after averaging duplicate T rows,190.0,240.0
auto,lower_hopf,34,224.0,-3.393527812837609,0.03358996851007254,-3.393210720000006,0.033600621337380746,-0.00031709283760283924,-1.0652827308207935e-05,-0.00031704256898239697,numpy.interp over backend branch T_K/log_w after averaging duplicate T rows,190.0,240.0
auto,lower_hopf,35,225.0,-3.330273940779541,0.035783301219449094,-3.3302162499999994,0.035785365645539614,-5.769077954154156e-05,-2.064426090520044e-06,-5.768911546045247e-05,numpy.interp over backend branch T_K/log_w after averaging duplicate T rows,190.0,240.0
auto,lower_hopf,36,226.0,-3.2677742577945836,0.038091113794434264,-3.2679617200000024,0.03808397381949414,0.00018746220541876468,7.139974940124916e-06,0.00018747977755593769,numpy.interp over backend branch T_K/log_w after averaging duplicate T rows,190.0,240.0
auto,lower_hopf,37,227.0,-3.2060391113877476,0.04051677831051034,-3.206447130000001,0.04050025008299265,0.0004080186122532581,1.652822751769395e-05,0.0004081018631693507,numpy.interp over backend branch T_K/log_w after averaging duplicate T rows,190.0,240.0
auto,lower_hopf,38,228.0,-3.1450814646477747,0.0430634157579354,-3.145672480000009,0.04303797213762855,0.0005910153522341588,2.5443620306854486e-05,0.0005911900362194078,numpy.interp over backend branch T_K/log_w after averaging duplicate T rows,190.0,240.0
auto,lower_hopf,39,229.0,-3.084919284980234,0.04573372514977605,-3.085637769999998,0.04570087795487968,0.0007184850197643478,3.284719489636545e-05,0.0007187431919534538,numpy.interp over backend branch T_K/log_w after averaging duplicate T rows,190.0,240.0
auto,lower_hopf,40,230.0,-3.0255633755,0.04853047268765705,-3.026342999999997,0.048492651887080344,0.0007796244999971336,3.782080057670306e-05,0.0007799284861709011,numpy.interp over backend branch T_K/log_w after averaging duplicate T rows,190.0,240.0
auto,lower_hopf,41,231.0,-2.9670318786773087,0.05145581098950907,-2.9677881699999986,0.05141691011820563,0.0007562913226899504,3.8900871303440554e-05,0.0007565773830828972,numpy.interp over backend branch T_K/log_w after averaging duplicate T rows,190.0,240.0
auto,lower_hopf,42,232.0,-2.9093414167494918,0.05451161848896569,-2.9099732799999956,0.054477185480139086,0.0006318632505037947,3.443300882660649e-05,0.0006320629181395548,numpy.interp over backend branch T_K/log_w after averaging duplicate T rows,190.0,240.0
auto,lower_hopf,43,233.0,-2.852510942304283,0.05769925931930527,-2.852898330000002,0.057676911665075485,0.0003873876957189992,2.234765422978735e-05,0.0003874627400225262,numpy.interp over backend branch T_K/log_w after averaging duplicate T rows,190.0,240.0
auto,lower_hopf,44,234.0,-2.79655953064361,0.061019638094504426,-2.796563319999997,0.06101940686978718,3.7893563868962588e-06,2.312247172481241e-07,3.789363566603455e-06,numpy.interp over backend branch T_K/log_w after averaging duplicate T rows,190.0,240.0
auto,lower_hopf,45,235.0,-2.741507646806884,0.06447307096315393,-2.7409682500000017,0.06450785691263297,-0.0005393968068823085,-3.478594947904645e-05,-0.0005392513585772853,numpy.interp over backend branch T_K/log_w after averaging duplicate T rows,190.0,240.0
auto,lower_hopf,46,236.0,-2.687376452495963,0.06805926205755759,-2.6861131200000017,0.0681452978694417,-0.0012633324959612224,-8.603581188411369e-05,-0.0012625348274058186,numpy.interp over backend branch T_K/log_w after averaging duplicate T rows,190.0,240.0
auto,lower_hopf,47,237.0,-2.634187687623919,0.07177725128338047,-2.6319979300000043,0.07193459827962047,-0.002189757623914712,-0.00015734699623999593,-0.0021873618537266975,numpy.interp over backend branch T_K/log_w after averaging duplicate T rows,190.0,240.0
auto,lower_hopf,48,238.0,-2.5819635084037045,0.07562536710184017,-2.5786226800000023,0.07587844097911052,-0.0033408284037022007,-0.00025307387727034614,-0.003335254045876059,numpy.interp over backend branch T_K/log_w after averaging duplicate T rows,190.0,240.0
auto,lower_hopf,49,239.0,-2.530726273876952,0.07960118702433648,-2.525987370000003,0.07997930462198864,-0.004738903876948974,-0.00037811759765216113,-0.004727692988070886,numpy.interp over backend branch T_K/log_w after averaging duplicate T rows,190.0,240.0
auto,lower_hopf,50,240.0,-2.4804983214,0.08370150494678692,-2.474092000000006,0.08423944495764461,-0.006406321399993864,-0.0005379400108576904,-0.006385844673218886,numpy.interp over backend branch T_K/log_w after averaging duplicate T rows,190.0,240.0
auto,upper_hopf,0,190.0,-3.1479329512333334,0.04294079591307958,-3.141971000000005,0.04319757152548583,-0.005961951233328211,-0.00025677561240625146,-0.005944214068949645,numpy.interp over backend branch T_K/log_w after averaging duplicate T rows,190.0,240.0
auto,upper_hopf,1,191.0,-3.055887373389482,0.04708092386934788,-3.050833709999999,0.04731945723665355,-0.005053663389482654,-0.0002385333673056711,-0.0050409151168560665,numpy.interp over backend branch T_K/log_w after averaging duplicate T rows,190.0,240.0
auto,upper_hopf,2,192.0,-2.9650124582382937,0.051559826896503076,-2.960680239999995,0.05178367985878251,-0.004332218238298768,-0.0002238529622794333,-0.00432284771746417,numpy.interp over backend branch T_K/log_w after averaging duplicate T rows,190.0,240.0
auto,upper_hopf,3,193.0,-2.875286582627885,0.05639997393475949,-2.871510590000007,0.05661334240591734,-0.0037759926278781997,-0.00021336847115784735,-0.0037688725323439948,numpy.interp over backend branch T_K/log_w after averaging duplicate T rows,190.0,240.0
auto,upper_hopf,4,194.0,-2.7866878425063777,0.06162498792845896,-2.783324759999992,0.06183258673761164,-0.0033630825063855063,-0.0002075988091526787,-0.0033574336786786913,numpy.interp over backend branch T_K/log_w after averaging duplicate T rows,190.0,240.0
auto,upper_hopf,5,195.0,-2.699196540375021,0.0672595313537939,-2.6961227500000007,0.06746659112002755,-0.0030737903750202022,-0.0002070597662336554,-0.0030690711179594404,numpy.interp over backend branch T_K/log_w after averaging duplicate T rows,190.0,240.0
auto,upper_hopf,6,196.0,-2.612794855631148,0.07332931225914152,-2.609904559999997,0.07354156223483022,-0.002890295631151396,-0.0002122499756886942,-0.0028861227479903863,numpy.interp over backend branch T_K/log_w after averaging duplicate T rows,190.0,240.0
auto,upper_hopf,7,197.0,-2.527466309885492,0.0798611074631598,-2.524670190000002,0.08008472117349621,-0.0027961198854900005,-0.0002236137103364122,-0.002792214383215165,numpy.interp over backend branch T_K/log_w after averaging duplicate T rows,190.0,240.0
auto,upper_hopf,8,198.0,-2.443195648360928,0.08688276060682167,-2.4404196400000018,0.08712428295561428,-0.0027760083609260633,-0.0002415223487926138,-0.002772158812666017,numpy.interp over backend branch T_K/log_w after averaging duplicate T rows,190.0,240.0
auto,upper_hopf,9,199.0,-2.35996874601915,0.09442317425026583,-2.3571529099999964,0.09468942911445459,-0.0028158360191534726,-0.00026625486418875577,-0.0028118752713877254,numpy.interp over backend branch T_K/log_w after averaging duplicate T rows,190.0,240.0
auto,upper_hopf,10,200.0,-2.2777725198376513,0.10251229669556187,-2.27487,0.1028102729020545,-0.0029025198376513295,-0.00029797620649262,-0.002898311599430308,numpy.interp over backend branch T_K/log_w after averaging duplicate T rows,190.0,240.0
auto,upper_hopf,11,201.0,-2.1965968370978097,0.11118088192317191,-2.1935709099999983,0.11151781667945866,-0.003025927097811465,-0.0003369347562867525,-0.0030213535946029255,numpy.interp over backend branch T_K/log_w after averaging duplicate T rows,190.0,240.0
auto,upper_hopf,12,202.0,-2.1164296945851664,0.12046094402238597,-2.1132556399999984,0.12084390107587739,-0.0031740545851679514,-0.00038295705349142284,-0.0031690225992536077,numpy.interp over backend branch T_K/log_w after averaging duplicate T rows,190.0,240.0
auto,upper_hopf,13,203.0,-2.0372595451124664,0.1303855374048549,-2.0339241900000005,0.13082114552368268,-0.0033353551124659653,-0.00043560811882778494,-0.0033297989945281926,numpy.interp over backend branch T_K/log_w after averaging duplicate T rows,190.0,240.0
auto,upper_hopf,14,204.0,-1.9590769650145456,0.14098849819525303,-1.9555765599999972,0.1414828798044634,-0.0035004050145484022,-0.0004943816092103648,-0.0034942857389786354,numpy.interp over backend branch T_K/log_w after averaging duplicate T rows,190.0,240.0
auto,upper_hopf,15,205.0,-1.8818733764483273,0.15230451463987182,-1.8782127499999959,0.15286306627508262,-0.0036606264483314277,-0.0005585516352107911,-0.0036539345233704604,numpy.interp over backend branch T_K/log_w after averaging duplicate T rows,190.0,240.0
auto,upper_hopf,16,206.0,-1.805641021185354,0.16436905875076824,-1.8018327600000035,0.1649962124819275,-0.003808261185350492,-0.0006271537311592634,-0.0038010189550742404,numpy.interp over backend branch T_K/log_w after averaging duplicate T rows,190.0,240.0
auto,upper_hopf,17,207.0,-1.730372960352319,0.17721830224242172,-1.7264365899999987,0.177917273916397,-0.003936370352320306,-0.0006989716739752849,-0.003928633002232995,numpy.interp over backend branch T_K/log_w after averaging duplicate T rows,190.0,240.0
auto,upper_hopf,18,208.0,-1.6560630726541046,0.19088901890718293,-1.6520242399999958,0.19166154671519123,-0.004038832654108759,-0.0007725278080082942,-0.004030687538780376,numpy.interp over backend branch T_K/log_w after averaging duplicate T rows,190.0,240.0
auto,upper_hopf,19,209.0,-1.5827060619744995,0.20541847029841478,-1.5785957099999948,0.20626455016522202,-0.004110351974504711,-0.0008460798668072367,-0.004101916040005467,numpy.interp over backend branch T_K/log_w after averaging duplicate T rows,190.0,240.0
auto,upper_hopf,20,210.0,-1.5102974731714187,0.22084427294086123,-1.5061509999999956,0.2217618989347088,-0.004146473171423137,-0.000917625993847565,-0.004137888421120225,numpy.interp over backend branch T_K/log_w after averaging duplicate T rows,190.0,240.0
auto,upper_hopf,21,211.0,-1.4388337074095865,0.23720424697331785,-1.4346901099999982,0.23818916501934803,-0.004143597409588251,-0.000984918046030181,-0.0041350245547490646,numpy.interp over backend branch T_K/log_w after averaging duplicate T rows,190.0,240.0
auto,upper_hopf,22,212.0,-1.368312039840761,0.25453624418245985,-1.3642130400000028,0.2555817294649985,-0.004098999840758344,-0.0010454852825386718,-0.00409061040758725,numpy.interp over backend branch T_K/log_w after averaging duplicate T rows,190.0,240.0
auto,upper_hopf,23,213.0,-1.2987306545046413,0.2728779496875584,-1.294719790000002,0.27397462400592126,-0.004010864504639278,-0.0010966743183628558,-0.0040028317306465356,numpy.interp over backend branch T_K/log_w after averaging duplicate T rows,190.0,240.0
auto,upper_hopf,24,214.0,-1.2300886652702392,0.2922666626293699,-1.226210359999996,0.2934023628398887,-0.003878305270243132,-0.0011357002105187863,-0.003870794357367,numpy.interp over backend branch T_K/log_w after averaging duplicate T rows,190.0,240.0
auto,upper_hopf,25,215.0,-1.1623861591768243,0.3127390447027115,-1.158684749999999,0.31389876484806495,-0.0037014091768252655,-0.0011597201453534267,-0.003694567405879284,numpy.interp over backend branch T_K/log_w after averaging duplicate T rows,190.0,240.0
auto,upper_hopf,26,216.0,-1.0956242215159349,0.3343308452915556,-1.0921429599999968,0.33549676665795103,-0.0034812615159380833,-0.0011659213663954282,-0.0034752089506249095,numpy.interp over backend branch T_K/log_w after averaging duplicate T rows,190.0,240.0
auto,upper_hopf,27,217.0,-1.0298049860828202,0.35707658868399345,-1.0265849899999964,0.35822822704127233,-0.0032199960828238616,-0.0011516383572788835,-0.003214817455315157,numpy.interp over backend branch T_K/log_w after averaging duplicate T rows,190.0,240.0
auto,upper_hopf,28,218.0,-0.9649316693032073,0.3810092334762833,-0.9620108399999978,0.3821237232350551,-0.002920829303209471,-0.0011144897587718194,-0.002916567831320604,numpy.interp over backend branch T_K/log_w after averaging duplicate T rows,190.0,240.0
auto,upper_hopf,29,219.0,-0.9010086162112838,0.40615979372426947,-0.8984205100000011,0.40721233987227035,-0.0025881062112826925,-0.0010525461480008769,-0.002584759951849758,numpy.interp over backend branch T_K/log_w after averaging duplicate T rows,190.0,240.0
auto,upper_hopf,30,220.0,-0.8380413445525642,0.43255692423069037,-0.8358139999999991,0.4335214513078588,-0.0022273445525651248,-0.0009645270771684311,-0.002224865861328478,numpy.interp over backend branch T_K/log_w after averaging duplicate T rows,190.0,240.0
auto,upper_hopf,31,221.0,-0.7760365881311788,0.46022646835864195,-0.7741913099999991,0.4610764982256569,-0.0018452781311797395,-0.0008500298670149342,-0.001843576652217304,numpy.interp over backend branch T_K/log_w after averaging duplicate T rows,190.0,240.0
auto,upper_hopf,32,222.0,-0.7150023356906076,0.4891909691962451,-0.7135524399999937,0.48990075951098594,-0.0014498956906138227,-0.0007097903147408324,-0.0014488450996674063,numpy.interp over backend branch T_K/log_w after averaging duplicate T rows,190.0,240.0
auto,upper_hopf,33,223.0,-0.6549478855441977,0.5194691337328536,-0.6538973900000045,0.520015120471294,-0.0010504955441932307,-0.0005459867384403072,-0.0010499439669090294,numpy.interp over backend branch T_K/log_w after averaging duplicate T rows,190.0,240.0
auto,upper_hopf,34,224.0,-0.5958838694800254,0.5510752719333768,-0.5952261599999957,0.5514378385826285,-0.0006577094800296335,-0.00036256664925171656,-0.000657493236560677,numpy.interp over backend branch T_K/log_w after averaging duplicate T rows,190.0,240.0
auto,upper_hopf,35,225.0,-0.5378223008843019,0.5840186855363739,-0.537538750000003,0.5841843080311976,-0.00028355088429898867,-0.00016562249482365843,-0.00028351068754625566,numpy.interp over backend branch T_K/log_w after averaging duplicate T rows,190.0,240.0
auto,upper_hopf,36,226.0,-0.48077659941684214,0.6183030315328091,-0.48083516000000504,0.6182668244068766,5.8560583162892144e-05,3.6207125932441464e-05,5.8562297867391044e-05,numpy.interp over backend branch T_K/log_w after averaging duplicate T rows,190.0,240.0
auto,upper_hopf,37,227.0,-0.42475814674872864,0.6539279205999818,-0.4251153899999948,0.6536943509866011,0.0003572432512661816,0.00023356961338072413,0.0003573070702358137,numpy.interp over backend branch T_K/log_w after averaging duplicate T rows,190.0,240.0
auto,upper_hopf,38,228.0,-0.36978818617622927,0.6908806532131617,-0.3703794400000007,0.6904722881207873,0.0005912538237714537,0.00040836509237440755,0.0005914286487671037,numpy.interp over backend branch T_K/log_w after averaging duplicate T rows,190.0,240.0
auto,upper_hopf,39,229.0,-0.3158869889187431,0.7291418466201562,-0.3166273100000012,0.7286022473028959,0.0007403210812580996,0.0005395993172603308,0.0007405951865476577,numpy.interp over backend branch T_K/log_w after averaging duplicate T rows,190.0,240.0
auto,upper_hopf,40,230.0,-0.26306738167,0.7686900999434367,-0.26385900000000356,0.7680818315601948,0.000791618330003574,0.0006082683832419056,0.0007919317424893878,numpy.interp over backend branch T_K/log_w after averaging duplicate T rows,190.0,240.0
auto,upper_hopf,41,231.0,-0.21135457080928577,0.8094869955316115,-0.21207451000000072,0.8089044238524087,0.0007199391907149466,0.0005825716792028368,0.000720198409137557,numpy.interp over backend branch T_K/log_w after averaging duplicate T rows,190.0,240.0
auto,upper_hopf,42,232.0,-0.16076801946457925,0.8514895772055056,-0.16127383999999972,0.8510589852019781,0.0005058205354204759,0.0004305920035274635,0.0005059484841996857,numpy.interp over backend branch T_K/log_w after averaging duplicate T rows,190.0,240.0
auto,upper_hopf,43,233.0,-0.11132982049704628,0.8946436284570989,-0.11145698999999354,0.8945298643053717,0.0001271695029472636,0.00011376415172714704,0.00012717758933122728,numpy.interp over backend branch T_K/log_w after averaging duplicate T rows,190.0,240.0
auto,upper_hopf,44,234.0,-0.06306753556488494,0.9388800637524797,-0.06262395999999623,0.9392966203874636,-0.00044357556488870686,-0.00041655663498396667,-0.00044347719979247386,numpy.interp over backend branch T_K/log_w after averaging duplicate T rows,190.0,240.0
auto,upper_hopf,45,235.0,-0.016005653473696604,0.9841217563330943,-0.014774749999993677,0.9853338610604303,-0.0012309034737029278,-0.0012121047273360164,-0.001230146222754927,numpy.interp over backend branch T_K/log_w after averaging duplicate T rows,190.0,240.0
auto,upper_hopf,46,236.0,0.029829054352044995,1.030278397290849,0.03209063999999977,1.0326110969333075,-0.002261585647954773,-0.0023326996424586355,-0.0022590301899586265,numpy.interp over backend branch T_K/log_w after averaging duplicate T rows,190.0,240.0
auto,upper_hopf,47,237.0,0.07440883920136007,1.0772471363367193,0.07797220999999159,1.0810926146888526,-0.0035633707986315183,-0.0038454783521333358,-0.0035570295272436916,numpy.interp over backend branch T_K/log_w after averaging duplicate T rows,190.0,240.0
auto,upper_hopf,48,238.0,0.11770520603907045,1.1249124450877497,0.12286995999999567,1.1307373702988248,-0.005164753960925222,-0.005824925211075138,-0.005151439550932822,numpy.interp over backend branch T_K/log_w after averaging duplicate T rows,190.0,240.0
auto,upper_hopf,49,239.0,0.15968909082737684,1.173146072410397,0.166783890000005,1.181498903988153,-0.007094799172628147,-0.008352831577755904,-0.007069690500398178,numpy.interp over backend branch T_K/log_w after averaging duplicate T rows,190.0,240.0
auto,upper_hopf,50,240.0,0.20033108014,1.2218072073051833,0.2097139999999982,1.233325278481749,-0.009382919859998201,-0.01151807117656567,-0.009339037622535941,numpy.interp over backend branch T_K/log_w after averaging duplicate T rows,190.0,240.0
loca,lower_hopf,0,190.0,-5.97682099160565,0.0025368782440702052,-5.975287000000002,0.002540772780330431,-0.0015339916056484881,-3.894536260225841e-06,-0.001532815641908503,numpy.interp over backend branch T_K/log_w after averaging duplicate T rows,190.0,240.0
loca,lower_hopf,1,191.0,-5.888081852200697,0.002772289260689143,-5.887134570000001,0.0027749166452017957,-0.0009472822006966197,-2.6273845126528923e-06,-0.0009468336705522285,numpy.interp over backend branch T_K/log_w after averaging duplicate T rows,190.0,240.0
loca,lower_hopf,2,192.0,-5.800202648069234,0.003026941279413109,-5.799722080000002,0.0030283962803249226,-0.0004805680692321346,-1.455000911813626e-06,-0.00048045261489276304,numpy.interp over backend branch T_K/log_w after averaging duplicate T rows,190.0,240.0
loca,lower_hopf,3,193.0,-5.713172913582953,0.0033021783785318706,-5.713049529999999,0.003302585838268172,-0.00012338358295416185,-4.074597363015568e-07,-0.0001233759715130441,numpy.interp over backend branch T_K/log_w after averaging duplicate T rows,190.0,240.0
loca,lower_hopf,4,194.0,-5.6269823094988025,0.0035994208930600195,-5.627116919999999,0.003598936405818855,0.00013461050119634166,4.844872411643303e-07,0.000134619561596309,numpy.interp over backend branch T_K/log_w after averaging duplicate T rows,190.0,240.0
loca,lower_hopf,5,195.0,-5.541620660406213,0.003920168425530483,-5.541924250000001,0.003918978483826695,0.0003035895937877342,1.1899417037882637e-06,0.0003036356817724456,numpy.interp over backend branch T_K/log_w after averaging duplicate T rows,190.0,240.0
loca,lower_hopf,6,196.0,-5.457077987908252,0.004266002862592442,-5.457471519999999,0.0042643243838518165,0.00039353209174652903,1.6784787406258841e-06,0.0003936095356586762,numpy.interp over backend branch T_K/log_w after averaging duplicate T rows,190.0,240.0
loca,lower_hopf,7,197.0,-5.373344540592315,0.004638591380642547,-5.373758730000002,0.0046366705230529905,0.0004141894076870045,1.9208575895565336e-06,0.00041427519596362334,numpy.interp over backend branch T_K/log_w after averaging duplicate T rows,190.0,240.0
loca,lower_hopf,8,198.0,-5.290410821680247,0.005039689420671598,-5.290785880000001,0.0050377995976444755,0.0003750583197543733,1.8898230271227265e-06,0.0003751286629198889,numpy.interp over backend branch T_K/log_w after averaging duplicate T rows,190.0,240.0
loca,lower_hopf,9,199.0,-5.208267614880746,0.005471143610271599,-5.208552970000003,0.005469582614163923,0.0002853551192574244,1.5609961076766543e-06,0.00028539583690249595,numpy.interp over backend branch T_K/log_w after averaging duplicate T rows,190.0,240.0
loca,lower_hopf,10,200.0,-5.126906009282269,0.005934894605058758,-5.12706,0.005933980756742751,0.000153990717731034,9.138483160068059e-07,0.0001540025749103424,numpy.interp over backend branch T_K/log_w after averaging duplicate T rows,190.0,240.0
loca,lower_hopf,11,201.0,-5.046317423557812,0.006432979819681457,-5.046306970000003,0.006433047067559374,-1.045355780870949e-05,-6.724787791640569e-08,-1.0453503170453062e-05,numpy.interp over backend branch T_K/log_w after averaging duplicate T rows,190.0,240.0
loca,lower_hopf,12,202.0,-4.96649363006621,0.006967536011909178,-4.966293880000002,0.006968927916700771,-0.000199750066207649,-1.3919047915922356e-06,-0.00019973011749147078,numpy.interp over backend branch T_K/log_w after averaging duplicate T rows,190.0,240.0
loca,lower_hopf,13,203.0,-4.887426779180546,0.007540801678689809,-4.887020729999996,0.007543864236764652,-0.00040604918055020534,-3.0625580748431386e-06,-0.0004059667537384769,numpy.interp over backend branch T_K/log_w after averaging duplicate T rows,190.0,240.0
loca,lower_hopf,14,204.0,-4.80910942414383,0.008155119216902667,-4.80848752,0.008160192496720443,-0.0006219041438297879,-5.073279817776125e-06,-0.0006217108015301185,numpy.interp over backend branch T_K/log_w after averaging duplicate T rows,190.0,240.0
loca,lower_hopf,15,205.0,-4.731534546758333,0.008812936794327306,-4.730694249999999,0.008820345388820013,-0.0008402967583336363,-7.408594492707213e-06,-0.0008399438078805591,numpy.interp over backend branch T_K/log_w after averaging duplicate T rows,190.0,240.0
loca,lower_hopf,16,206.0,-4.654695584093875,0.009516809869351339,-4.653640920000001,0.0095268522017216,-0.0010546640938740026,-1.0042332370261559e-05,-0.0010541081311670612,numpy.interp over backend branch T_K/log_w after averaging duplicate T rows,190.0,240.0
loca,lower_hopf,17,207.0,-4.578586456545509,0.010269402287949609,-4.577327529999998,0.0102823388524801,-0.0012589265455114074,-1.2936564530491648e-05,-0.001258134429928007,numpy.interp over backend branch T_K/log_w after averaging duplicate T rows,190.0,240.0
loca,lower_hopf,18,208.0,-4.503201597228276,0.011073486879860291,-4.501754080000005,0.011089527549668035,-0.001447517228271522,-1.6040669807744143e-05,-0.0014464700805242438,numpy.interp over backend branch T_K/log_w after averaging duplicate T rows,190.0,240.0
loca,lower_hopf,19,209.0,-4.428535983027068,0.011931945462562868,-4.42692057,0.011951236059647274,-0.0016154130270678024,-1.9290597084406155e-05,-0.0016141089497461983,numpy.interp over backend branch T_K/log_w after averaging duplicate T rows,190.0,240.0
loca,lower_hopf,20,210.0,-4.354585167232023,0.012847768154095147,-4.352827000000005,0.012870376547913,-0.0017581672320181596,-2.2608393817853678e-05,-0.0017566225614059246,numpy.interp over backend branch T_K/log_w after averaging duplicate T rows,190.0,240.0
loca,lower_hopf,21,211.0,-4.281345314007906,0.013824051880360184,-4.279473370000002,0.013849953967507211,-0.001871944007904247,-2.5902087147026964e-05,-0.0018701930134782216,numpy.interp over backend branch T_K/log_w after averaging duplicate T rows,190.0,240.0
loca,lower_hopf,22,212.0,-4.20881323450548,0.014863997954790651,-4.206859679999997,0.014893063966740118,-0.0019535545054827352,-2.9066011949466924e-05,-0.0019516475598559497,numpy.interp over backend branch T_K/log_w after averaging duplicate T rows,190.0,240.0
loca,lower_hopf,23,213.0,-4.136986424878305,0.01597090858911969,-4.134985930000006,0.016002890288901468,-0.0020004948782990084,-3.1981699781778034e-05,-0.001998495222076127,numpy.interp over backend branch T_K/log_w after averaging duplicate T rows,190.0,240.0
loca,lower_hopf,24,214.0,-4.065863105831142,0.01714818218844077,-4.06385212,0.017182701637279592,-0.0020109858311423423,-3.4519448838820493e-05,-0.002008965153880522,numpy.interp over backend branch T_K/log_w after averaging duplicate T rows,190.0,240.0
loca,lower_hopf,25,215.0,-3.99544226382341,0.018399307263046352,-3.9934582500000033,0.018435847979654474,-0.0019840138234066274,-3.654071660812164e-05,-0.0019820469689513292,numpy.interp over backend branch T_K/log_w after averaging duplicate T rows,190.0,240.0
loca,lower_hopf,26,216.0,-3.925723693616205,0.0197278547816206,-3.923804319999995,0.019765756267513142,-0.001919373616209974,-3.790148589254139e-05,-0.0019175327965991365,numpy.interp over backend branch T_K/log_w after averaging duplicate T rows,190.0,240.0
loca,lower_hopf,27,217.0,-3.856708041985752,0.021137468775109584,-3.8548903300000035,0.02117592554652898,-0.001817711985748538,-3.8456771419396324e-05,-0.0018160609478389438,numpy.interp over backend branch T_K/log_w after averaging duplicate T rows,190.0,240.0
loca,lower_hopf,28,218.0,-3.7883968521571822,0.02263185499329553,-3.7867162800000003,0.022669921436405522,-0.001680572157181981,-3.806644310999294e-05,-0.0016791607865416865,numpy.interp over backend branch T_K/log_w after averaging duplicate T rows,190.0,240.0
loca,lower_hopf,29,219.0,-3.7207926086284737,0.024214767403897577,-3.7192821700000067,0.024251369959962226,-0.0015104386284670035,-3.660255606464935e-05,-0.0015092984901503832,numpy.interp over backend branch T_K/log_w after averaging duplicate T rows,190.0,240.0
loca,lower_hopf,30,220.0,-3.653898781926918,0.02588999231822513,-3.6525880000000015,0.02592395070340052,-0.0013107819269166932,-3.395838517538871e-05,-0.0013099232275169499,numpy.interp over backend branch T_K/log_w after averaging duplicate T rows,190.0,240.0
loca,lower_hopf,31,221.0,-3.5877198727006734,0.027661329926011786,-3.586633769999999,0.02769138929197307,-0.0010861027006745516,-3.005936596128453e-05,-0.0010855131046096653,numpy.interp over backend branch T_K/log_w after averaging duplicate T rows,190.0,240.0
loca,lower_hopf,32,222.0,-3.522261452276534,0.02953257308904298,-3.5214194799999987,0.029557449167853467,-0.0008419722765351523,-2.487607881048598e-05,-0.0008416179173384514,numpy.interp over backend branch T_K/log_w after averaging duplicate T rows,190.0,240.0
loca,lower_hopf,33,223.0,-3.4575302052661434,0.031507483017036216,-3.456945130000001,0.03152592265981132,-0.0005850752661422653,-1.8439642775106013e-05,-0.0005849041429836576,numpy.interp over backend branch T_K/log_w after averaging duplicate T rows,190.0,240.0
loca,lower_hopf,34,224.0,-3.393533988691591,0.03358976106397234,-3.393210720000006,0.033600621337380746,-0.0003232686915848326,-1.086027340840845e-05,-0.00032321644589132574,numpy.interp over backend branch T_K/log_w after averaging duplicate T rows,190.0,240.0
loca,lower_hopf,35,225.0,-3.330281692173289,0.035783023850066736,-3.3302162499999994,0.035785365645539614,-6.544217328974256e-05,-2.3417954728779944e-06,-6.544003199726651e-05,numpy.interp over backend branch T_K/log_w after averaging duplicate T rows,190.0,240.0
loca,lower_hopf,36,226.0,-3.2677836631410844,0.038090755535995204,-3.2679617200000024,0.03808397381949414,0.0001780568589180298,6.781716501064183e-06,0.0001780727119813534,numpy.interp over backend branch T_K/log_w after averaging duplicate T rows,190.0,240.0
loca,lower_hopf,37,227.0,-3.206053246018842,0.04051620562484315,-3.206447130000001,0.04050025008299265,0.00039388398115880463,1.595554185050002e-05,0.00039396156363983204,numpy.interp over backend branch T_K/log_w after averaging duplicate T rows,190.0,240.0
loca,lower_hopf,38,228.0,-3.1450905543721417,0.043063024325134876,-3.145672480000009,0.04303797213762855,0.0005819256278671858,2.505218750632754e-05,0.0005820949794338509,numpy.interp over backend branch T_K/log_w after averaging duplicate T rows,190.0,240.0
loca,lower_hopf,39,229.0,-3.0849341767201803,0.045733044100105355,-3.085637769999998,0.04570087795487968,0.0007035932798178379,3.2166145225671905e-05,0.0007038408596313933,numpy.interp over backend branch T_K/log_w after averaging duplicate T rows,190.0,240.0
loca,lower_hopf,40,230.0,-3.025552509966718,0.048530999999987987,-3.026342999999997,0.048492651887080344,0.0007904900332791343,3.834811290764212e-05,0.0007908025528679947,numpy.interp over backend branch T_K/log_w after averaging duplicate T rows,190.0,240.0
loca,lower_hopf,41,231.0,-2.9670311705099777,0.051455847428846305,-2.9677881699999986,0.05141691011820563,0.0007569994900209487,3.893731064067568e-05,0.0007572860864482172,numpy.interp over backend branch T_K/log_w after averaging duplicate T rows,190.0,240.0
loca,lower_hopf,42,232.0,-2.90935647598883,0.05451079759163721,-2.9099732799999956,0.054477185480139086,0.0006168040111655948,3.361211149812554e-05,0.0006169942738759809,numpy.interp over backend branch T_K/log_w after averaging duplicate T rows,190.0,240.0
loca,lower_hopf,43,233.0,-2.852523056947153,0.05769856031761885,-2.852898330000002,0.057676911665075485,0.0003752730528492343,2.1648652543365676e-05,0.00037534347659038,numpy.interp over backend branch T_K/log_w after averaging duplicate T rows,190.0,240.0
loca,lower_hopf,44,234.0,-2.796572831647912,0.0610188264774333,-2.796563319999997,0.06101940686978718,-9.51164791507253e-06,-5.803923538785782e-07,-9.511602679408387e-06,numpy.interp over backend branch T_K/log_w after averaging duplicate T rows,190.0,240.0
loca,lower_hopf,45,235.0,-2.741521310398587,0.06447219003545478,-2.7409682500000017,0.06450785691263297,-0.00055306039858527,-3.5666877178194833e-05,-0.0005529074888738083,numpy.interp over backend branch T_K/log_w after averaging duplicate T rows,190.0,240.0
loca,lower_hopf,46,236.0,-2.6873907039741,0.0680582921193839,-2.6861131200000017,0.0681452978694417,-0.001277583974098384,-8.700575005780864e-05,-0.0012767682111317691,numpy.interp over backend branch T_K/log_w after averaging duplicate T rows,190.0,240.0
loca,lower_hopf,47,237.0,-2.634202520787752,0.07177618660754898,-2.6319979300000043,0.07193459827962047,-0.0022045907877479287,-0.00015841167207149287,-0.002202162462292806,numpy.interp over backend branch T_K/log_w after averaging duplicate T rows,190.0,240.0
loca,lower_hopf,48,238.0,-2.581963085544521,0.07562539908072792,-2.5786226800000023,0.07587844097911052,-0.003340405544518532,-0.00025304189838259994,-0.0033348325969462505,numpy.interp over backend branch T_K/log_w after averaging duplicate T rows,190.0,240.0
loca,lower_hopf,49,239.0,-2.5307260078024587,0.07960120820418479,-2.525987370000003,0.07997930462198864,-0.0047386378024558695,-0.0003780964178038554,-0.004727428171461066,numpy.interp over backend branch T_K/log_w after averaging duplicate T rows,190.0,240.0
loca,lower_hopf,50,240.0,-2.4804982708235075,0.08370150918011555,-2.474092000000006,0.08423944495764461,-0.006406270823501536,-0.0005379357775290583,-0.006385794419698884,numpy.interp over backend branch T_K/log_w after averaging duplicate T rows,190.0,240.0
loca,upper_hopf,0,190.0,-3.14793254318819,0.04294081343486639,-3.141971000000005,0.04319757152548583,-0.005961543188184759,-0.00025675809061944527,-0.005943808449231049,numpy.interp over backend branch T_K/log_w after averaging duplicate T rows,190.0,240.0
loca,upper_hopf,1,191.0,-3.0558867045692177,0.047080955358034346,-3.050833709999999,0.04731945723665355,-0.005052994569218594,-0.00023850187861920724,-0.00504024966783567,numpy.interp over backend branch T_K/log_w after averaging duplicate T rows,190.0,240.0
loca,upper_hopf,2,192.0,-2.965011897302794,0.05155985581824846,-2.960680239999995,0.05178367985878251,-0.004331657302798941,-0.00022382404053405275,-0.004322289206646487,numpy.interp over backend branch T_K/log_w after averaging duplicate T rows,190.0,240.0
loca,upper_hopf,3,193.0,-2.875285231467415,0.056400050140226275,-2.871510590000007,0.05661334240591734,-0.003774641467408024,-0.00021329226569106324,-0.003767526463315996,numpy.interp over backend branch T_K/log_w after averaging duplicate T rows,190.0,240.0
loca,upper_hopf,4,194.0,-2.786685689782648,0.0616251205901756,-2.783324759999992,0.06183258673761164,-0.003360929782656008,-0.00020746614743603897,-0.0033552881802669447,numpy.interp over backend branch T_K/log_w after averaging duplicate T rows,190.0,240.0
loca,upper_hopf,5,195.0,-2.6991939207688325,0.06725970754750925,-2.6961227500000007,0.06746659112002755,-0.003071170768831788,-0.00020688357251830158,-0.0030664595481079216,numpy.interp over backend branch T_K/log_w after averaging duplicate T rows,190.0,240.0
loca,upper_hopf,6,196.0,-2.6127920656981627,0.07332951684329397,-2.609904559999997,0.07354156223483022,-0.002887505698165871,-0.0002120453915362419,-0.0028833408632134624,numpy.interp over backend branch T_K/log_w after averaging duplicate T rows,190.0,240.0
loca,upper_hopf,7,197.0,-2.527463614223945,0.07986132274196645,-2.524670190000002,0.08008472117349621,-0.0027934242239431306,-0.0002233984315297699,-0.002789526244910033,numpy.interp over backend branch T_K/log_w after averaging duplicate T rows,190.0,240.0
loca,upper_hopf,8,198.0,-2.4431932844343165,0.08688296599153428,-2.4404196400000018,0.08712428295561428,-0.002773644434314715,-0.0002413169640800017,-0.0027698014364484504,numpy.interp over backend branch T_K/log_w after averaging duplicate T rows,190.0,240.0
loca,upper_hopf,9,199.0,-2.35996692380774,0.09442334630940806,-2.3571529099999964,0.09468942911445459,-0.0028140138077437094,-0.00026608280504653026,-0.0028100581821536405,numpy.interp over backend branch T_K/log_w after averaging duplicate T rows,190.0,240.0
loca,upper_hopf,10,200.0,-2.277771428070731,0.10251240861515745,-2.27487,0.1028102729020545,-0.002901428070730905,-0.0002978642868970427,-0.002897222996196233,numpy.interp over backend branch T_K/log_w after averaging duplicate T rows,190.0,240.0
loca,upper_hopf,11,201.0,-2.196594675549117,0.11118112224632165,-2.1935709099999983,0.11151781667945866,-0.00302376554911854,-0.00033669443313701086,-0.003019198574383758,numpy.interp over backend branch T_K/log_w after averaging duplicate T rows,190.0,240.0
loca,upper_hopf,12,202.0,-2.116425474919991,0.1204614523283089,-2.1132556399999984,0.12084390107587739,-0.0031698349199924536,-0.0003824487475684868,-0.0031648162974178464,numpy.interp over backend branch T_K/log_w after averaging duplicate T rows,190.0,240.0
loca,upper_hopf,13,203.0,-2.037253524687254,0.1303863223835946,-2.0339241900000005,0.13082114552368268,-0.0033293346872533824,-0.00043482314008808087,-0.0033237985980589385,numpy.interp over backend branch T_K/log_w after averaging duplicate T rows,190.0,240.0
loca,upper_hopf,14,204.0,-1.9590693829455044,0.14098956718383293,-1.9555765599999972,0.1414828798044634,-0.0034928229455071236,-0.0004933126206304594,-0.0034867301352095943,numpy.interp over backend branch T_K/log_w after averaging duplicate T rows,190.0,240.0
loca,upper_hopf,15,205.0,-1.881864446241741,0.1523058747567246,-1.8782127499999959,0.15286306627508262,-0.003651696241745217,-0.0005571915183580078,-0.003645036907445789,numpy.interp over backend branch T_K/log_w after averaging duplicate T rows,190.0,240.0
loca,upper_hopf,16,206.0,-1.8056309365594647,0.16437071635959166,-1.8018327600000035,0.1649962124819275,-0.0037981765594612416,-0.0006254961223358391,-0.0037909726103825046,numpy.interp over backend branch T_K/log_w after averaging duplicate T rows,190.0,240.0
loca,upper_hopf,17,207.0,-1.7303618955733475,0.17722026313461414,-1.7264365899999987,0.177917273916397,-0.003925305573348803,-0.0006970107817828586,-0.003917611631742866,numpy.interp over backend branch T_K/log_w after averaging duplicate T rows,190.0,240.0
loca,upper_hopf,18,208.0,-1.656051185504351,0.1908912880470238,-1.6520242399999958,0.19166154671519123,-0.004026945504355117,-0.0007702586681674339,-0.004018848232045404,numpy.interp over backend branch T_K/log_w after averaging duplicate T rows,190.0,240.0
loca,upper_hopf,19,209.0,-1.582693495925866,0.20542105161312119,-1.5785957099999948,0.20626455016522202,-0.004097785925871289,-0.0008434985521008354,-0.004089401457619238,numpy.interp over backend branch T_K/log_w after averaging duplicate T rows,190.0,240.0
loca,upper_hopf,20,210.0,-1.5102843560762949,0.22084716979519606,-1.5061509999999956,0.2217618989347088,-0.004133356076299277,-0.0009147291395127377,-0.004124825517398967,numpy.interp over backend branch T_K/log_w after averaging duplicate T rows,190.0,240.0
loca,upper_hopf,21,211.0,-1.4388201521574984,0.23720746235847456,-1.4346901099999982,0.23818916501934803,-0.0041300421575001245,-0.000981702660873468,-0.004121525262468276,numpy.interp over backend branch T_K/log_w after averaging duplicate T rows,190.0,240.0
loca,upper_hopf,22,212.0,-1.3682981492394173,0.25453977986851173,-1.3642130400000028,0.2555817294649985,-0.004085109239414519,-0.0010419495964867909,-0.004076776531201477,numpy.interp over backend branch T_K/log_w after averaging duplicate T rows,190.0,240.0
loca,upper_hopf,23,213.0,-1.2987165173953024,0.2728818074202378,-1.294719790000002,0.27397462400592126,-0.003996727395300326,-0.0010928165856834426,-0.003988751110248167,numpy.interp over backend branch T_K/log_w after averaging duplicate T rows,190.0,240.0
loca,upper_hopf,24,214.0,-1.2300743616480845,0.2922708431311787,-1.226210359999996,0.2934023628398887,-0.003864001648088422,-0.0011315197087100048,-0.0038565459996908118,numpy.interp over backend branch T_K/log_w after averaging duplicate T rows,190.0,240.0
loca,upper_hopf,25,215.0,-1.1623717553969544,0.31274354935951015,-1.158684749999999,0.31389876484806495,-0.003687005396955323,-0.001155215488554795,-0.003680216738393185,numpy.interp over backend branch T_K/log_w after averaging duplicate T rows,190.0,240.0
loca,upper_hopf,26,216.0,-1.0956097768716049,0.33433567461658326,-1.0921429599999968,0.33549676665795103,-0.0034668168716081027,-0.0011610920413677728,-0.003460814400490306,numpy.interp over backend branch T_K/log_w after averaging duplicate T rows,190.0,240.0
loca,upper_hopf,27,217.0,-1.0297905482291558,0.3570817441407446,-1.0265849899999964,0.35822822704127233,-0.0032055582291594664,-0.0011464829005277122,-0.0032004259128235115,numpy.interp over backend branch T_K/log_w after averaging duplicate T rows,190.0,240.0
loca,upper_hopf,28,218.0,-0.9649172767189208,0.3810147172232526,-0.9620108399999978,0.3821237232350551,-0.002906436718922989,-0.001109006011802527,-0.002902217120710786,numpy.interp over backend branch T_K/log_w after averaging duplicate T rows,190.0,240.0
loca,upper_hopf,29,219.0,-0.9009942974877838,0.40616560945568947,-0.8984205100000011,0.40721233987227035,-0.002573787487782697,-0.0010467304165808766,-0.0025704781365643364,numpy.interp over backend branch T_K/log_w after averaging duplicate T rows,190.0,240.0
loca,upper_hopf,30,220.0,-0.8380271172541732,0.4325630783909009,-0.8358139999999991,0.4335214513078588,-0.0022131172541741684,-0.0009583729169578836,-0.0022106701157846727,numpy.interp over backend branch T_K/log_w after averaging duplicate T rows,190.0,240.0
loca,upper_hopf,31,221.0,-0.776022458234195,0.46023297135717234,-0.7741913099999991,0.4610764982256569,-0.001831148234195945,-0.0008435268684845454,-0.0018294727051382095,numpy.interp over backend branch T_K/log_w after averaging duplicate T rows,190.0,240.0
loca,upper_hopf,32,222.0,-0.7149883014478027,0.4891978346692605,-0.7135524399999937,0.48990075951098594,-0.0014358614478089393,-0.0007029248417254608,-0.0014348310919687353,numpy.interp over backend branch T_K/log_w after averaging duplicate T rows,190.0,240.0
loca,upper_hopf,33,223.0,-0.6549339284700992,0.5194763840526415,-0.6538973900000045,0.520015120471294,-0.0010365384700947722,-0.0005387364186524302,-0.0010360014496581733,numpy.interp over backend branch T_K/log_w after averaging duplicate T rows,190.0,240.0
loca,upper_hopf,34,224.0,-0.5958699605733305,0.5510829368412211,-0.5952261599999957,0.5514378385826285,-0.0006438005733347962,-0.0003549017414073985,-0.000643593378212147,numpy.interp over backend branch T_K/log_w after averaging duplicate T rows,190.0,240.0
loca,upper_hopf,35,225.0,-0.537808394469698,0.5840268071988229,-0.537538750000003,0.5841843080311976,-0.00026964446969501843,-0.0001575008323746463,-0.0002696081188922233,numpy.interp over backend branch T_K/log_w after averaging duplicate T rows,190.0,240.0
loca,upper_hopf,36,226.0,-0.4807626369305313,0.6183116646406924,-0.48083516000000504,0.6182668244068766,7.252306947375109e-05,4.48402338157905e-05,7.252569933508431e-05,numpy.interp over backend branch T_K/log_w after averaging duplicate T rows,190.0,240.0
loca,upper_hopf,37,227.0,-0.4247475667807245,0.653934839173058,-0.4251153899999948,0.6536943509866011,0.00036782321927031347,0.00024048818645683312,0.00036789087452548973,numpy.interp over backend branch T_K/log_w after averaging duplicate T rows,190.0,240.0
loca,upper_hopf,38,228.0,-0.3697798163640778,0.6908864357786477,-0.3703794400000007,0.6904722881207873,0.000599623635922919,0.00041414765786040864,0.0005998034461130466,numpy.interp over backend branch T_K/log_w after averaging duplicate T rows,190.0,240.0
loca,upper_hopf,39,229.0,-0.3158792119477725,0.7291475171571806,-0.3166273100000012,0.7286022473028959,0.0007480980522286962,0.0005452698542847134,0.0007483779473686317,numpy.interp over backend branch T_K/log_w after averaging duplicate T rows,190.0,240.0
loca,upper_hopf,40,230.0,-0.2630805209178614,0.7686800000000379,-0.26385900000000356,0.7680818315601948,0.0007784790821421805,0.0005981684398430609,0.0007787821756283558,numpy.interp over backend branch T_K/log_w after averaging duplicate T rows,190.0,240.0
loca,upper_hopf,41,231.0,-0.2113537672141963,0.8094876460316475,-0.21207451000000072,0.8089044238524087,0.000720742785804418,0.0005832221792387848,0.0007210025832980221,numpy.interp over backend branch T_K/log_w after averaging duplicate T rows,190.0,240.0
loca,upper_hopf,42,232.0,-0.1607667945924423,0.8514906201720023,-0.16127383999999972,0.8510589852019781,0.000507045407557416,0.00043163497002418616,0.0005071739768093138,numpy.interp over backend branch T_K/log_w after averaging duplicate T rows,190.0,240.0
loca,upper_hopf,43,233.0,-0.111329819213638,0.894643629605292,-0.11145698999999354,0.8945298643053717,0.00012717078635553214,0.0001137652999202432,0.0001271788729027904,numpy.interp over backend branch T_K/log_w after averaging duplicate T rows,190.0,240.0
loca,upper_hopf,44,234.0,-0.0630674517114801,0.938880142480773,-0.06262395999999623,0.9392966203874636,-0.00044349171148386213,-0.00041647790669063767,-0.0004433933835712502,numpy.interp over backend branch T_K/log_w after averaging duplicate T rows,190.0,240.0
loca,upper_hopf,45,235.0,-0.0160054720762177,0.984121934850316,-0.014774749999993677,0.9853338610604303,-0.001230722076224022,-0.0012119262101143446,-0.001229965048405068,numpy.interp over backend branch T_K/log_w after averaging duplicate T rows,190.0,240.0
loca,upper_hopf,46,236.0,0.0298292865995765,1.0302786365704912,0.03209063999999977,1.0326110969333075,-0.002261353400423268,-0.002332460362816313,-0.002258798467054396,numpy.interp over backend branch T_K/log_w after averaging duplicate T rows,190.0,240.0
loca,upper_hopf,47,237.0,0.0744090776343353,1.0772473931879896,0.07797220999999159,1.0810926146888526,-0.0035631323656562935,-0.003845221500863083,-0.003556791942353403,numpy.interp over backend branch T_K/log_w after averaging duplicate T rows,190.0,240.0
loca,upper_hopf,48,238.0,0.1177054039754363,1.124912667748853,0.12286995999999567,1.1307373702988248,-0.005164556024559369,-0.005824702549971805,-0.0051512426342046926,numpy.interp over backend branch T_K/log_w after averaging duplicate T rows,190.0,240.0
loca,upper_hopf,49,239.0,0.1596892004295005,1.173146200989705,0.166783890000005,1.181498903988153,-0.007094689570504492,-0.008352702998448036,-0.007069581673121713,numpy.interp over backend branch T_K/log_w after averaging duplicate T rows,190.0,240.0
loca,upper_hopf,50,240.0,0.2004302416907703,1.2219283696098238,0.2097139999999982,1.233325278481749,-0.009283758309227896,-0.011396908871925238,-0.009240797274466868,numpy.interp over backend branch T_K/log_w after averaging duplicate T rows,190.0,240.0
python,lower_hopf,0,190.0,-5.976855534251504,0.0025367906150969228,-5.975287000000002,0.002540772780330431,-0.0015685342515023848,-3.98216523350833e-06,-0.0015673047445787119,numpy.interp over backend branch T_K/log_w after averaging duplicate T rows,190.0,240.0
python,lower_hopf,1,191.0,-5.888114612909845,0.002772198440014682,-5.887134570000001,0.0027749166452017957,-0.0009800429098447694,-2.7182051871139055e-06,-0.0009795628246398133,numpy.interp over backend branch T_K/log_w after averaging duplicate T rows,190.0,240.0
python,lower_hopf,2,192.0,-5.800233648986881,0.003026847442910302,-5.799722080000002,0.0030283962803249226,-0.0005115689868784301,-1.5488374146208073e-06,-0.0005114381577745927,numpy.interp over backend branch T_K/log_w after averaging duplicate T rows,190.0,240.0
python,lower_hopf,3,193.0,-5.713202178173351,0.0033020817430482103,-5.713049529999999,0.003302585838268172,-0.00015264817335136627,-5.040952199618191e-07,-0.0001526365232118113,numpy.interp over backend branch T_K/log_w after averaging duplicate T rows,190.0,240.0
python,lower_hopf,4,194.0,-5.627009862888652,0.0035993217181792283,-5.627116919999999,0.003598936405818855,0.0001070571113466201,3.8531236037312594e-07,0.00010706284216363,numpy.interp over backend branch T_K/log_w after averaging duplicate T rows,190.0,240.0
python,lower_hopf,5,195.0,-5.541646529007504,0.003920067017568138,-5.541924250000001,0.003918978483826695,0.0002777209924973434,1.0885337414431873e-06,0.0002777595605424927,numpy.interp over backend branch T_K/log_w after averaging duplicate T rows,190.0,240.0
python,lower_hopf,6,196.0,-5.457102199510431,0.004265899577078597,-5.457471519999999,0.0042643243838518165,0.00036932048956739294,1.5751932267802499e-06,0.0003693886967757909,numpy.interp over backend branch T_K/log_w after averaging duplicate T rows,190.0,240.0
python,lower_hopf,7,197.0,-5.37336712409294,0.004638486626194068,-5.373758730000002,0.0046366705230529905,0.00039160590706188714,1.8161031410772466e-06,0.0003916825946652434,numpy.interp over backend branch T_K/log_w after averaging duplicate T rows,190.0,240.0
python,lower_hopf,8,198.0,-5.290431806518237,0.005039583664715226,-5.290785880000001,0.0050377995976444755,0.00035407348176441644,1.7840670707503295e-06,0.0003541361731785651,numpy.interp over backend branch T_K/log_w after averaging duplicate T rows,190.0,240.0
python,lower_hopf,9,199.0,-5.208287030776894,0.005471037384146689,-5.208552970000003,0.005469582614163923,0.000265939223108802,1.454769982766474e-06,0.0002659745880790301,numpy.interp over backend branch T_K/log_w after averaging duplicate T rows,190.0,240.0
python,lower_hopf,10,200.0,-5.12692388590156,0.005934788510155685,-5.12706,0.005933980756742751,0.00013611409844038747,8.077534129338412e-07,0.00013612336238468507,numpy.interp over backend branch T_K/log_w after averaging duplicate T rows,190.0,240.0
python,lower_hopf,11,201.0,-5.046333790309539,0.006432874533559481,-5.046306970000003,0.006433047067559374,-2.6820309535935394e-05,-1.7253399989258789e-07,-2.6819949874553825e-05,numpy.interp over backend branch T_K/log_w after averaging duplicate T rows,190.0,240.0
python,lower_hopf,12,202.0,-4.9665085159333735,0.006967432294865608,-4.966293880000002,0.006968927916700771,-0.00021463593337145426,-1.4956218351630177e-06,-0.0002146129007273582,numpy.interp over backend branch T_K/log_w after averaging duplicate T rows,190.0,240.0
python,lower_hopf,13,203.0,-4.8874402125722,0.0075407003808278675,-4.887020729999996,0.007543864236764652,-0.00041948257220347784,-3.1638559367845945e-06,-0.00041939460169043046,numpy.interp over backend branch T_K/log_w after averaging duplicate T rows,190.0,240.0
python,lower_hopf,14,204.0,-4.809121432778487,0.008155021285643415,-4.80848752,0.008160192496720443,-0.0006339127784871224,-5.1712110770273795e-06,-0.0006337118982310373,numpy.interp over backend branch T_K/log_w after averaging duplicate T rows,190.0,240.0
python,lower_hopf,15,205.0,-4.731545157569255,0.00881284328241743,-4.730694249999999,0.008820345388820013,-0.0008509075692559875,-7.502106402582434e-06,-0.0008505456500707471,numpy.interp over backend branch T_K/log_w after averaging duplicate T rows,190.0,240.0
python,lower_hopf,16,206.0,-4.654704823177963,0.009516721943150884,-4.653640920000001,0.0095268522017216,-0.0010639031779620112,-1.0130258570715742e-05,-0.0010633374336263032,numpy.interp over backend branch T_K/log_w after averaging duplicate T rows,190.0,240.0
python,lower_hopf,17,207.0,-4.578594349079393,0.010269321236663942,-4.577327529999998,0.0102823388524801,-0.0012668190793947431,-1.3017615816159067e-05,-0.0012660170028358107,numpy.interp over backend branch T_K/log_w after averaging duplicate T rows,190.0,240.0
python,lower_hopf,18,208.0,-4.503208167440596,0.011073414124939375,-4.501754080000005,0.011089527549668035,-0.0014540874405915005,-1.611342472866012e-05,-0.0014530307676761645,numpy.interp over backend branch T_K/log_w after averaging duplicate T rows,190.0,240.0
python,lower_hopf,19,209.0,-4.4285412541398985,0.011931882568097808,-4.42692057,0.011951236059647274,-0.001620684139898465,-1.9353491549465793e-05,-0.0016193715405565328,numpy.interp over backend branch T_K/log_w after averaging duplicate T rows,190.0,240.0
python,lower_hopf,20,210.0,-4.354589161456799,0.012847716837323758,-4.352827000000005,0.012870376547913,-0.0017621614567939758,-2.2659710589243223e-05,-0.0017606097618734873,numpy.interp over backend branch T_K/log_w after averaging duplicate T rows,190.0,240.0
python,lower_hopf,21,211.0,-4.281348052498943,0.013824014023369845,-4.279473370000002,0.013849953967507211,-0.0018746824989417377,-2.5939944137366375e-05,-0.0018729263792661675,numpy.interp over backend branch T_K/log_w after averaging duplicate T rows,190.0,240.0
python,lower_hopf,22,212.0,-4.208814737393864,0.01486397561587758,-4.206859679999997,0.014893063966740118,-0.001955057393866255,-2.9088350862538706e-05,-0.0019531475140038453,numpy.interp over backend branch T_K/log_w after averaging duplicate T rows,190.0,240.0
python,lower_hopf,23,213.0,-4.136986711229485,0.015970904015831823,-4.134985930000006,0.016002890288901468,-0.0020007812294791094,-3.1986273069644494e-05,-0.0019987810009438126,numpy.interp over backend branch T_K/log_w after averaging duplicate T rows,190.0,240.0
python,lower_hopf,24,214.0,-4.065862193678466,0.017148197830208177,-4.06385212,0.017182701637279592,-0.0020100736784662843,-3.450380707141487e-05,-0.002008054833272284,numpy.interp over backend branch T_K/log_w after averaging duplicate T rows,190.0,240.0
python,lower_hopf,25,215.0,-3.995440169753198,0.01839934579252795,-3.9934582500000033,0.018435847979654474,-0.0019819197531947275,-3.6502187126523367e-05,-0.0019799570470968647,numpy.interp over backend branch T_K/log_w after averaging duplicate T rows,190.0,240.0
python,lower_hopf,26,216.0,-3.925720434254088,0.019727919081947917,-3.923804319999995,0.019765756267513142,-0.0019161142540928822,-3.783718556522528e-05,-0.0019142796791142371,numpy.interp over backend branch T_K/log_w after averaging duplicate T rows,190.0,240.0
python,lower_hopf,27,217.0,-3.856703632383061,0.02113756198315428,-3.8548903300000035,0.02117592554652898,-0.0018133023830575468,-3.836356337470065e-05,-0.00181165934355058,numpy.interp over backend branch T_K/log_w after averaging duplicate T rows,190.0,240.0
python,lower_hopf,28,218.0,-3.788391306502436,0.0226319805020976,-3.7867162800000003,0.022669921436405522,-0.0016750265024358946,-3.794093430792289e-05,-0.0016736244284902425,numpy.interp over backend branch T_K/log_w after averaging duplicate T rows,190.0,240.0
python,lower_hopf,29,219.0,-3.720785940369386,0.024214928874778732,-3.7192821700000067,0.024251369959962226,-0.0015037703693794313,-3.644108518349384e-05,-0.0015026402732569836,numpy.interp over backend branch T_K/log_w after averaging duplicate T rows,190.0,240.0
python,lower_hopf,30,220.0,-3.6538910037993526,0.02589019369467122,-3.6525880000000015,0.02592395070340052,-0.00130300379935111,-3.375700872930085e-05,-0.001302155258491247,numpy.interp over backend branch T_K/log_w after averaging duplicate T rows,190.0,240.0
python,lower_hopf,31,221.0,-3.587710996583492,0.02766157545230726,-3.586633769999999,0.02769138929197307,-0.001077226583493296,-2.9813839665812636e-05,-0.001076646583219817,numpy.interp over backend branch T_K/log_w after averaging duplicate T rows,190.0,240.0
python,lower_hopf,32,222.0,-3.522251490796301,0.029532867278651308,-3.5214194799999987,0.029557449167853467,-0.0008320107963024626,-2.4581889202159035e-05,-0.0008316647712920428,numpy.interp over backend branch T_K/log_w after averaging duplicate T rows,190.0,240.0
python,lower_hopf,33,223.0,-3.457519170673325,0.031507830691200264,-3.456945130000001,0.03152592265981132,-0.0005740406733236725,-1.8091968611057274e-05,-0.0005738759434984148,numpy.interp over backend branch T_K/log_w after averaging duplicate T rows,190.0,240.0
python,lower_hopf,34,224.0,-3.393521868970657,0.03359016816496964,-3.393210720000006,0.033600621337380746,-0.0003111489706508763,-1.045317241110677e-05,-0.0003111005688301841,numpy.interp over backend branch T_K/log_w after averaging duplicate T rows,190.0,240.0
python,lower_hopf,35,225.0,-3.3302685986360654,0.03578349237948884,-3.3302162499999994,0.035785365645539614,-5.234863606595752e-05,-1.8732660507711496e-06,-5.23472658998704e-05,numpy.interp over backend branch T_K/log_w after averaging duplicate T rows,190.0,240.0
python,lower_hopf,36,226.0,-3.2677695784499394,0.03809129203630062,-3.2679617200000024,0.03808397381949414,0.00019214155006297418,7.318216806481703e-06,0.00019216001043293726,numpy.interp over backend branch T_K/log_w after averaging duplicate T rows,190.0,240.0
python,lower_hopf,37,227.0,-3.206036251141149,0.04051689419865343,-3.206447130000001,0.04050025008299265,0.0004108788588519374,1.664411566078272e-05,0.00041096328113223476,numpy.interp over backend branch T_K/log_w after averaging duplicate T rows,190.0,240.0
python,lower_hopf,38,228.0,-3.1450812923466382,0.04306342317781152,-3.145672480000009,0.04303797213762855,0.0005911876533706284,2.5451040182970786e-05,0.0005913624392334851,numpy.interp over backend branch T_K/log_w after averaging duplicate T rows,190.0,240.0
python,lower_hopf,39,229.0,-3.0849186086442475,0.045733756081150614,-3.085637769999998,0.04570087795487968,0.0007191613557506749,3.2878126270931285e-05,0.0007194200142805078,numpy.interp over backend branch T_K/log_w after averaging duplicate T rows,190.0,240.0
python,lower_hopf,40,230.0,-3.025563322768334,0.0485304752467498,-3.026342999999997,0.048492651887080344,0.0007796772316632783,3.782335966945327e-05,0.0007799812589653477,numpy.interp over backend branch T_K/log_w after averaging duplicate T rows,190.0,240.0
python,lower_hopf,41,231.0,-2.967031744199005,0.0514558179091997,-2.9677881699999986,0.05141691011820563,0.0007564258009935543,3.890779099407354e-05,0.0007567119631387015,numpy.interp over backend branch T_K/log_w after averaging duplicate T rows,190.0,240.0
python,lower_hopf,42,232.0,-2.909341322402576,0.054511623631969,-2.9099732799999956,0.054477185480139086,0.000631957597419408,3.443815182991444e-05,0.0006321573246927315,numpy.interp over backend branch T_K/log_w after averaging duplicate T rows,190.0,240.0
python,lower_hopf,43,233.0,-2.852510582846146,0.05769928005977726,-2.852898330000002,0.057676911665075485,0.00038774715385603287,2.2368394701773042e-05,0.000387822337500736,numpy.interp over backend branch T_K/log_w after averaging duplicate T rows,190.0,240.0
python,lower_hopf,44,234.0,-2.796559040503751,0.06101966800266859,-2.796563319999997,0.06101940686978718,4.279496246262227e-06,2.6113288140866553e-07,4.279505403353264e-06,numpy.interp over backend branch T_K/log_w after averaging duplicate T rows,190.0,240.0
python,lower_hopf,45,235.0,-2.7415070925785323,0.06447310669596767,-2.7409682500000017,0.06450785691263297,-0.0005388425785306517,-3.4750216665296874e-05,-0.0005386974289404974,numpy.interp over backend branch T_K/log_w after averaging duplicate T rows,190.0,240.0
python,lower_hopf,46,236.0,-2.687375886975432,0.06805930054647849,-2.6861131200000017,0.0681452978694417,-0.0012627669754303739,-8.599732296321605e-05,-0.001261970020704535,numpy.interp over backend branch T_K/log_w after averaging duplicate T rows,190.0,240.0
python,lower_hopf,47,237.0,-2.6341871661715146,0.0717772887118105,-2.6319979300000043,0.07193459827962047,-0.0021892361715103448,-0.00015730956780997396,-0.00218684154179173,numpy.interp over backend branch T_K/log_w after averaging duplicate T rows,190.0,240.0
python,lower_hopf,48,238.0,-2.5819630858363745,0.07562539905865638,-2.5786226800000023,0.07587844097911052,-0.0033404058363721845,-0.000253041920454139,-0.0033348328878264897,numpy.interp over backend branch T_K/log_w after averaging duplicate T rows,190.0,240.0
python,lower_hopf,49,239.0,-2.5307260082531613,0.07960120816830832,-2.525987370000003,0.07997930462198864,-0.004738638253158456,-0.00037809645368032385,-0.004727428620032965,numpy.interp over backend branch T_K/log_w after averaging duplicate T rows,190.0,240.0
python,lower_hopf,50,240.0,-2.4804982713013985,0.08370150914011534,-2.474092000000006,0.08423944495764461,-0.0064062713013925965,-0.0005379358175292698,-0.006385794894538332,numpy.interp over backend branch T_K/log_w after averaging duplicate T rows,190.0,240.0
python,upper_hopf,0,190.0,-3.147932955990406,0.04294079570880711,-3.141971000000005,0.04319757152548583,-0.005961955990400725,-0.0002567758166787254,-0.005944218797744962,numpy.interp over backend branch T_K/log_w after averaging duplicate T rows,190.0,240.0
python,upper_hopf,1,191.0,-3.0558871545575275,0.04708093417215959,-3.050833709999999,0.04731945723665355,-0.005053444557528319,-0.00023852306449396316,-0.005040697387991249,numpy.interp over backend branch T_K/log_w after averaging duplicate T rows,190.0,240.0
python,upper_hopf,2,192.0,-2.965012382439572,0.051559830804672184,-2.960680239999995,0.05178367985878251,-0.004332142439577247,-0.00022384905411032552,-0.004322772246406138,numpy.interp over backend branch T_K/log_w after averaging duplicate T rows,190.0,240.0
python,upper_hopf,3,193.0,-2.8752857505468103,0.05640002086412994,-2.871510590000007,0.05661334240591734,-0.003775160546803491,-0.00021332154178739515,-0.003768043586931874,numpy.interp over backend branch T_K/log_w after averaging duplicate T rows,190.0,240.0
python,upper_hopf,4,194.0,-2.7866862420207887,0.06162508655844299,-2.783324759999992,0.06183258673761164,-0.003361482020796558,-0.0002075001791686515,-0.003355838565337473,numpy.interp over backend branch T_K/log_w after averaging duplicate T rows,190.0,240.0
python,upper_hopf,5,195.0,-2.6991945057010525,0.0672596682051507,-2.6961227500000007,0.06746659112002755,-0.0030717557010517815,-0.0002069229148768531,-0.003067042686486464,numpy.interp over backend branch T_K/log_w after averaging duplicate T rows,190.0,240.0
python,upper_hopf,6,196.0,-2.612792683172221,0.07332947156423361,-2.609904559999997,0.07354156223483022,-0.0028881231722239775,-0.00021209067059660414,-0.0028839565566932614,numpy.interp over backend branch T_K/log_w after averaging duplicate T rows,190.0,240.0
python,upper_hopf,7,197.0,-2.527464232505937,0.079861273365164,-2.524670190000002,0.08008472117349621,-0.002794042505934957,-0.00022344780833220834,-0.0027901428019975138,numpy.interp over backend branch T_K/log_w after averaging duplicate T rows,190.0,240.0
python,upper_hopf,8,198.0,-2.443193953233637,0.08688290788428511,-2.4404196400000018,0.08712428295561428,-0.002774313233635084,-0.0002413750713291668,-0.002770468383104353,numpy.interp over backend branch T_K/log_w after averaging duplicate T rows,190.0,240.0
python,upper_hopf,9,199.0,-2.3599676351733017,0.09442327913991519,-2.3571529099999964,0.09468942911445459,-0.002814725173305277,-0.0002661499745394008,-0.0028107675484841665,numpy.interp over backend branch T_K/log_w after averaging duplicate T rows,190.0,240.0
python,upper_hopf,10,200.0,-2.2777721787840526,0.10251233165775554,-2.27487,0.1028102729020545,-0.0029021787840526336,-0.0002979412442989521,-0.0028979715342531518,numpy.interp over backend branch T_K/log_w after averaging duplicate T rows,190.0,240.0
python,upper_hopf,11,201.0,-2.196595465217653,0.11118103445012224,-2.1935709099999983,0.11151781667945866,-0.0030245552176548784,-0.00033678222933641866,-0.003019985858443131,numpy.interp over backend branch T_K/log_w after averaging duplicate T rows,190.0,240.0
python,upper_hopf,12,202.0,-2.1164263047861542,0.12046135236146711,-2.1132556399999984,0.12084390107587739,-0.003170664786155797,-0.0003825487144102774,-0.0031656435368639466,numpy.interp over backend branch T_K/log_w after averaging duplicate T rows,190.0,240.0
python,upper_hopf,13,203.0,-2.0372543968269192,0.1303862086685606,-2.0339241900000005,0.13082114552368268,-0.003330206826918758,-0.00043493685512208113,-0.0033246678385287806,numpy.interp over backend branch T_K/log_w after averaging duplicate T rows,190.0,240.0
python,upper_hopf,14,204.0,-1.9590703007641952,0.14098943778103235,-1.9555765599999972,0.1414828798044634,-0.00349374076419795,-0.0004934420234310455,-0.0034876447532945875,numpy.interp over backend branch T_K/log_w after averaging duplicate T rows,190.0,240.0
python,upper_hopf,15,205.0,-1.881865413782789,0.15230572739461024,-1.8782127499999959,0.15286306627508262,-0.003652663782793164,-0.00055733888047238,-0.0036460009213044866,numpy.interp over backend branch T_K/log_w after averaging duplicate T rows,190.0,240.0
python,upper_hopf,16,206.0,-1.8056319585831204,0.1643705483689171,-1.8018327600000035,0.1649962124819275,-0.0037991985831169472,-0.0006256641130104046,-0.003791990759054153,numpy.interp over backend branch T_K/log_w after averaging duplicate T rows,190.0,240.0
python,upper_hopf,17,207.0,-1.7303629776745193,0.1772200713644635,-1.7264365899999987,0.177917273916397,-0.003926387674520582,-0.0006972025519335068,-0.003918689493079356,numpy.interp over backend branch T_K/log_w after averaging duplicate T rows,190.0,240.0
python,upper_hopf,18,208.0,-1.656052334235465,0.19089106876438777,-1.6520242399999958,0.19166154671519123,-0.004028094235469126,-0.0007704779508034554,-0.004019992345926251,numpy.interp over backend branch T_K/log_w after averaging duplicate T rows,190.0,240.0
python,upper_hopf,19,209.0,-1.5826947189564304,0.20542080037705013,-1.5785957099999948,0.20626455016522202,-0.004099008956435668,-0.0008437497881718936,-0.004090619485975817,numpy.interp over backend branch T_K/log_w after averaging duplicate T rows,190.0,240.0
python,upper_hopf,20,210.0,-1.510285662363978,0.22084688130544672,-1.5061509999999956,0.2217618989347088,-0.004134662363982411,-0.0009150176292620771,-0.004126126416023687,numpy.interp over backend branch T_K/log_w after averaging duplicate T rows,190.0,240.0
python,upper_hopf,21,211.0,-1.4388215521626044,0.23720713026704854,-1.4346901099999982,0.23818916501934803,-0.0041314421626061915,-0.0009820347522994932,-0.004122919496441926,numpy.interp over backend branch T_K/log_w after averaging duplicate T rows,190.0,240.0
python,upper_hopf,22,212.0,-1.36829965518653,0.25453939654535374,-1.3642130400000028,0.2555817294649985,-0.004086615186527309,-0.001042332919644784,-0.00407827633777527,numpy.interp over backend branch T_K/log_w after averaging duplicate T rows,190.0,240.0
python,upper_hopf,23,213.0,-1.2987181435747992,0.27288136366579835,-1.294719790000002,0.27397462400592126,-0.003998353574797164,-0.0010932603401229146,-0.003990370802002767,numpy.interp over backend branch T_K/log_w after averaging duplicate T rows,190.0,240.0
python,upper_hopf,24,214.0,-1.2300761247933092,0.29227032781569157,-1.226210359999996,0.2934023628398887,-0.003865764793313131,-0.00113203502419712,-0.003858302343716563,numpy.interp over backend branch T_K/log_w after averaging duplicate T rows,190.0,240.0
python,upper_hopf,25,215.0,-1.1623736751242222,0.3127429489777669,-1.158684749999999,0.31389876484806495,-0.0036889251242231413,-0.0011558158702980603,-0.0036821293988127187,numpy.interp over backend branch T_K/log_w after averaging duplicate T rows,190.0,240.0
python,upper_hopf,26,216.0,-1.0956118762200353,0.33433497273024626,-1.0921429599999968,0.33549676665795103,-0.0034689162200385315,-0.0011617939277047684,-0.0034629064812694665,numpy.interp over backend branch T_K/log_w after averaging duplicate T rows,190.0,240.0
python,upper_hopf,27,217.0,-1.0297928542851909,0.357080920691183,-1.0265849899999964,0.35822822704127233,-0.003207864285194484,-0.0011473063500893055,-0.0032027245858465576,numpy.interp over backend branch T_K/log_w after averaging duplicate T rows,190.0,240.0
python,upper_hopf,28,218.0,-0.96491982139927,0.3810137476638225,-0.9620108399999978,0.3821237232350551,-0.0029089813992722036,-0.001109975571232602,-0.002904754412616839,numpy.interp over backend branch T_K/log_w after averaging duplicate T rows,190.0,240.0
python,upper_hopf,29,219.0,-0.9009971184305424,0.40616446368737075,-0.8984205100000011,0.40721233987227035,-0.002576608430541305,-0.0010478761848995988,-0.0025732918241826476,numpy.interp over backend branch T_K/log_w after averaging duplicate T rows,190.0,240.0
python,upper_hopf,30,220.0,-0.8380302589100899,0.43256171942868105,-0.8358139999999991,0.4335214513078588,-0.002216258910090807,-0.0009597318791777498,-0.0022138048216124155,numpy.interp over backend branch T_K/log_w after averaging duplicate T rows,190.0,240.0
python,upper_hopf,31,221.0,-0.77602597314473,0.46023135368229573,-0.7741913099999991,0.4610764982256569,-0.001834663144730908,-0.0008451445433611537,-0.0018329811790743864,numpy.interp over backend branch T_K/log_w after averaging duplicate T rows,190.0,240.0
python,upper_hopf,32,222.0,-0.7149922517413337,0.4891959021980357,-0.7135524399999937,0.48990075951098594,-0.0014398117413400024,-0.0007048573129502245,-0.0014387757097045655,numpy.interp over backend branch T_K/log_w after averaging duplicate T rows,190.0,240.0
python,upper_hopf,33,223.0,-0.6549383875967854,0.5194740676467992,-0.6538973900000045,0.520015120471294,-0.0010409975967808904,-0.0005410528244947921,-0.0010404559467509936,numpy.interp over backend branch T_K/log_w after averaging duplicate T rows,190.0,240.0
python,upper_hopf,34,224.0,-0.5958750152804112,0.5510801512854383,-0.5952261599999957,0.5514378385826285,-0.0006488552804154724,-0.0003576872971902123,-0.0006486448193500522,numpy.interp over backend branch T_K/log_w after averaging duplicate T rows,190.0,240.0
python,upper_hopf,35,225.0,-0.5378141465992997,0.5840234478105988,-0.537538750000003,0.5841843080311976,-0.0002753965992967622,-0.0001608602205988019,-0.00027535868113426175,numpy.interp over backend branch T_K/log_w after averaging duplicate T rows,190.0,240.0
python,upper_hopf,36,226.0,-0.4807692009969493,0.6183076060151793,-0.48083516000000504,0.6182668244068766,6.595900305572666e-05,4.078160830267574e-05,6.596117839866123e-05,numpy.interp over backend branch T_K/log_w after averaging duplicate T rows,190.0,240.0
python,upper_hopf,37,227.0,-0.4247550292953364,0.6539299591929738,-0.4251153899999948,0.6536943509866011,0.0003603607046584467,0.00023560820637269497,0.0003604256423772037,numpy.interp over backend branch T_K/log_w after averaging duplicate T rows,190.0,240.0
python,upper_hopf,38,228.0,-0.3697879291566278,0.6908808307830547,-0.3703794400000007,0.6904722881207873,0.0005915108433729444,0.0004085426622674193,0.0005916858204104365,numpy.interp over backend branch T_K/log_w after averaging duplicate T rows,190.0,240.0
python,upper_hopf,39,229.0,-0.3158856505190302,0.7291428225040474,-0.3166273100000012,0.7286022473028959,0.0007416594809709909,0.000540575201151472,0.0007419345783691263,numpy.interp over backend branch T_K/log_w after averaging duplicate T rows,190.0,240.0
python,upper_hopf,40,230.0,-0.2630673891714041,0.7686900941771816,-0.26385900000000356,0.7680818315601948,0.000791610828599465,0.0006082626169867655,0.0007919242351445932,numpy.interp over backend branch T_K/log_w after averaging duplicate T rows,190.0,240.0
python,upper_hopf,41,231.0,-0.2113537665335667,0.8094876465826087,-0.21207451000000072,0.8089044238524087,0.0007207434664340262,0.0005832227302000614,0.0007210032644183873,numpy.interp over backend branch T_K/log_w after averaging duplicate T rows,190.0,240.0
python,upper_hopf,42,232.0,-0.1607667937523709,0.8514906208873152,-0.16127383999999972,0.8510589852019781,0.0005070462476288173,0.00043163568533710617,0.0005071748173067792,numpy.interp over backend branch T_K/log_w after averaging duplicate T rows,190.0,240.0
python,upper_hopf,43,233.0,-0.1113298181728083,0.8946436305364637,-0.11145698999999354,0.8945298643053717,0.00012717182718523234,0.00011376623109193851,0.00012717991386490071,numpy.interp over backend branch T_K/log_w after averaging duplicate T rows,190.0,240.0
python,upper_hopf,44,234.0,-0.063067450419469,0.9388801436938166,-0.06262395999999623,0.9392966203874636,-0.0004434904194727668,-0.0004164766936470832,-0.00044339209213303127,numpy.interp over backend branch T_K/log_w after averaging duplicate T rows,190.0,240.0
python,upper_hopf,45,235.0,-0.0160054704721367,0.9841219364289273,-0.014774749999993677,0.9853338610604303,-0.001230720472143022,-0.001211924631502992,-0.0012299634462969752,numpy.interp over backend branch T_K/log_w after averaging duplicate T rows,190.0,240.0
python,upper_hopf,46,236.0,0.0298292885859087,1.030278638616967,0.03209063999999977,1.0326110969333075,-0.0022613514140910687,-0.0023324583163406576,-0.002258796485208896,numpy.interp over backend branch T_K/log_w after averaging duplicate T rows,190.0,240.0
python,upper_hopf,47,237.0,0.0744090800824169,1.0772473958251791,0.07797220999999159,1.0810926146888526,-0.003563129917574695,-0.003845218863673505,-0.003556789502979068,numpy.interp over backend branch T_K/log_w after averaging duplicate T rows,190.0,240.0
python,upper_hopf,48,238.0,0.1177054069697458,1.1249126711171897,0.12286995999999567,1.1307373702988248,-0.005164553030249874,-0.005824699181635085,-0.005151239655319578,numpy.interp over backend branch T_K/log_w after averaging duplicate T rows,190.0,240.0
python,upper_hopf,49,239.0,0.1596892085603375,1.1731462105283657,0.166783890000005,1.181498903988153,-0.007094681439667488,-0.008352693459787286,-0.007069573599766149,numpy.interp over backend branch T_K/log_w after averaging duplicate T rows,190.0,240.0
python,upper_hopf,50,240.0,0.2003310698846798,1.2218071947751592,0.2097139999999982,1.233325278481749,-0.009382930115318405,-0.011518083706589799,-0.009339047782081316,numpy.interp over backend branch T_K/log_w after averaging duplicate T rows,190.0,240.0
