branch_id,backend_a,backend_b,canonical_index,T_K,log_w_a,log_w_b,w_m_s_a,w_m_s_b,delta_log_w_a_minus_b,delta_w_m_s_a_minus_b,relative_delta_w_a_minus_b
lower_hopf,python,auto,0,190.0,-5.976855534251504,-5.976855613633333,0.0025367906150969228,0.0025367904137218516,7.938182911004787e-08,2.0137507113215936e-10,7.938183227234447e-08
lower_hopf,python,auto,1,191.0,-5.888114612909845,-5.888115047099108,0.002772198440014682,0.0027721972363561474,4.341892623216381e-07,1.2036585343884465e-09,4.34189356587978e-07
lower_hopf,python,auto,2,192.0,-5.800233648986881,-5.800234182339503,0.003026847442910302,0.003026845828533711,5.333526225115293e-07,1.6143765907417063e-09,5.333527646248687e-07
lower_hopf,python,auto,3,193.0,-5.713202178173351,-5.713202580026076,0.0033020817430482103,0.0033020804160979293,4.018527253180082e-07,1.3269502809921951e-09,4.018528060440918e-07
lower_hopf,python,auto,4,194.0,-5.627009862888652,-5.627009931403838,0.0035993217181792283,0.0035993214715710413,6.851518552508651e-08,2.466081869961778e-10,6.851518791638737e-08
lower_hopf,python,auto,5,195.0,-5.541646529007504,-5.541647220519338,0.003920067017568138,0.003920064306796341,6.915118344608118e-07,2.7107717971361356e-09,6.915120735229735e-07
lower_hopf,python,auto,6,196.0,-5.457102199510431,-5.457103294000437,0.004265899577078597,0.004265894908096698,1.0944900061815588e-06,4.668981899019764e-09,1.0944906050446776e-06
lower_hopf,python,auto,7,197.0,-5.37336712409294,-5.373368420547565,0.004638486626194068,0.004638480612610529,1.2964546245441966e-06,6.013583539118961e-09,1.296455464914518e-06
lower_hopf,python,auto,8,198.0,-5.290431806518237,-5.290433121037053,0.005039583664715226,0.005039577040092025,1.3145188164642718e-06,6.6246232006961225e-09,1.3145196805196879e-06
lower_hopf,python,auto,9,199.0,-5.208287030776894,-5.208288195608065,0.005471037384146689,0.005471031011315517,1.1648311710743542e-06,6.3728311716290675e-09,1.16483184950851e-06
lower_hopf,python,auto,10,200.0,-5.12692388590156,-5.126924746387052,0.005934788510155685,0.005934783403358467,8.604854926375083e-07,5.106797217740988e-09,8.604858628625056e-07
lower_hopf,python,auto,11,201.0,-5.046333790309539,-5.046334207122238,0.006432874533559481,0.006432871852256243,4.1681269902227314e-07,2.6813032384664925e-09,4.1681278596060665e-07
lower_hopf,python,auto,12,202.0,-4.9665085159333735,-4.966509129348523,0.006967432294865608,0.006967428020938394,6.134151497860785e-07,4.273927213874207e-09,6.134153379166997e-07
lower_hopf,python,auto,13,203.0,-4.8874402125722,-4.887442291214583,0.0075407003808278675,0.007540684706424745,2.07864238355171e-06,1.5674403122667435e-08,2.0786445439513834e-06
lower_hopf,python,auto,14,204.0,-4.809121432778487,-4.809124792134366,0.008155021285643415,0.008154993890070733,3.35935587880698e-06,2.739557268191528e-08,3.3593615214440905e-06
lower_hopf,python,auto,15,205.0,-4.731545157569255,-4.73154962832151,0.00881284328241743,0.00881280388246653,4.47075225462612e-06,3.939995090081194e-08,4.470762248459871e-06
lower_hopf,python,auto,16,206.0,-4.654704823177963,-4.654710248486962,0.009516721943150884,0.009516670312133739,5.425308999384981e-06,5.1631017145697955e-08,5.425323716412504e-06
lower_hopf,python,auto,17,207.0,-4.578594349079393,-4.578600585292471,0.010269321236663942,0.010269257195188227,6.23621307838107e-06,6.404147571449637e-08,6.236232523663318e-06
lower_hopf,python,auto,18,208.0,-4.503208167440596,-4.503215081403299,0.011073414124939375,0.011073337564031793,6.913962702803644e-06,7.656090758242917e-08,6.913986604283868e-06
lower_hopf,python,auto,19,209.0,-4.4285412541398985,-4.4285487237159336,0.011931882568097808,0.01193179344232659,7.469576035035175e-06,8.912577121808485e-08,7.4696039324584675e-06
lower_hopf,python,auto,20,210.0,-4.354589161456799,-4.354597075483346,0.012847716837323758,0.012847615160553976,7.914026546984587e-06,1.0167676978145579e-07,7.914057862943614e-06
lower_hopf,python,auto,21,211.0,-4.281348052498943,-4.281356308075288,0.013824014023369845,0.013823899898637772,8.255576344318172e-06,1.141247320726041e-07,8.255610421763117e-06
lower_hopf,python,auto,22,212.0,-4.208814737393864,-4.208823239493581,0.01486397561587758,0.014863849241411918,8.502099717588862e-06,1.2637446566120258e-07,8.502135860549018e-06
lower_hopf,python,auto,23,213.0,-4.136986711229485,-4.136995371384308,0.015970904015831823,0.01597076570592928,8.660154822592858e-06,1.3830990254135034e-07,8.660192321899859e-06
lower_hopf,python,auto,24,214.0,-4.065862193678466,-4.065870931658173,0.017148197830208177,0.017148047990258177,8.737979706907595e-06,1.4983994999981376e-07,8.7380178831397e-06
lower_hopf,python,auto,25,215.0,-3.995440169753198,-3.9954489096461994,0.01839934579252795,0.018399184984917154,8.739893001319388e-06,1.6080761079673156e-07,8.739931194156405e-06
lower_hopf,python,auto,26,216.0,-3.925720434254088,-3.9257291066290256,0.019727919081947917,0.019727747994778763,8.672374937734872e-06,1.7108716915403832e-07,8.672412542948087e-06
lower_hopf,python,auto,27,217.0,-3.856703632383061,-3.8567121706347907,0.02113756198315428,0.021137381506099596,8.538251729639512e-06,1.8047705468288155e-07,8.538288180624522e-06
lower_hopf,python,auto,28,218.0,-3.788391306502436,-3.7883996477403215,0.0226319805020976,0.02263179172415174,8.341237885289843e-06,1.88777945858698e-07,8.341272673397826e-06
lower_hopf,python,auto,29,219.0,-3.720785940369386,-3.7207940241720685,0.024214928874778732,0.02421473312686294,8.083802682357089e-06,1.957479157932429e-07,8.0838353562562e-06
lower_hopf,python,auto,30,220.0,-3.6538910037993526,-3.6538987733836974,0.02589019369467122,0.025889992539409053,7.769584344785585e-06,2.0115526216599178e-07,7.769614528076771e-06
lower_hopf,python,auto,31,221.0,-3.587710996583492,-3.5877183947685336,0.02766157545230726,0.027661370807610525,7.398185041473937e-06,2.0464469673367458e-07,7.398212408091153e-06
lower_hopf,python,auto,32,222.0,-3.522251490796301,-3.522258460763554,0.029532867278651308,0.029532661436250857,6.969967252690168e-06,2.0584240045112834e-07,6.969991542938293e-06
lower_hopf,python,auto,33,223.0,-3.457519170673325,-3.4575256562342602,0.031507830691200264,0.03150762634590702,6.485560935409751e-06,2.0434529324209194e-07,6.485581966685894e-06
lower_hopf,python,auto,34,224.0,-3.393521868970657,-3.393527812837609,0.03359016816496964,0.03358996851007254,5.943866951962917e-06,1.9965489710116469e-07,5.94388461666151e-06
lower_hopf,python,auto,35,225.0,-3.3302685986360654,-3.330273940779541,0.03578349237948884,0.035783301219449094,5.342143475584038e-06,1.911600397488944e-07,5.342157744937023e-06
lower_hopf,python,auto,36,226.0,-3.2677695784499394,-3.2677742577945836,0.03809129203630062,0.038091113794434264,4.679344644209493e-06,1.7824186635678752e-07,4.6793555924539956e-06
lower_hopf,python,auto,37,227.0,-3.206036251141149,-3.2060391113877476,0.04051689419865343,0.04051677831051034,2.860246598679339e-06,1.1588814308877149e-07,2.860250689248638e-06
lower_hopf,python,auto,38,228.0,-3.1450812923466382,-3.1450814646477747,0.04306342317781152,0.0430634157579354,1.7230113646959921e-07,7.419876116299129e-09,1.7230115135332361e-07
lower_hopf,python,auto,39,229.0,-3.0849186086442475,-3.084919284980234,0.045733756081150614,0.04573372514977605,6.763359863271035e-07,3.093137456583461e-08,6.763362150040402e-07
lower_hopf,python,auto,40,230.0,-3.025563322768334,-3.0255633755,0.0485304752467498,0.04853047268765705,5.273166614472302e-08,2.5590927502094907e-09,5.273166751702287e-08
lower_hopf,python,auto,41,231.0,-2.967031744199005,-2.9670318786773087,0.0514558179091997,0.05145581098950907,1.3447830360391322e-07,6.9196906329893615e-09,1.3447831255443946e-07
lower_hopf,python,auto,42,232.0,-2.909341322402576,-2.9093414167494918,0.054511623631969,0.05451161848896569,9.434691561338582e-08,5.143003307950256e-09,9.434691998718235e-08
lower_hopf,python,auto,43,233.0,-2.852510582846146,-2.852510942304283,0.05769928005977726,0.05769925931930527,3.594581370336414e-07,2.0740471985691844e-08,3.594582015501264e-07
lower_hopf,python,auto,44,234.0,-2.796559040503751,-2.79655953064361,0.06101966800266859,0.061019638094504426,4.901398593659678e-07,2.990816416054143e-08,4.901399794312289e-07
lower_hopf,python,auto,45,235.0,-2.7415070925785323,-2.741507646806884,0.06447310669596767,0.06447307096315393,5.542283516568602e-07,3.573281374957826e-08,5.542285052622886e-07
lower_hopf,python,auto,46,236.0,-2.687375886975432,-2.687376452495963,0.06805930054647849,0.06805926205755759,5.655205308485733e-07,3.848892089763911e-08,5.655206908515861e-07
lower_hopf,python,auto,47,237.0,-2.6341871661715146,-2.634187687623919,0.0717772887118105,0.07177725128338047,5.214524043672952e-07,3.7428430021968495e-08,5.214525403626705e-07
lower_hopf,python,auto,48,238.0,-2.5819630858363745,-2.5819635084037045,0.07562539905865638,0.07562536710184017,4.225673300162214e-07,3.195681620715707e-08,4.225674192645271e-07
lower_hopf,python,auto,49,239.0,-2.5307260082531613,-2.530726273876952,0.07960120816830832,0.07960118702433648,2.6562379051853213e-07,2.1143971837278563e-08,2.656238258207659e-07
lower_hopf,python,auto,50,240.0,-2.4804982713013985,-2.4804983214,0.08370150914011534,0.08370150494678692,5.009860126747867e-08,4.19332842060971e-09,5.00986024477769e-08
lower_hopf,python,loca,0,190.0,-5.976855534251504,-5.976820991605831,0.0025367906150969228,0.0025368782440697455,-3.454264567270826e-05,-8.762897282278692e-08,-3.454204908242249e-05
lower_hopf,python,loca,1,191.0,-5.888114612909845,-5.888081852200754,0.002772198440014682,0.0027722892606889854,-3.276070909130624e-05,-9.082067430358706e-08,-3.276017246519787e-05
lower_hopf,python,loca,2,192.0,-5.800233648986881,-5.80020264806894,0.003026847442910302,0.003026941279413999,-3.100091794028259e-05,-9.383650369709437e-08,-3.100043741689652e-05
lower_hopf,python,loca,3,193.0,-5.713202178173351,-5.713172913582933,0.0033020817430482103,0.0033021783785319382,-2.926459041763252e-05,-9.663548372791653e-08,-2.9264162213695472e-05
lower_hopf,python,loca,4,194.0,-5.627009862888652,-5.626982309498772,0.0035993217181792283,0.0035994208930601283,-2.755338987991962e-05,-9.917488090005824e-08,-2.7553010288758562e-05
lower_hopf,python,loca,5,195.0,-5.541646529007504,-5.5416206604062985,0.003920067017568138,0.003920168425530148,-2.5868601205125685e-05,-1.014079620102748e-07,-2.586826661575409e-05
lower_hopf,python,loca,6,196.0,-5.457102199510431,-5.457077987908355,0.004265899577078597,0.004266002862592003,-2.4211602076107397e-05,-1.0328551340588188e-07,-2.4211308977679893e-05
lower_hopf,python,loca,7,197.0,-5.37336712409294,-5.373344540592414,0.004638486626194068,0.004638591380642089,-2.2583500526529576e-05,-1.0475444802132e-07,-2.2583245521147748e-05
lower_hopf,python,loca,8,198.0,-5.290431806518237,-5.290410821680247,0.005039583664715226,0.005039689420671598,-2.0984837989956873e-05,-1.0575595637239699e-07,-2.0984617809702994e-05
lower_hopf,python,loca,9,199.0,-5.208287030776894,-5.208267614880848,0.005471037384146689,0.00547114361027104,-1.9415896046481862e-05,-1.0622612435073203e-07,-1.941570755907641e-05
lower_hopf,python,loca,10,200.0,-5.12692388590156,-5.126906009282,0.005934788510155685,0.005934894605060355,-1.7876619559764606e-05,-1.0609490466977761e-07,-1.7876459773913487e-05
lower_hopf,python,loca,11,201.0,-5.046333790309539,-5.046317423557765,0.006432874533559481,0.00643297981968176,-1.636675177429936e-05,-1.0528612227889145e-07,-1.6366617839646817e-05
lower_hopf,python,loca,12,202.0,-4.9665085159333735,-4.966493630066191,0.006967432294865608,0.0069675360119093085,-1.4885867182456991e-05,-1.0371704370088636e-07,-1.4885756388428749e-05
lower_hopf,python,loca,13,203.0,-4.8874402125722,-4.887426779180272,0.0075407003808278675,0.0075408016786918785,-1.343339192771964e-05,-1.0129786401098101e-07,-1.3433301700165307e-05
lower_hopf,python,loca,14,204.0,-4.809121432778487,-4.809109424143868,0.008155021285643415,0.008155119216902356,-1.200863461914281e-05,-9.79312589407394e-08,-1.200856251589387e-05
lower_hopf,python,loca,15,205.0,-4.731545157569255,-4.731534546758631,0.00881284328241743,0.008812936794324676,-1.0610810623923328e-05,-9.35119072453805e-08,-1.0610754329430794e-05
lower_hopf,python,loca,16,206.0,-4.654704823177963,-4.654695584094042,0.009516721943150884,0.00951680986934975,-9.23908392103101e-06,-8.792619886517639e-08,-9.239041240947275e-06
lower_hopf,python,loca,17,207.0,-4.578594349079393,-4.578586456545301,0.010269321236663942,0.010269402287951753,-7.892534092057701e-06,-8.105128781153714e-08,-7.892502946021305e-06
lower_hopf,python,loca,18,208.0,-4.503208167440596,-4.503201597228234,0.011073414124939375,0.011073486879860763,-6.5702123626110165e-06,-7.275492138782147e-08,-6.570190778853958e-06
lower_hopf,python,loca,19,209.0,-4.4285412541398985,-4.428535983027143,0.011931882568097808,0.011931945462561967,-5.271112755167451e-06,-6.289446415931599e-08,-5.271098862851457e-06
lower_hopf,python,loca,20,210.0,-4.354589161456799,-4.354585167232,0.012847716837323758,0.012847768154095444,-3.994224798908874e-06,-5.131677168618287e-08,-3.994216821995249e-06
lower_hopf,python,loca,21,211.0,-4.281348052498943,-4.281345314007915,0.013824014023369845,0.013824051880360063,-2.7384910286087916e-06,-3.7856990217979836e-08,-2.7384872789549893e-06
lower_hopf,python,loca,22,212.0,-4.208814737393864,-4.208813234505482,0.01486397561587758,0.014863997954790625,-1.5028883817436167e-06,-2.2338913045760744e-08,-1.5028872523869646e-06
lower_hopf,python,loca,23,213.0,-4.136986711229485,-4.136986424878274,0.015970904015831823,0.015970908589120186,-2.863512111872524e-07,-4.573288362591521e-09,-2.863511701336121e-07
lower_hopf,python,loca,24,214.0,-4.065862193678466,-4.065863105831126,0.017148197830208177,0.017148182188441045,9.121526600708307e-07,1.5641767131535644e-08,9.12153076031533e-07
lower_hopf,python,loca,25,215.0,-3.995440169753198,-3.995442263823343,0.01839934579252795,0.018399307263047584,2.0940701448424193e-06,3.8529480366616964e-08,2.094072337386201e-06
lower_hopf,python,loca,26,216.0,-3.925720434254088,-3.925723693616407,0.019727919081947917,0.019727854781616615,3.259362319152359e-06,6.430033130250257e-08,3.259367630910421e-06
lower_hopf,python,loca,27,217.0,-3.856703632383061,-3.856708041985612,0.02113756198315428,0.02113746877511254,4.40960255110312e-06,9.320804173970632e-08,4.409612273417069e-06
lower_hopf,python,loca,28,218.0,-3.788391306502436,-3.7883968521571822,0.0226319805020976,0.02263185499329553,5.54565474608637e-06,1.2550880207004567e-07,5.545670123250014e-06
lower_hopf,python,loca,29,219.0,-3.720785940369386,-3.720792608628256,0.024214928874778732,0.024214767403902843,6.668258869968469e-06,1.614708758888861e-07,6.668281102830698e-06
lower_hopf,python,loca,30,220.0,-3.6538910037993526,-3.653898781927092,0.02589019369467122,0.025889992318220638,7.77812773922193e-06,2.01376450580798e-07,7.778157988833198e-06
lower_hopf,python,loca,31,221.0,-3.587710996583492,-3.587719872701156,0.02766157545230726,0.027661329925998436,8.876117663980665e-06,2.4552630882232473e-07,8.876157056771103e-06
lower_hopf,python,loca,32,222.0,-3.522251490796301,-3.52226145227346,0.029532867278651308,0.029532573089133766,9.961477158704213e-06,2.9418951754192624e-07,9.961526774318574e-06
lower_hopf,python,loca,33,223.0,-3.457519170673325,-3.457530205274623,0.031507830691200264,0.031507483016769054,1.1034601298032243e-05,3.4767443121003216e-07,1.1034662179298527e-05
lower_hopf,python,loca,34,224.0,-3.393521868970657,-3.3935339887126648,0.03359016816496964,0.03358976106326447,1.2119742007765666e-05,4.0710170516600197e-07,1.2119815452073274e-05
lower_hopf,python,loca,35,225.0,-3.3302685986360654,-3.330281691891141,0.03578349237948884,0.03578302386016285,1.3093255075702359e-05,4.685193259953979e-07,1.3093340792727115e-05
lower_hopf,python,loca,36,226.0,-3.2677695784499394,-3.267783664141401,0.03809129203630062,0.038090755497892384,1.408569146166272e-05,5.365384082370306e-07,1.408579066557811e-05
lower_hopf,python,loca,37,227.0,-3.206036251141149,-3.2060532467396534,0.04051689419865343,0.04051620559563861,1.6995598504543352e-05,6.886030148242628e-07,1.6995742930537106e-05
lower_hopf,python,loca,38,228.0,-3.1450812923466382,-3.145090529544788,0.04306342317781152,0.04306302539427582,9.237198149936177e-06,3.9778353570080194e-07,9.23724081294292e-06
lower_hopf,python,loca,39,229.0,-3.0849186086442475,-3.0849342884995545,0.045733756081150614,0.04573303898809459,1.5679855307038082e-05,7.17093056025464e-07,1.567997823656855e-05
lower_hopf,python,loca,40,230.0,-3.025563322768334,-3.025552509966718,0.0485304752467498,0.048530999999987987,-1.081280161585596e-05,-5.247532381888464e-07,-1.081274315775435e-05
lower_hopf,python,loca,41,231.0,-2.967031744199005,-2.967031235453558,0.0514558179091997,0.05145584408711945,-5.087454471031094e-07,-2.61779197485712e-08,-5.087453177184225e-07
lower_hopf,python,loca,42,232.0,-2.909341322402576,-2.909356461962348,0.054511623631969,0.054510798356231925,1.5139559772059386e-05,8.252757370749708e-07,1.5139674375739932e-05
lower_hopf,python,loca,43,233.0,-2.852510582846146,-2.852523060015648,0.05769928005977726,0.0576985601405711,1.2477169502034258e-05,7.199192061588255e-07,1.2477247342132718e-05
lower_hopf,python,loca,44,234.0,-2.796559040503751,-2.796572830980204,0.06101966800266859,0.06101882651817606,1.3790476453223732e-05,8.41484492523914e-07,1.3790571542264185e-05
lower_hopf,python,loca,45,235.0,-2.7415070925785323,-2.741521310543069,0.06447310669596767,0.0644721900261397,1.4217964536822336e-05,9.166698279744478e-07,1.4218065612519009e-05
lower_hopf,python,loca,46,236.0,-2.687375886975432,-2.687390703942835,0.06805930054647849,0.06805829212151175,1.4816967402797587e-05,1.008424966739141e-06,1.4817077174647461e-05
lower_hopf,python,loca,47,237.0,-2.6341871661715146,-2.6342025207942354,0.0717772887118105,0.07177618660708363,1.5354622720842315e-05,1.102104726868891e-06,1.5354740603621367e-05
lower_hopf,python,loca,48,238.0,-2.5819630858363745,-2.5819630855445226,0.07562539905865638,0.0756253990807278,-2.9185187599978235e-10,-2.2071414140789614e-11,-2.91851869994485e-10
lower_hopf,python,loca,49,239.0,-2.5307260082531613,-2.530726007802459,0.07960120816830832,0.07960120820418475,-4.507021422739399e-10,-3.587642682933989e-11,-4.5070203880968e-10
lower_hopf,python,loca,50,240.0,-2.4804982713013985,-2.480498270823508,0.08370150914011534,0.08370150918011551,-4.778906159685903e-10,-4.0000169843068534e-11,-4.778906645158931e-10
lower_hopf,auto,loca,0,190.0,-5.976855613633333,-5.976820991605831,0.0025367904137218516,0.0025368782440697455,-3.462202750181831e-05,-8.783034789391908e-08,-3.462142816638243e-05
lower_hopf,auto,loca,1,191.0,-5.888115047099108,-5.888081852200754,0.0027721972363561474,0.0027722892606889854,-3.319489835362788e-05,-9.202433283797551e-08,-3.31943474091535e-05
lower_hopf,auto,loca,2,192.0,-5.800234182339503,-5.80020264806894,0.003026845828533711,0.003026941279413999,-3.153427056279412e-05,-9.545088028783608e-08,-3.1533773362896195e-05
lower_hopf,auto,loca,3,193.0,-5.713202580026076,-5.713172913582933,0.0033020804160979293,0.0033021783785319382,-2.9666443142950527e-05,-9.796243400890872e-08,-2.9666003098372975e-05
lower_hopf,auto,loca,4,194.0,-5.627009931403838,-5.626982309498772,0.0035993214715710413,0.0035994208930601283,-2.7621905065444707e-05,-9.942148908705442e-08,-2.762152358418107e-05
lower_hopf,auto,loca,5,195.0,-5.541647220519338,-5.5416206604062985,0.003920064306796341,0.003920168425530148,-2.6560113039586497e-05,-1.0411873380741093e-07,-2.655976032288213e-05
lower_hopf,auto,loca,6,196.0,-5.457103294000437,-5.457077987908355,0.004265894908096698,0.004266002862592003,-2.5306092082288956e-05,-1.0795449530490164e-07,-2.530577188579499e-05
lower_hopf,auto,loca,7,197.0,-5.373368420547565,-5.373344540592414,0.004638480612610529,0.004638591380642089,-2.3879955151073773e-05,-1.1076803156043896e-07,-2.3879670027133558e-05
lower_hopf,auto,loca,8,198.0,-5.290433121037053,-5.290410821680247,0.005039577040092025,0.005039689420671598,-2.2299356806421144e-05,-1.1238057957309311e-07,-2.2299108177606126e-05
lower_hopf,auto,loca,9,199.0,-5.208288195608065,-5.208267614880848,0.005471031011315517,0.00547114361027104,-2.0580727217556216e-05,-1.125989555223611e-07,-2.0580515435745063e-05
lower_hopf,auto,loca,10,200.0,-5.126924746387052,-5.126906009282,0.005934783403358467,0.005934894605060355,-1.8737105052402114e-05,-1.112017018875186e-07,-1.8736929513913035e-05
lower_hopf,auto,loca,11,201.0,-5.046334207122238,-5.046317423557765,0.006432871852256243,0.00643297981968176,-1.6783564473321633e-05,-1.0796742551735794e-07,-1.6783423630061862e-05
lower_hopf,auto,loca,12,202.0,-4.966509129348523,-4.966493630066191,0.006967428020938394,0.0069675360119093085,-1.549928233224307e-05,-1.0799097091476056e-07,-1.549916221892162e-05
lower_hopf,auto,loca,13,203.0,-4.887442291214583,-4.887426779180272,0.007540684706424745,0.0075408016786918785,-1.551203431127135e-05,-1.1697226713364844e-07,-1.5511914000361288e-05
lower_hopf,auto,loca,14,204.0,-4.809124792134366,-4.809109424143868,0.008154993890070733,0.008155119216902356,-1.536799049794979e-05,-1.2532683162265468e-07,-1.5367872411098716e-05
lower_hopf,auto,loca,15,205.0,-4.73154962832151,-4.731534546758631,0.00881280388246653,0.008812936794324676,-1.5081562878549448e-05,-1.3291185814619244e-07,-1.5081449152317142e-05
lower_hopf,auto,loca,16,206.0,-4.654710248486962,-4.654695584094042,0.009516670312133739,0.00951680986934975,-1.4664392920415992e-05,-1.3955721601087434e-07,-1.466428539886442e-05
lower_hopf,auto,loca,17,207.0,-4.578600585292471,-4.578586456545301,0.010269257195188227,0.010269402287951753,-1.4128747170438771e-05,-1.450927635260335e-07,-1.412864736015444e-05
lower_hopf,auto,loca,18,208.0,-4.503215081403299,-4.503201597228234,0.011073337564031793,0.011073486879860763,-1.348417506541466e-05,-1.4931582897025064e-07,-1.348408415436061e-05
lower_hopf,auto,loca,19,209.0,-4.4285487237159336,-4.428535983027143,0.01193179344232659,0.011931945462561967,-1.2740688790202626e-05,-1.5202023537740084e-07,-1.2740607628017084e-05
lower_hopf,auto,loca,20,210.0,-4.354597075483346,-4.354585167232,0.012847615160553976,0.012847768154095444,-1.1908251345893461e-05,-1.5299354146763866e-07,-1.1908180442909797e-05
lower_hopf,auto,loca,21,211.0,-4.281356308075288,-4.281345314007915,0.013823899898637772,0.013824051880360063,-1.0994067372926963e-05,-1.5198172229058393e-07,-1.0994006938479849e-05
lower_hopf,auto,loca,22,212.0,-4.208823239493581,-4.208813234505482,0.014863849241411918,0.014863997954790625,-1.0004988099332479e-05,-1.4871337870696333e-07,-1.0004938049593408e-05
lower_hopf,auto,loca,23,213.0,-4.136995371384308,-4.136986424878274,0.01597076570592928,0.015970908589120186,-8.94650603378011e-06,-1.4288319090394186e-07,-8.946466013917189e-06
lower_hopf,auto,loca,24,214.0,-4.065870931658173,-4.065863105831126,0.017148047990258177,0.017148182188441045,-7.825827046836764e-06,-1.3419818286827812e-07,-7.825796425159055e-06
lower_hopf,auto,loca,25,215.0,-3.9954489096461994,-3.995442263823343,0.018399184984917154,0.018399307263047584,-6.645822856476968e-06,-1.222781304301146e-07,-6.645800772928717e-06
lower_hopf,auto,loca,26,216.0,-3.9257291066290256,-3.925723693616407,0.019727747994778763,0.019727854781616615,-5.413012618582513e-06,-1.0678683785153575e-07,-5.412997968286191e-06
lower_hopf,auto,loca,27,217.0,-3.8567121706347907,-3.856708041985612,0.021137381506099596,0.02113746877511254,-4.128649178536392e-06,-8.726901294317524e-08,-4.1286406556837414e-06
lower_hopf,auto,loca,28,218.0,-3.7883996477403215,-3.7883968521571822,0.02263179172415174,0.02263185499329553,-2.7955831392034725e-06,-6.326914378865234e-08,-2.795579231459163e-06
lower_hopf,auto,loca,29,219.0,-3.7207940241720685,-3.720792608628256,0.02421473312686294,0.024214767403902843,-1.41554381238862e-06,-3.427703990435682e-08,-1.4155428104104844e-06
lower_hopf,auto,loca,30,220.0,-3.6538987733836974,-3.653898781927092,0.025889992539409053,0.025889992318220638,8.543394436344443e-09,2.211884148062282e-10,8.54339437754727e-09
lower_hopf,auto,loca,31,221.0,-3.5877183947685336,-3.587719872701156,0.027661370807610525,0.027661329925998436,1.477932622506728e-06,4.0881612088650154e-08,1.4779337146124052e-06
lower_hopf,auto,loca,32,222.0,-3.522258460763554,-3.52226145227346,0.029532661436250857,0.029532573089133766,2.991509906014045e-06,8.83471170907979e-08,2.991514380550349e-06
lower_hopf,auto,loca,33,223.0,-3.4575256562342602,-3.457530205274623,0.03150762634590702,0.031507483016769054,4.549040362622492e-06,1.4332913796794022e-07,4.5490507093713875e-06
lower_hopf,auto,loca,34,224.0,-3.393527812837609,-3.3935339887126648,0.03358996851007254,0.03358976106326447,6.175875055802749e-06,2.0744680806483728e-07,6.175894126609671e-06
lower_hopf,auto,loca,35,225.0,-3.330273940779541,-3.330281691891141,0.035783301219449094,0.03578302386016285,7.751111600118321e-06,2.773592862465035e-07,7.751141639968748e-06
lower_hopf,auto,loca,36,226.0,-3.2677742577945836,-3.267783664141401,0.038091113794434264,0.038090755497892384,9.406346817453226e-06,3.5829654188024307e-07,9.406391057275515e-06
lower_hopf,auto,loca,37,227.0,-3.2060391113877476,-3.2060532467396534,0.04051677831051034,0.04051620559563861,1.4135351905864013e-05,5.727148717354913e-07,1.4135451810352683e-05
lower_hopf,auto,loca,38,228.0,-3.1450814646477747,-3.145090529544788,0.0430634157579354,0.04306302539427582,9.064897013466577e-06,3.903636595845028e-07,9.064938099690324e-06
lower_hopf,auto,loca,39,229.0,-3.084919284980234,-3.0849342884995545,0.04573372514977605,0.04573303898809459,1.5003519320710978e-05,6.861616814596294e-07,1.5003631874064914e-05
lower_hopf,auto,loca,40,230.0,-3.0255633755,-3.025552509966718,0.04853047268765705,0.048530999999987987,-1.0865533282000683e-05,-5.273123309390559e-07,-1.0865474252316797e-05
lower_hopf,auto,loca,41,231.0,-2.9670318786773087,-2.967031235453558,0.05145581098950907,0.05145584408711945,-6.432237507070226e-07,-3.309761038156056e-08,-6.432235437732453e-07
lower_hopf,auto,loca,42,232.0,-2.9093414167494918,-2.909356461962348,0.05451161848896569,0.054510798356231925,1.5045212856446e-05,8.201327337670206e-07,1.5045326036272578e-05
lower_hopf,auto,loca,43,233.0,-2.852510942304283,-2.852523060015648,0.05769925931930527,0.0576985601405711,1.2117711365000616e-05,6.991787341731337e-07,1.2117784784745467e-05
lower_hopf,auto,loca,44,234.0,-2.79655953064361,-2.796572830980204,0.061019638094504426,0.06101882651817606,1.3300336593857764e-05,8.115763283633726e-07,1.3300425043762898e-05
lower_hopf,auto,loca,45,235.0,-2.741507646806884,-2.741521310543069,0.06447307096315393,0.0644721900261397,1.3663736185165476e-05,8.809370142248696e-07,1.36638295343729e-05
lower_hopf,auto,loca,46,236.0,-2.687376452495963,-2.687390703942835,0.06805926205755759,0.06805829212151175,1.4251446871949014e-05,9.699360458415018e-07,1.4251548424250365e-05
lower_hopf,auto,loca,47,237.0,-2.634187687623919,-2.6342025207942354,0.07177725128338047,0.07177618660708363,1.483317031647502e-05,1.0646762968469226e-06,1.4833280328406987e-05
lower_hopf,auto,loca,48,238.0,-2.5819635084037045,-2.5819630855445226,0.07562536710184017,0.0756253990807278,-4.2285918189222116e-07,-3.197888762129786e-08,-4.2285909244804613e-07
lower_hopf,auto,loca,49,239.0,-2.530726273876952,-2.530726007802459,0.07960118702433648,0.07960120820418475,-2.6607449266080607e-07,-2.1179848264107903e-08,-2.6607445718386033e-07
lower_hopf,auto,loca,50,240.0,-2.4804983214,-2.480498270823508,0.08370150494678692,0.08370150918011551,-5.057649188344726e-08,-4.2333285904527784e-09,-5.05764905784813e-08
upper_hopf,python,auto,0,190.0,-3.147932955990406,-3.1479329512333334,0.04294079570880711,0.04294079591307958,-4.7570725136836245e-09,-2.0427247393595138e-10,-4.757072373540493e-09
upper_hopf,python,auto,1,191.0,-3.0558871545575275,-3.055887373389482,0.04708093417215959,0.04708092386934788,2.1883195433503033e-07,1.0302811707940673e-08,2.1883197824519193e-07
upper_hopf,python,auto,2,192.0,-2.965012382439572,-2.9650124582382937,0.051559830804672184,0.051559826896503076,7.579872152163603e-08,3.908169107780246e-09,7.579872437557211e-08
upper_hopf,python,auto,3,193.0,-2.8752857505468103,-2.875286582627885,0.05640002086412994,0.05639997393475949,8.320810747086682e-07,4.6929370452197805e-08,8.32081420932627e-07
upper_hopf,python,auto,4,194.0,-2.7866862420207887,-2.7866878425063777,0.06162508655844299,0.06162498792845896,1.6004855889484304e-06,9.86299840272098e-08,1.600486869737164e-06
upper_hopf,python,auto,5,195.0,-2.6991945057010525,-2.699196540375021,0.0672596682051507,0.0672595313537939,2.0346739684207193e-06,1.3685135680230331e-07,2.03467603844052e-06
upper_hopf,python,auto,6,196.0,-2.612792683172221,-2.612794855631148,0.07332947156423361,0.07332931225914152,2.1724589274185746e-06,1.5930509209005628e-07,2.1724612870645962e-06
upper_hopf,python,auto,7,197.0,-2.527464232505937,-2.527466309885492,0.079861273365164,0.0798611074631598,2.0773795550432794e-06,1.6590200420385504e-07,2.0773817127490524e-06
upper_hopf,python,auto,8,198.0,-2.443193953233637,-2.443195648360928,0.08688290788428511,0.08688276060682167,1.6951272909793147e-06,1.472774634470042e-07,1.6951287277057423e-06
upper_hopf,python,auto,9,199.0,-2.3599676351733017,-2.35996874601915,0.09442327913991519,0.09442317425026583,1.1108458481956518e-06,1.048896493549556e-07,1.1108464652644347e-06
upper_hopf,python,auto,10,200.0,-2.2777721787840526,-2.2777725198376513,0.10251233165775554,0.10251229669556187,3.410535986958507e-07,3.496219366794229e-08,3.410536569263688e-07
upper_hopf,python,auto,11,201.0,-2.196595465217653,-2.1965968370978097,0.11118103445012224,0.11118088192317191,1.3718801565865135e-06,1.5252695033385333e-07,1.3718810976805557e-06
upper_hopf,python,auto,12,202.0,-2.1164263047861542,-2.1164296945851664,0.12046135236146711,0.12046094402238597,3.3897990121545263e-06,4.08339081145459e-07,3.3898047575451092e-06
upper_hopf,python,auto,13,203.0,-2.0372543968269192,-2.0372595451124664,0.1303862086685606,0.1303855374048549,5.148285547207365e-06,6.712637057038062e-07,5.148298799578455e-06
upper_hopf,python,auto,14,204.0,-1.9590703007641952,-1.9590769650145456,0.14098943778103235,0.14098849819525303,6.66425035045215e-06,9.395857793192963e-07,6.664272556603e-06
upper_hopf,python,auto,15,205.0,-1.881865413782789,-1.8818733764483273,0.15230572739461024,0.15230451463987182,7.962665538263636e-06,1.2127547384110926e-06,7.962697240319398e-06
upper_hopf,python,auto,16,206.0,-1.8056319585831204,-1.805641021185354,0.1643705483689171,0.16436905875076824,9.062602233544936e-06,1.48961814885884e-06,9.06264329905021e-06
upper_hopf,python,auto,17,207.0,-1.7303629776745193,-1.730372960352319,0.1772200713644635,0.17721830224242172,9.982677799724726e-06,1.7691220417781484e-06,9.982727626845891e-06
upper_hopf,python,auto,18,208.0,-1.656052334235465,-1.6560630726541046,0.19089106876438777,0.19088901890718293,1.0738418639633096e-05,2.0498572048388564e-06,1.0738476296719668e-05
upper_hopf,python,auto,19,209.0,-1.5826947189564304,-1.5827060619744995,0.20542080037705013,0.20541847029841478,1.1343018069043254e-05,2.330078635343069e-06,1.134308240129588e-05
upper_hopf,python,auto,20,210.0,-1.510285662363978,-1.5102974731714187,0.22084688130544672,0.22084427294086123,1.1810807440726379e-05,2.6083645854879656e-06,1.1810877188499455e-05
upper_hopf,python,auto,21,211.0,-1.4388215521626044,-1.4388337074095865,0.23720713026704854,0.23720424697331785,1.2155246982059609e-05,2.8832937306877415e-06,1.2155320857354091e-05
upper_hopf,python,auto,22,212.0,-1.36829965518653,-1.368312039840761,0.25453939654535374,0.25453624418245985,1.238465423103463e-05,3.1523628938878723e-06,1.2384730921181331e-05
upper_hopf,python,auto,23,213.0,-1.2987181435747992,-1.2987306545046413,0.27288136366579835,0.2728779496875584,1.2510929842113327e-05,3.4139782399411622e-06,1.2511008103989792e-05
upper_hopf,python,auto,24,214.0,-1.2300761247933092,-1.2300886652702392,0.29227032781569157,0.2922666626293699,1.2540476930000821e-05,3.665186321666347e-06,1.2540555562145159e-05
upper_hopf,python,auto,25,215.0,-1.1623736751242222,-1.1623861591768243,0.3127429489777669,0.3127390447027115,1.2484052602124152e-05,3.904275055366391e-06,1.2484130528306048e-05
upper_hopf,python,auto,26,216.0,-1.0956118762200353,-1.0956242215159349,0.33433497273024626,0.3343308452915556,1.23452958995518e-05,4.12743869065979e-06,1.234537210307481e-05
upper_hopf,python,auto,27,217.0,-1.0297928542851909,-1.0298049860828202,0.357080920691183,0.35707658868399345,1.2131797629377772e-05,4.3320071895780465e-06,1.2131871219963393e-05
upper_hopf,python,auto,28,218.0,-0.96491982139927,-0.9649316693032073,0.3810137476638225,0.3810092334762833,1.1847903937267645e-05,4.514187539217396e-06,1.1847974123961462e-05
upper_hopf,python,auto,29,219.0,-0.9009971184305424,-0.9010086162112838,0.40616446368737075,0.40615979372426947,1.1497780741387409e-05,4.669963101278096e-06,1.1497846841158294e-05
upper_hopf,python,auto,30,220.0,-0.8380302589100899,-0.8380413445525642,0.43256171942868105,0.43255692423069037,1.1085642474317758e-05,4.795197990681288e-06,1.1085703920263505e-05
upper_hopf,python,auto,31,221.0,-0.77602597314473,-0.7760365881311788,0.46023135368229573,0.46022646835864195,1.061498644883141e-05,4.885323653780471e-06,1.0615042787963842e-05
upper_hopf,python,auto,32,222.0,-0.7149922517413337,-0.7150023356906076,0.4891959021980357,0.4891909691962451,1.008394927382028e-05,4.93300179060796e-06,1.008400011699526e-05
upper_hopf,python,auto,33,223.0,-0.6549383875967854,-0.6549478855441977,0.5194740676467992,0.5194691337328536,9.497947412340224e-06,4.933913945515123e-06,9.497992517977934e-06
upper_hopf,python,auto,34,224.0,-0.5958750152804112,-0.5958838694800254,0.5510801512854383,0.5510752719333768,8.854199614161118e-06,4.87935206150425e-06,8.854238812759044e-06
upper_hopf,python,auto,35,225.0,-0.5378141465992997,-0.5378223008843019,0.5840234478105988,0.5840186855363739,8.15428500222648e-06,4.762274224856533e-06,8.15431824836695e-06
upper_hopf,python,auto,36,226.0,-0.4807692009969493,-0.48077659941684214,0.6183076060151793,0.6183030315328091,7.398419892834518e-06,4.5744823702342785e-06,7.398447261197914e-06
upper_hopf,python,auto,37,227.0,-0.4247550292953364,-0.42475814674872864,0.6539299591929738,0.6539279205999818,3.1174533922651015e-06,2.0385929919708445e-06,3.1174582515155895e-06
upper_hopf,python,auto,38,228.0,-0.3697879291566278,-0.36978818617622927,0.6908808307830547,0.6908806532131617,2.5701960149060454e-07,1.7756989301176418e-07,2.57019634557602e-07
upper_hopf,python,auto,39,229.0,-0.3158856505190302,-0.3158869889187431,0.7291428225040474,0.7291418466201562,1.3383997128912917e-06,9.75883891141116e-07,1.3384006084202972e-06
upper_hopf,python,auto,40,230.0,-0.2630673891714041,-0.26306738167,0.7686900941771816,0.7686900999434367,-7.501404108989362e-09,-5.766255140038368e-09,-7.501404194567708e-09
upper_hopf,python,auto,41,231.0,-0.2113537665335667,-0.21135457080928577,0.8094876465826087,0.8094869955316115,8.042757190795946e-07,6.510509972246226e-07,8.042760425040061e-07
upper_hopf,python,auto,42,232.0,-0.1607667937523709,-0.16076801946457925,0.8514906208873152,0.8514895772055056,1.2257122083414451e-06,1.0436818096426492e-06,1.2257129594796653e-06
upper_hopf,python,auto,43,233.0,-0.1113298181728083,-0.11132982049704628,0.8946436305364637,0.8946436284570989,2.324237968753806e-09,2.0793647914629787e-09,2.3242380824295907e-09
upper_hopf,python,auto,44,234.0,-0.063067450419469,-0.06306753556488494,0.9388801436938166,0.9388800637524797,8.514541594006886e-08,7.994133688349336e-08,8.514541949478287e-08
upper_hopf,python,auto,45,235.0,-0.0160054704721367,-0.016005653473696604,0.9841219364289273,0.9841217563330943,1.8300155990580436e-07,1.8009583302447396e-07,1.8300157664994978e-07
upper_hopf,python,auto,46,236.0,0.0298292885859087,0.029829054352044995,1.030278638616967,1.030278397290849,2.3423386370444166e-07,2.413261179778914e-07,2.3423389116229787e-07
upper_hopf,python,auto,47,237.0,0.0744090800824169,0.07440883920136007,1.0772473958251791,1.0772471363367193,2.408810568232944e-07,2.5948845983059243e-07,2.4088108575809956e-07
upper_hopf,python,auto,48,238.0,0.1177054069697458,0.11770520603907045,1.1249126711171897,1.1249124450877497,2.0093067534809883e-07,2.2602944005356562e-07,2.0093069557598682e-07
upper_hopf,python,auto,49,239.0,0.1596892085603375,0.15968909082737684,1.1731462105283657,1.173146072410397,1.1773296065831218e-07,1.3811796861773473e-07,1.1773296767209179e-07
upper_hopf,python,auto,50,240.0,0.2003310698846798,0.20033108014,1.2218071947751592,1.2218072073051833,-1.0255320204155538e-08,-1.253002412937576e-08,-1.0255320196557007e-08
upper_hopf,python,loca,0,190.0,-3.147932955990406,-3.1479325431882166,0.04294079570880711,0.04294081343486524,-4.1280218932016055e-07,-1.772605813521455e-08,-4.128021040426334e-07
upper_hopf,python,loca,1,191.0,-3.0558871545575275,-3.0558867045692493,0.04708093417215959,0.04708095535803286,-4.4998827819497933e-07,-2.1185873270990196e-08,-4.4998817695774526e-07
upper_hopf,python,loca,2,192.0,-2.965012382439572,-2.9650118973028228,0.051559830804672184,0.051559855818246965,-4.851367494396186e-07,-2.501357478090771e-08,-4.851366316671398e-07
upper_hopf,python,loca,3,193.0,-2.8752857505468103,-2.875285231467421,0.05640002086412994,0.05640005014022592,-5.190793892495549e-07,-2.927609597802583e-08,-5.190792544552258e-07
upper_hopf,python,loca,4,194.0,-2.7866862420207887,-2.786685689782608,0.06162508655844299,0.061625120590178065,-5.522381805178611e-07,-3.4031735075823466e-08,-5.522380280947882e-07
upper_hopf,python,loca,5,195.0,-2.6991945057010525,-2.6991939207688724,0.0672596682051507,0.06725970754750656,-5.849321800255325e-07,-3.934235585922874e-08,-5.849320089808692e-07
upper_hopf,python,loca,6,196.0,-2.612792683172221,-2.612792065698156,0.07332947156423361,0.07332951684329447,-6.174740647679755e-07,-4.527906086182476e-08,-6.174738742461146e-07
upper_hopf,python,loca,7,197.0,-2.527464232505937,-2.5274636142239277,0.079861273365164,0.07986132274196782,-6.182820091460428e-07,-4.9376803812339887e-08,-6.182818179943813e-07
upper_hopf,python,loca,8,198.0,-2.443193953233637,-2.4431932844342827,0.08688290788428511,0.08688296599153722,-6.687993541198978e-07,-5.8107252107197915e-08,-6.687991304631314e-07
upper_hopf,python,loca,9,199.0,-2.3599676351733017,-2.359966923807719,0.09442327913991519,0.09442334630941003,-7.113655824397824e-07,-6.71694948412016e-08,-7.113653293021202e-07
upper_hopf,python,loca,10,200.0,-2.2777721787840526,-2.2777714280707686,0.10251233165775554,0.10251240861515358,-7.507132839812414e-07,-7.695739803748047e-08,-7.507130022316584e-07
upper_hopf,python,loca,11,201.0,-2.196595465217653,-2.196594675549173,0.11118103445012224,0.11118112224631538,-7.896684799391096e-07,-8.779619313503684e-08,-7.896681681313616e-07
upper_hopf,python,loca,12,202.0,-2.1164263047861542,-2.1164254749200397,0.12046135236146711,0.12046145232830302,-8.298661144934272e-07,-9.996683590640654e-08,-8.298657701217074e-07
upper_hopf,python,loca,13,203.0,-2.0372543968269192,-2.037253524687347,0.1303862086685606,0.13038632238358244,-8.721395721167369e-07,-1.1371502184331916e-07,-8.721391919374939e-07
upper_hopf,python,loca,14,204.0,-1.9590703007641952,-1.9590693829454109,0.14098943778103235,0.14098956718384612,-9.178187843073005e-07,-1.29402813769941e-07,-9.178183631218873e-07
upper_hopf,python,loca,15,205.0,-1.881865413782789,-1.88186444624174,0.15230572739461024,0.15230587475672477,-9.675410490572744e-07,-1.4736211453869608e-07,-9.675405809137352e-07
upper_hopf,python,loca,16,206.0,-1.8056319585831204,-1.805630936559448,0.1643705483689171,0.1643707163595944,-1.0220236723590403e-06,-1.679906773133233e-07,-1.022023150071388e-06
upper_hopf,python,loca,17,207.0,-1.7303629776745193,-1.7303618955732711,0.1772200713644635,0.1772202631346277,-1.082101248162104e-06,-1.9177016419291704e-07,-1.0821006627624536e-06
upper_hopf,python,loca,18,208.0,-1.656052334235465,-1.6560511855044031,0.19089106876438777,0.19089128804701383,-1.1487310618285562e-06,-2.192826260571934e-07,-1.148730402003402e-06
upper_hopf,python,loca,19,209.0,-1.5826947189564304,-1.5826934959260217,0.20542080037705013,0.2054210516130892,-1.2230304087257338e-06,-2.512360390838353e-07,-1.2230296608404024e-06
upper_hopf,python,loca,20,210.0,-1.510285662363978,-1.5102843560763108,0.22084688130544672,0.22084716979519253,-1.3062876671465773e-06,-2.884897458144131e-07,-1.3062868140078517e-06
upper_hopf,python,loca,21,211.0,-1.4388215521626044,-1.4388201521574613,0.23720713026704854,0.23720746235848336,-1.4000051431484195e-06,-3.320914348237114e-07,-1.4000041631145363e-06
upper_hopf,python,loca,22,212.0,-1.36829965518653,-1.368298149239373,0.25453939654535374,0.25453977986852294,-1.5059471569767169e-06,-3.833231692063066e-07,-1.5059460230707512e-06
upper_hopf,python,loca,23,213.0,-1.2987181435747992,-1.2987165173953483,0.27288136366579835,0.2728818074202253,-1.626179450875398e-06,-4.4375442692645706e-07,-1.6261781286251006e-06
upper_hopf,python,loca,24,214.0,-1.2300761247933092,-1.230074361647994,0.29227032781569157,0.2922708431312051,-1.7631453150812604e-06,-5.153155135384502e-07,-1.7631437608270652e-06
upper_hopf,python,loca,25,215.0,-1.1623736751242222,-1.16237175539702,0.3127429489777669,0.31274354935948956,-1.9197272020932132e-06,-6.003817226707397e-07,-1.9197253593250567e-06
upper_hopf,python,loca,26,216.0,-1.0956118762200353,-1.0956097768717166,0.33433497273024626,0.3343356746165459,-2.0993483187403683e-06,-7.018862996366337e-07,-2.0993461150732316e-06
upper_hopf,python,loca,27,217.0,-1.0297928542851909,-1.0297905482292953,0.357080920691183,0.3570817441406948,-2.3060558955734223e-06,-8.234495117998009e-07,-2.3060532365814564e-06
upper_hopf,python,loca,28,218.0,-0.96491982139927,-0.9649172767187558,0.3810137476638225,0.3810147172233154,-2.5446805141937645e-06,-9.69559492913774e-07,-2.5446772764567736e-06
upper_hopf,python,loca,29,219.0,-0.9009971184305424,-0.9009942974880082,0.40616446368737075,0.4061656094555983,-2.8209425342318184e-06,-1.145768227572841e-06,-2.820938555355695e-06
upper_hopf,python,loca,30,220.0,-0.8380302589100899,-0.8380271172542042,0.43256171942868105,0.4325630783908875,-3.141655885663397e-06,-1.3589622064325013e-06,-3.1416509506261404e-06
upper_hopf,python,loca,31,221.0,-0.77602597314473,-0.7760224582345687,0.46023135368229573,0.4602329713570003,-3.5149101612619305e-06,-1.6176747045792972e-06,-3.5149039839748364e-06
upper_hopf,python,loca,32,222.0,-0.7149922517413337,-0.7149883014475406,0.4891959021980357,0.4891978346693887,-3.950293793186788e-06,-1.932471352994458e-06,-3.950285990739242e-06
upper_hopf,python,loca,33,223.0,-0.6549383875967854,-0.6549339284667486,0.5194740676467992,0.519476384054382,-4.4591300367713416e-06,-2.3164075828585595e-06,-4.459120094699172e-06
upper_hopf,python,loca,34,224.0,-0.5958750152804112,-0.5958699605238026,0.5510801512854383,0.5510829368685151,-5.054756608613431e-06,-2.785583076758691e-06,-5.054743833274071e-06
upper_hopf,python,loca,35,225.0,-0.5378141465992997,-0.5378083938355824,0.5840234478105988,0.5840268075691634,-5.752763717281617e-06,-3.359758564580595e-06,-5.7527471702276534e-06
upper_hopf,python,loca,36,226.0,-0.4807692009969493,-0.4807626299527049,0.6183076060151793,0.6183116689551639,-6.5710442443966954e-06,-4.062939984561531e-06,-6.571022655010171e-06
upper_hopf,python,loca,37,227.0,-0.4247550292953364,-0.4247475023235071,0.6539299591929738,0.6539348813238793,-7.526971829263651e-06,-4.922130905526956e-06,-7.52694350171716e-06
upper_hopf,python,loca,38,228.0,-0.3697879291566278,-0.3697793428783026,0.6908808307830547,0.6908867629036247,-8.586278325173335e-06,-5.932120569984711e-06,-8.586241463150182e-06
upper_hopf,python,loca,39,229.0,-0.3158856505190302,-0.3158769518218651,0.7291428225040474,0.7291491651242368,-8.698697165132607e-06,-6.342620189392356e-06,-8.69865933167689e-06
upper_hopf,python,loca,40,230.0,-0.2630673891714041,-0.2630805209178614,0.7686900941771816,0.7686800000000379,1.3131746457284432e-05,1.0094177143704641e-05,1.313183267901356e-05
upper_hopf,python,loca,41,231.0,-0.2113537665335667,-0.2113537672141809,0.8094876465826087,0.8094876460316599,6.806142038850993e-10,5.509488421040487e-10,6.806142685499373e-10
upper_hopf,python,loca,42,232.0,-0.1607667937523709,-0.1607667945924747,0.8514906208873152,0.8514906201719747,8.401037920879872e-10,7.153404535387153e-10,8.40103738775465e-10
upper_hopf,python,loca,43,233.0,-0.1113298181728083,-0.1113298192136117,0.8946436305364637,0.8946436296053155,1.0408033879194534e-09,9.311481585783099e-10,1.040803430287766e-09
upper_hopf,python,loca,44,234.0,-0.063067450419469,-0.06306745171156,0.9388801436938166,0.9388801424806981,1.292091003635143e-09,1.213118494547416e-09,1.2920909066647513e-09
upper_hopf,python,loca,45,235.0,-0.0160054704721367,-0.0160054720762814,0.9841219364289273,0.9841219348502533,1.6041447024883748e-09,1.5786739693268714e-09,1.604144683114991e-09
upper_hopf,python,loca,46,236.0,0.0298292885859087,0.0298292865990601,1.030278638616967,1.0302786365699592,1.9868485988394635e-09,2.047007674477186e-09,1.9868486075690723e-09
upper_hopf,python,loca,47,237.0,0.0744090800824169,0.074409077634357,1.0772473958251791,1.0772473931880129,2.448059893689347e-09,2.6371662631419213e-09,2.448060009073194e-09
upper_hopf,python,loca,48,238.0,0.1177054069697458,0.1177054039755148,1.1249126711171897,1.1249126677489414,2.994231002029224e-09,3.3682483469021918e-09,2.994230968740339e-09
upper_hopf,python,loca,49,239.0,0.1596892085603375,0.1596892004025771,1.1731462105283657,1.17314620095812,8.157760411631187e-09,9.570245707024583e-09,8.157760472828084e-09
upper_hopf,python,loca,50,240.0,0.2003310698846798,0.2004302416907703,1.2218071947751592,1.2219283696098238,-9.917180609050891e-05,-0.00012117483466456136,-9.916688872953652e-05
upper_hopf,auto,loca,0,190.0,-3.1479329512333334,-3.1479325431882166,0.04294079591307958,0.04294081343486524,-4.080451168064769e-07,-1.75217856612786e-08,-4.080450336101926e-07
upper_hopf,auto,loca,1,191.0,-3.055887373389482,-3.0558867045692493,0.04708092386934788,0.04708095535803286,-6.688202325300097e-07,-3.148868497893087e-08,-6.688200088437315e-07
upper_hopf,auto,loca,2,192.0,-2.9650124582382937,-2.9650118973028228,0.051559826896503076,0.051559855818246965,-5.609354709612546e-07,-2.8921743888687956e-08,-5.609353135245306e-07
upper_hopf,auto,loca,3,193.0,-2.875286582627885,-2.875285231467421,0.05639997393475949,0.05640005014022592,-1.351160463958223e-06,-7.620546643022363e-08,-1.3511595511130937e-06
upper_hopf,auto,loca,4,194.0,-2.7866878425063777,-2.786685689782608,0.06162498792845896,0.061625120590178065,-2.1527237694662915e-06,-1.3266171910303326e-07,-2.1527214524295334e-06
upper_hopf,auto,loca,5,195.0,-2.699196540375021,-2.6991939207688724,0.0672595313537939,0.06725970754750656,-2.619606148446252e-06,-1.7619371266153205e-07,-2.61960271737851e-06
upper_hopf,auto,loca,6,196.0,-2.612794855631148,-2.612792065698156,0.07332931225914152,0.07332951684329447,-2.78993299218655e-06,-2.0458415295188104e-07,-2.789929100297747e-06
upper_hopf,auto,loca,7,197.0,-2.527466309885492,-2.5274636142239277,0.0798611074631598,0.07986132274196782,-2.6956615641893222e-06,-2.1527880801619492e-07,-2.695657930832944e-06
upper_hopf,auto,loca,8,198.0,-2.443195648360928,-2.4431932844342827,0.08688276060682167,0.08688296599153722,-2.3639266450992125e-06,-2.0538471555420212e-07,-2.3639238510136437e-06
upper_hopf,auto,loca,9,199.0,-2.35996874601915,-2.359966923807719,0.09442317425026583,0.09442334630941003,-1.8222114306354342e-06,-1.720591441961572e-07,-1.8222097703712725e-06
upper_hopf,auto,loca,10,200.0,-2.2777725198376513,-2.2777714280707686,0.10251229669556187,0.10251240861515358,-1.091766882677092e-06,-1.1191959170542276e-07,-1.0917662868071425e-06
upper_hopf,auto,loca,11,201.0,-2.1965968370978097,-2.196594675549173,0.11118088192317191,0.11118112224631538,-2.161548636525623e-06,-2.4032314346889017e-07,-2.161546300427406e-06
upper_hopf,auto,loca,12,202.0,-2.1164296945851664,-2.1164254749200397,0.12046094402238597,0.12046145232830302,-4.2196651266479535e-06,-5.083059170518656e-07,-4.219656223856074e-06
upper_hopf,auto,loca,13,203.0,-2.0372595451124664,-2.037253524687347,0.1303855374048549,0.13038632238358244,-6.020425119324102e-06,-7.849787275471254e-07,-6.0204069966618355e-06
upper_hopf,auto,loca,14,204.0,-1.9590769650145456,-1.9590693829454109,0.14098849819525303,0.14098956718384612,-7.5820691347594504e-06,-1.0689885930892373e-06,-7.582040390941187e-06
upper_hopf,auto,loca,15,205.0,-1.8818733764483273,-1.88186444624174,0.15230451463987182,0.15230587475672477,-8.93020658732091e-06,-1.3601168529497887e-06,-8.93016671301929e-06
upper_hopf,auto,loca,16,206.0,-1.805641021185354,-1.805630936559448,0.16436905875076824,0.1643707163595944,-1.0084625905903977e-05,-1.6576088261721633e-06,-1.008457505621504e-05
upper_hopf,auto,loca,17,207.0,-1.730372960352319,-1.7303618955732711,0.17721830224242172,0.1772202631346277,-1.106477904788683e-05,-1.9608922059710654e-06,-1.1064717833543945e-05
upper_hopf,auto,loca,18,208.0,-1.6560630726541046,-1.6560511855044031,0.19088901890718293,0.19089128804701383,-1.1887149701461652e-05,-2.2691398308960498e-06,-1.1887079049606458e-05
upper_hopf,auto,loca,19,209.0,-1.5827060619744995,-1.5826934959260217,0.20541847029841478,0.2054210516130892,-1.2566048477768987e-05,-2.5813146744269044e-06,-1.2565969525308504e-05
upper_hopf,auto,loca,20,210.0,-1.5102974731714187,-1.5102843560763108,0.22084427294086123,0.22084716979519253,-1.3117095107872956e-05,-2.8968543313023787e-06,-1.3117009079123993e-05
upper_hopf,auto,loca,21,211.0,-1.4388337074095865,-1.4388201521574613,0.23720424697331785,0.23720746235848336,-1.3555252125208028e-05,-3.215385165511453e-06,-1.3555160253146478e-05
upper_hopf,auto,loca,22,212.0,-1.368312039840761,-1.368298149239373,0.25453624418245985,0.25453977986852294,-1.3890601388011348e-05,-3.535686063094179e-06,-1.3890504914086362e-05
upper_hopf,auto,loca,23,213.0,-1.2987306545046413,-1.2987165173953483,0.2728779496875584,0.2728818074202253,-1.4137109292988725e-05,-3.857732666867619e-06,-1.4137009364376169e-05
upper_hopf,auto,loca,24,214.0,-1.2300886652702392,-1.230074361647994,0.2922666626293699,0.2922708431312051,-1.4303622245082082e-05,-4.180501835204797e-06,-1.430351994888557e-05
upper_hopf,auto,loca,25,215.0,-1.1623861591768243,-1.16237175539702,0.3127390447027115,0.31274354935948956,-1.4403779804217365e-05,-4.5046567780371305e-06,-1.4403676070258957e-05
upper_hopf,auto,loca,26,216.0,-1.0956242215159349,-1.0956097768717166,0.3343308452915556,0.3343356746165459,-1.4444644218292169e-05,-4.829324990296424e-06,-1.444453989492818e-05
upper_hopf,auto,loca,27,217.0,-1.0298049860828202,-1.0297905482292953,0.35707658868399345,0.3570817441406948,-1.4437853524951194e-05,-5.155456701377847e-06,-1.4437749299629641e-05
upper_hopf,auto,loca,28,218.0,-0.9649316693032073,-0.9649172767187558,0.3810092334762833,0.3810147172233154,-1.439258445146141e-05,-5.48374703213117e-06,-1.4392480878677206e-05
upper_hopf,auto,loca,29,219.0,-0.9010086162112838,-0.9009942974880082,0.40615979372426947,0.4061656094555983,-1.4318723275619227e-05,-5.815731328850937e-06,-1.4318620763205478e-05
upper_hopf,auto,loca,30,220.0,-0.8380413445525642,-0.8380271172542042,0.43255692423069037,0.4325630783908875,-1.4227298359981155e-05,-6.154160197113789e-06,-1.4227197152394399e-05
upper_hopf,auto,loca,31,221.0,-0.7760365881311788,-0.7760224582345687,0.46022646835864195,0.4602329713570003,-1.412989661009334e-05,-6.502998358359768e-06,-1.4129796783541235e-05
upper_hopf,auto,loca,32,222.0,-0.7150023356906076,-0.7149883014475406,0.4891909691962451,0.4891978346693887,-1.4034243067007068e-05,-6.8654731436024186e-06,-1.403414458741884e-05
upper_hopf,auto,loca,33,223.0,-0.6549478855441977,-0.6549339284667486,0.5194691337328536,0.519476384054382,-1.3957077449111566e-05,-7.250321528373682e-06,-1.3956980049385023e-05
upper_hopf,auto,loca,34,224.0,-0.5958838694800254,-0.5958699605238026,0.5510752719333768,0.5510829368685151,-1.3908956222774549e-05,-7.66493513826294e-06,-1.3908859493669546e-05
upper_hopf,auto,loca,35,225.0,-0.5378223008843019,-0.5378083938355824,0.5840186855363739,0.5840268075691634,-1.3907048719508097e-05,-8.122032789437128e-06,-1.3906952016881993e-05
upper_hopf,auto,loca,36,226.0,-0.48077659941684214,-0.4807626299527049,0.6183030315328091,0.6183116689551639,-1.3969464137231213e-05,-8.63742235479581e-06,-1.3969366564586285e-05
upper_hopf,auto,loca,37,227.0,-0.42475814674872864,-0.4247475023235071,0.6539279205999818,0.6539348813238793,-1.0644425221528753e-05,-6.9607238974978e-06,-1.0644368569858119e-05
upper_hopf,auto,loca,38,228.0,-0.36978818617622927,-0.3697793428783026,0.6908806532131617,0.6908867629036247,-8.84329792666394e-06,-6.1096904629964754e-06,-8.843258824816632e-06
upper_hopf,auto,loca,39,229.0,-0.3158869889187431,-0.3158769518218651,0.7291418466201562,0.7291491651242368,-1.0037096878023899e-05,-7.318504080533472e-06,-1.0037046506508037e-05
upper_hopf,auto,loca,40,230.0,-0.26306738167,-0.2630805209178614,0.7686900999434367,0.7686800000000379,1.3139247861393422e-05,1.009994339884468e-05,1.3139334181771584e-05
upper_hopf,auto,loca,41,231.0,-0.21135457080928577,-0.2113537672141809,0.8094869955316115,0.8094876460316599,-8.035951048757095e-07,-6.505000483825185e-07,-8.035947819234252e-07
upper_hopf,auto,loca,42,232.0,-0.16076801946457925,-0.1607667945924747,0.8514895772055056,0.8514906201719747,-1.2248721045493571e-06,-1.0429664691891105e-06,-1.2248713544001972e-06
upper_hopf,auto,loca,43,233.0,-0.11132982049704628,-0.1113298192136117,0.8946436284570989,0.8946436296053155,-1.2834345808343528e-09,-1.1482166328846688e-09,-1.283434649158817e-09
upper_hopf,auto,loca,44,234.0,-0.06306753556488494,-0.06306745171156,0.9388800637524797,0.9388801424806981,-8.385332493643372e-08,-7.872821838894595e-08,-8.385332144839189e-08
upper_hopf,auto,loca,45,235.0,-0.016005653473696604,-0.0160054720762814,0.9841217563330943,0.9841219348502533,-1.8139741520331598e-07,-1.785171590551471e-07,-1.8139739877082482e-07
upper_hopf,auto,loca,46,236.0,0.029829054352044995,0.0298292865990601,1.030278397290849,1.0302786365699592,-2.322470151056022e-07,-2.392791103034142e-07,-2.3224698815461304e-07
upper_hopf,auto,loca,47,237.0,0.07440883920136007,0.074409077634357,1.0772471363367193,1.0772473931880129,-2.3843299692960507e-07,-2.568512935674505e-07,-2.3843296831503407e-07
upper_hopf,auto,loca,48,238.0,0.11770520603907045,0.1177054039755148,1.1249124450877497,1.1249126677489414,-1.979364443460696e-07,-2.2266119170666343e-07,-1.9793642483574296e-07
upper_hopf,auto,loca,49,239.0,0.15968909082737684,0.1596892004025771,1.173146072410397,1.17314620095812,-1.0957520024668099e-07,-1.2854772291071015e-07,-1.095751942986509e-07
upper_hopf,auto,loca,50,240.0,0.20033108014,0.2004302416907703,1.2218072073051833,1.2219283696098238,-9.916155077030475e-05,-0.00012116230464043198,-9.915663442622299e-05
