branch_id,backend_a,backend_b,canonical_index,T_K,log_w_a,log_w_b,w_m_s_a,w_m_s_b,delta_log_w_a_minus_b,delta_w_m_s_a_minus_b,relative_delta_w_a_minus_b
lower_hopf,python,auto,0,190.0,-5.976855534251504,-5.976855613633333,0.0025367906150969228,0.0025367904137218516,7.938182911004787e-08,2.0137507113215936e-10,7.938183227234447e-08
lower_hopf,python,auto,1,191.0,-5.888114612909845,-5.888115047099108,0.002772198440014682,0.0027721972363561474,4.341892623216381e-07,1.2036585343884465e-09,4.34189356587978e-07
lower_hopf,python,auto,2,192.0,-5.800233648986881,-5.800234182339503,0.003026847442910302,0.003026845828533711,5.333526225115293e-07,1.6143765907417063e-09,5.333527646248687e-07
lower_hopf,python,auto,3,193.0,-5.713202178173351,-5.713202580026076,0.0033020817430482103,0.0033020804160979293,4.018527253180082e-07,1.3269502809921951e-09,4.018528060440918e-07
lower_hopf,python,auto,4,194.0,-5.627009862888652,-5.627009931403838,0.0035993217181792283,0.0035993214715710413,6.851518552508651e-08,2.466081869961778e-10,6.851518791638737e-08
lower_hopf,python,auto,5,195.0,-5.541646529007504,-5.541647220519338,0.003920067017568138,0.003920064306796341,6.915118344608118e-07,2.7107717971361356e-09,6.915120735229735e-07
lower_hopf,python,auto,6,196.0,-5.457102199510431,-5.457103294000437,0.004265899577078597,0.004265894908096698,1.0944900061815588e-06,4.668981899019764e-09,1.0944906050446776e-06
lower_hopf,python,auto,7,197.0,-5.37336712409294,-5.373368420547565,0.004638486626194068,0.004638480612610529,1.2964546245441966e-06,6.013583539118961e-09,1.296455464914518e-06
lower_hopf,python,auto,8,198.0,-5.290431806518237,-5.290433121037053,0.005039583664715226,0.005039577040092025,1.3145188164642718e-06,6.6246232006961225e-09,1.3145196805196879e-06
lower_hopf,python,auto,9,199.0,-5.208287030776894,-5.208288195608065,0.005471037384146689,0.005471031011315517,1.1648311710743542e-06,6.3728311716290675e-09,1.16483184950851e-06
lower_hopf,python,auto,10,200.0,-5.12692388590156,-5.126924746387052,0.005934788510155685,0.005934783403358467,8.604854926375083e-07,5.106797217740988e-09,8.604858628625056e-07
lower_hopf,python,auto,11,201.0,-5.046333790309539,-5.046334207122238,0.006432874533559481,0.006432871852256243,4.1681269902227314e-07,2.6813032384664925e-09,4.1681278596060665e-07
lower_hopf,python,auto,12,202.0,-4.9665085159333735,-4.966509129348523,0.006967432294865608,0.006967428020938394,6.134151497860785e-07,4.273927213874207e-09,6.134153379166997e-07
lower_hopf,python,auto,13,203.0,-4.8874402125722,-4.887442291214583,0.0075407003808278675,0.007540684706424745,2.07864238355171e-06,1.5674403122667435e-08,2.0786445439513834e-06
lower_hopf,python,auto,14,204.0,-4.809121432778487,-4.809124792134366,0.008155021285643415,0.008154993890070733,3.35935587880698e-06,2.739557268191528e-08,3.3593615214440905e-06
lower_hopf,python,auto,15,205.0,-4.731545157569255,-4.73154962832151,0.00881284328241743,0.00881280388246653,4.47075225462612e-06,3.939995090081194e-08,4.470762248459871e-06
lower_hopf,python,auto,16,206.0,-4.654704823177963,-4.654710248486962,0.009516721943150884,0.009516670312133739,5.425308999384981e-06,5.1631017145697955e-08,5.425323716412504e-06
lower_hopf,python,auto,17,207.0,-4.578594349079393,-4.578600585292471,0.010269321236663942,0.010269257195188227,6.23621307838107e-06,6.404147571449637e-08,6.236232523663318e-06
lower_hopf,python,auto,18,208.0,-4.503208167440596,-4.503215081403299,0.011073414124939375,0.011073337564031793,6.913962702803644e-06,7.656090758242917e-08,6.913986604283868e-06
lower_hopf,python,auto,19,209.0,-4.4285412541398985,-4.4285487237159336,0.011931882568097808,0.01193179344232659,7.469576035035175e-06,8.912577121808485e-08,7.4696039324584675e-06
lower_hopf,python,auto,20,210.0,-4.354589161456799,-4.354597075483346,0.012847716837323758,0.012847615160553976,7.914026546984587e-06,1.0167676978145579e-07,7.914057862943614e-06
lower_hopf,python,auto,21,211.0,-4.281348052498943,-4.281356308075288,0.013824014023369845,0.013823899898637772,8.255576344318172e-06,1.141247320726041e-07,8.255610421763117e-06
lower_hopf,python,auto,22,212.0,-4.208814737393864,-4.208823239493581,0.01486397561587758,0.014863849241411918,8.502099717588862e-06,1.2637446566120258e-07,8.502135860549018e-06
lower_hopf,python,auto,23,213.0,-4.136986711229485,-4.136995371384308,0.015970904015831823,0.01597076570592928,8.660154822592858e-06,1.3830990254135034e-07,8.660192321899859e-06
lower_hopf,python,auto,24,214.0,-4.065862193678466,-4.065870931658173,0.017148197830208177,0.017148047990258177,8.737979706907595e-06,1.4983994999981376e-07,8.7380178831397e-06
lower_hopf,python,auto,25,215.0,-3.995440169753198,-3.9954489096461994,0.01839934579252795,0.018399184984917154,8.739893001319388e-06,1.6080761079673156e-07,8.739931194156405e-06
lower_hopf,python,auto,26,216.0,-3.925720434254088,-3.9257291066290256,0.019727919081947917,0.019727747994778763,8.672374937734872e-06,1.7108716915403832e-07,8.672412542948087e-06
lower_hopf,python,auto,27,217.0,-3.856703632383061,-3.8567121706347907,0.02113756198315428,0.021137381506099596,8.538251729639512e-06,1.8047705468288155e-07,8.538288180624522e-06
lower_hopf,python,auto,28,218.0,-3.788391306502436,-3.7883996477403215,0.0226319805020976,0.02263179172415174,8.341237885289843e-06,1.88777945858698e-07,8.341272673397826e-06
lower_hopf,python,auto,29,219.0,-3.720785940369386,-3.7207940241720685,0.024214928874778732,0.02421473312686294,8.083802682357089e-06,1.957479157932429e-07,8.0838353562562e-06
lower_hopf,python,auto,30,220.0,-3.6538910037993526,-3.6538987733836974,0.02589019369467122,0.025889992539409053,7.769584344785585e-06,2.0115526216599178e-07,7.769614528076771e-06
lower_hopf,python,auto,31,221.0,-3.587710996583492,-3.5877183947685336,0.02766157545230726,0.027661370807610525,7.398185041473937e-06,2.0464469673367458e-07,7.398212408091153e-06
lower_hopf,python,auto,32,222.0,-3.522251490796301,-3.522258460763554,0.029532867278651308,0.029532661436250857,6.969967252690168e-06,2.0584240045112834e-07,6.969991542938293e-06
lower_hopf,python,auto,33,223.0,-3.457519170673325,-3.4575256562342602,0.031507830691200264,0.03150762634590702,6.485560935409751e-06,2.0434529324209194e-07,6.485581966685894e-06
lower_hopf,python,auto,34,224.0,-3.393521868970657,-3.393527812837609,0.03359016816496964,0.03358996851007254,5.943866951962917e-06,1.9965489710116469e-07,5.94388461666151e-06
lower_hopf,python,auto,35,225.0,-3.3302685986360654,-3.330273940779541,0.03578349237948884,0.035783301219449094,5.342143475584038e-06,1.911600397488944e-07,5.342157744937023e-06
lower_hopf,python,auto,36,226.0,-3.2677695784499394,-3.2677742577945836,0.03809129203630062,0.038091113794434264,4.679344644209493e-06,1.7824186635678752e-07,4.6793555924539956e-06
lower_hopf,python,auto,37,227.0,-3.206036251141149,-3.2060391113877476,0.04051689419865343,0.04051677831051034,2.860246598679339e-06,1.1588814308877149e-07,2.860250689248638e-06
lower_hopf,python,auto,38,228.0,-3.1450812923466382,-3.1450814646477747,0.04306342317781152,0.0430634157579354,1.7230113646959921e-07,7.419876116299129e-09,1.7230115135332361e-07
lower_hopf,python,auto,39,229.0,-3.0849186086442475,-3.084919284980234,0.045733756081150614,0.04573372514977605,6.763359863271035e-07,3.093137456583461e-08,6.763362150040402e-07
lower_hopf,python,auto,40,230.0,-3.025563322768334,-3.0255633755,0.0485304752467498,0.04853047268765705,5.273166614472302e-08,2.5590927502094907e-09,5.273166751702287e-08
lower_hopf,python,auto,41,231.0,-2.967031744199005,-2.9670318786773087,0.0514558179091997,0.05145581098950907,1.3447830360391322e-07,6.9196906329893615e-09,1.3447831255443946e-07
lower_hopf,python,auto,42,232.0,-2.909341322402576,-2.9093414167494918,0.054511623631969,0.05451161848896569,9.434691561338582e-08,5.143003307950256e-09,9.434691998718235e-08
lower_hopf,python,auto,43,233.0,-2.852510582846146,-2.852510942304283,0.05769928005977726,0.05769925931930527,3.594581370336414e-07,2.0740471985691844e-08,3.594582015501264e-07
lower_hopf,python,auto,44,234.0,-2.796559040503751,-2.79655953064361,0.06101966800266859,0.061019638094504426,4.901398593659678e-07,2.990816416054143e-08,4.901399794312289e-07
lower_hopf,python,auto,45,235.0,-2.7415070925785323,-2.741507646806884,0.06447310669596767,0.06447307096315393,5.542283516568602e-07,3.573281374957826e-08,5.542285052622886e-07
lower_hopf,python,auto,46,236.0,-2.687375886975432,-2.687376452495963,0.06805930054647849,0.06805926205755759,5.655205308485733e-07,3.848892089763911e-08,5.655206908515861e-07
lower_hopf,python,auto,47,237.0,-2.6341871661715146,-2.634187687623919,0.0717772887118105,0.07177725128338047,5.214524043672952e-07,3.7428430021968495e-08,5.214525403626705e-07
lower_hopf,python,auto,48,238.0,-2.5819630858363745,-2.5819635084037045,0.07562539905865638,0.07562536710184017,4.225673300162214e-07,3.195681620715707e-08,4.225674192645271e-07
lower_hopf,python,auto,49,239.0,-2.5307260082531613,-2.530726273876952,0.07960120816830832,0.07960118702433648,2.6562379051853213e-07,2.1143971837278563e-08,2.656238258207659e-07
lower_hopf,python,auto,50,240.0,-2.4804982713013985,-2.4804983214,0.08370150914011534,0.08370150494678692,5.009860126747867e-08,4.19332842060971e-09,5.00986024477769e-08
lower_hopf,python,loca,0,190.0,-5.976855534251504,-5.97682099160565,0.0025367906150969228,0.0025368782440702052,-3.454264585389666e-05,-8.762897328248864e-08,-3.454204926362387e-05
lower_hopf,python,loca,1,191.0,-5.888114612909845,-5.888081852200697,0.002772198440014682,0.002772289260689143,-3.276070914814966e-05,-9.082067446101322e-08,-3.276017252198163e-05
lower_hopf,python,loca,2,192.0,-5.800233648986881,-5.800202648069234,0.003026847442910302,0.003026941279413109,-3.1000917646295534e-05,-9.383650280718123e-08,-3.100043712290815e-05
lower_hopf,python,loca,3,193.0,-5.713202178173351,-5.713172913582953,0.0033020817430482103,0.0033021783785318706,-2.9264590397204415e-05,-9.663548366026231e-08,-2.9264162193208316e-05
lower_hopf,python,loca,4,194.0,-5.627009862888652,-5.6269823094988025,0.0035993217181792283,0.0035994208930600195,-2.7553389849721555e-05,-9.917488079120435e-08,-2.7553010258517335e-05
lower_hopf,python,loca,5,195.0,-5.541646529007504,-5.541620660406213,0.003920067017568138,0.003920168425530483,-2.5868601290390814e-05,-1.0140796234507643e-07,-2.586826670115679e-05
lower_hopf,python,loca,6,196.0,-5.457102199510431,-5.457077987908252,0.004265899577078597,0.004266002862592442,-2.4211602179136094e-05,-1.0328551384563428e-07,-2.4211309080760405e-05
lower_hopf,python,loca,7,197.0,-5.37336712409294,-5.373344540592315,0.004638486626194068,0.004638591380642547,-2.258350062511738e-05,-1.04754448479287e-07,-2.2583245619875273e-05
lower_hopf,python,loca,8,198.0,-5.290431806518237,-5.290410821680247,0.005039583664715226,0.005039689420671598,-2.0984837989956873e-05,-1.0575595637239699e-07,-2.0984617809702994e-05
lower_hopf,python,loca,9,199.0,-5.208287030776894,-5.208267614880746,0.005471037384146689,0.005471143610271599,-1.941589614862238e-05,-1.0622612491018035e-07,-1.941570766132879e-05
lower_hopf,python,loca,10,200.0,-5.12692388590156,-5.126906009282269,0.005934788510155685,0.005934894605058758,-1.7876619290646545e-05,-1.0609490307296465e-07,-1.7876459504863318e-05
lower_hopf,python,loca,11,201.0,-5.046333790309539,-5.046317423557812,0.006432874533559481,0.006432979819681457,-1.6366751727225903e-05,-1.052861219761822e-07,-1.6366617792591748e-05
lower_hopf,python,loca,12,202.0,-4.9665085159333735,-4.96649363006621,0.006967432294865608,0.006967536011909178,-1.4885867163805244e-05,-1.037170435707821e-07,-1.4885756369756104e-05
lower_hopf,python,loca,13,203.0,-4.8874402125722,-4.887426779180546,0.0075407003808278675,0.007540801678689809,-1.3433391653272508e-05,-1.012978619414559e-07,-1.3433301425725348e-05
lower_hopf,python,loca,14,204.0,-4.809121432778487,-4.80910942414383,0.008155021285643415,0.008155119216902667,-1.2008634657334483e-05,-9.79312592512549e-08,-1.2008562553969558e-05
lower_hopf,python,loca,15,205.0,-4.731545157569255,-4.731534546758333,0.00881284328241743,0.008812936794327306,-1.0610810922351277e-05,-9.351190987522129e-08,-1.0610754627834488e-05
lower_hopf,python,loca,16,206.0,-4.654704823177963,-4.654695584093875,0.009516721943150884,0.009516809869351339,-9.239084088008553e-06,-8.792620045418309e-08,-9.239041407914152e-06
lower_hopf,python,loca,17,207.0,-4.578594349079393,-4.578586456545509,0.010269321236663942,0.010269402287949609,-7.892533883335773e-06,-8.105128566741893e-08,-7.892502737235902e-06
lower_hopf,python,loca,18,208.0,-4.503208167440596,-4.503201597228276,0.011073414124939375,0.011073486879860291,-6.570212319978452e-06,-7.275492091597668e-08,-6.5701907362439206e-06
lower_hopf,python,loca,19,209.0,-4.4285412541398985,-4.428535983027068,0.011931882568097808,0.011931945462562868,-5.2711128306626165e-06,-6.289446505963747e-08,-5.271098938305769e-06
lower_hopf,python,loca,20,210.0,-4.354589161456799,-4.354585167232023,0.012847716837323758,0.012847768154095147,-3.994224775816235e-06,-5.131677138954516e-08,-3.994216798906684e-06
lower_hopf,python,loca,21,211.0,-4.281348052498943,-4.281345314007906,0.013824014023369845,0.013824051880360184,-2.7384910374905758e-06,-3.785699033941048e-08,-2.738487287738978e-06
lower_hopf,python,loca,22,212.0,-4.208814737393864,-4.20881323450548,0.01486397561587758,0.014863997954790651,-1.5028883835199736e-06,-2.2338913071781596e-08,-1.5028872541375577e-06
lower_hopf,python,loca,23,213.0,-4.136986711229485,-4.136986424878305,0.015970904015831823,0.01597090858911969,-2.863511801010077e-07,-4.573287866460607e-09,-2.8635113906895666e-07
lower_hopf,python,loca,24,214.0,-4.065862193678466,-4.065863105831142,0.017148197830208177,0.01714818218844077,9.121526760580423e-07,1.5641767405621954e-08,9.121530920149507e-07
lower_hopf,python,loca,25,215.0,-3.995440169753198,-3.99544226382341,0.01839934579252795,0.018399307263046352,2.09407021189989e-06,3.852948159827063e-08,2.094072404326561e-06
lower_hopf,python,loca,26,216.0,-3.925720434254088,-3.925723693616205,0.019727919081947917,0.0197278547816206,3.2593621170917686e-06,6.430032731610802e-08,3.259367428840425e-06
lower_hopf,python,loca,27,217.0,-3.856703632383061,-3.856708041985752,0.02113756198315428,0.021137468775109584,4.409602690991221e-06,9.320804469567512e-08,4.409612413262661e-06
lower_hopf,python,loca,28,218.0,-3.788391306502436,-3.7883968521571822,0.0226319805020976,0.02263185499329553,5.54565474608637e-06,1.2550880207004567e-07,5.545670123250014e-06
lower_hopf,python,loca,29,219.0,-3.720785940369386,-3.7207926086284737,0.024214928874778732,0.024214767403897577,6.6682590875721814e-06,1.6147088115550656e-07,6.668281320328372e-06
lower_hopf,python,loca,30,220.0,-3.6538910037993526,-3.653898781926918,0.02589019369467122,0.02588999231822513,7.778127565583048e-06,2.013764460878642e-07,7.778157815292446e-06
lower_hopf,python,loca,31,221.0,-3.587710996583492,-3.5877198727006734,0.02766157545230726,0.027661329926011786,8.876117181255694e-06,2.4552629547189286e-07,8.876156574127991e-06
lower_hopf,python,loca,32,222.0,-3.522251490796301,-3.522261452276534,0.029532867278651308,0.02953257308904298,9.961480232689723e-06,2.9418960832694463e-07,9.96152984841315e-06
lower_hopf,python,loca,33,223.0,-3.457519170673325,-3.4575302052661434,0.031507830691200264,0.031507483017036216,1.103459281859287e-05,3.476741640487391e-07,1.1034653699908379e-05
lower_hopf,python,loca,34,224.0,-3.393521868970657,-3.393533988691591,0.03359016816496964,0.03358976106397234,1.2119720933956302e-05,4.0710099730167926e-07,1.2119794378005479e-05
lower_hopf,python,loca,35,225.0,-3.3302685986360654,-3.330281692173289,0.03578349237948884,0.035783023850066736,1.3093537223785034e-05,4.685294221068448e-07,1.3093622944500566e-05
lower_hopf,python,loca,36,226.0,-3.2677695784499394,-3.2677836631410844,0.03809129203630062,0.038090755535995204,1.4084691144944372e-05,5.365003054175199e-07,1.4084790334771255e-05
lower_hopf,python,loca,37,227.0,-3.206036251141149,-3.206053246018842,0.04051689419865343,0.04051620562484315,1.6994877693132793e-05,6.885738102826999e-07,1.6995022106919362e-05
lower_hopf,python,loca,38,228.0,-3.1450812923466382,-3.1450905543721417,0.04306342317781152,0.043063024325134876,9.262025503442572e-06,3.9885267664324653e-07,9.26206839612158e-06
lower_hopf,python,loca,39,229.0,-3.0849186086442475,-3.0849341767201803,0.045733756081150614,0.045733044100105355,1.5568075932836933e-05,7.1198104525938e-07,1.5568197115873592e-05
lower_hopf,python,loca,40,230.0,-3.025563322768334,-3.025552509966718,0.0485304752467498,0.048530999999987987,-1.081280161585596e-05,-5.247532381888464e-07,-1.081274315775435e-05
lower_hopf,python,loca,41,231.0,-2.967031744199005,-2.9670311705099777,0.0514558179091997,0.051455847428846305,-5.736890273944084e-07,-2.9519646602138572e-08,-5.736888629219188e-07
lower_hopf,python,loca,42,232.0,-2.909341322402576,-2.90935647598883,0.054511623631969,0.05451079759163721,1.5153586253813245e-05,8.26040331788902e-07,1.5153701069962499e-05
lower_hopf,python,loca,43,233.0,-2.852510582846146,-2.852523056947153,0.05769928005977726,0.05769856031761885,1.2474101006798577e-05,7.19742158407366e-07,1.2474178808714318e-05
lower_hopf,python,loca,44,234.0,-2.796559040503751,-2.796572831647912,0.06101966800266859,0.0610188264774333,1.3791144161334756e-05,8.415252352872438e-07,1.3791239259549944e-05
lower_hopf,python,loca,45,235.0,-2.7415070925785323,-2.741521310398587,0.06447310669596767,0.06447219003545478,1.4217820054618358e-05,9.166605128979599e-07,1.4217921128379021e-05
lower_hopf,python,loca,46,236.0,-2.687375886975432,-2.6873907039741,0.06805930054647849,0.0680582921193839,1.4816998668010228e-05,1.00842709459259e-06,1.481710844027155e-05
lower_hopf,python,loca,47,237.0,-2.6341871661715146,-2.634202520787752,0.0717772887118105,0.07177618660754898,1.535461623758394e-05,1.1021042615189103e-06,1.5354734120174026e-05
lower_hopf,python,loca,48,238.0,-2.5819630858363745,-2.581963085544521,0.07562539905865638,0.07562539908072792,-2.9185365235662175e-10,-2.2071539040879884e-11,-2.9185352155721067e-10
lower_hopf,python,loca,49,239.0,-2.5307260082531613,-2.5307260078024587,0.07960120816830832,0.07960120820418479,-4.5070258636314975e-10,-3.5876468462703315e-11,-4.507025618339449e-10
lower_hopf,python,loca,50,240.0,-2.4804982713013985,-2.4804982708235075,0.08370150914011534,0.08370150918011555,-4.778910600578001e-10,-4.000021147643196e-11,-4.778911619186737e-10
lower_hopf,auto,loca,0,190.0,-5.976855613633333,-5.97682099160565,0.0025367904137218516,0.0025368782440702052,-3.4622027683006706e-05,-8.78303483536208e-08,-3.4621428347583795e-05
lower_hopf,auto,loca,1,191.0,-5.888115047099108,-5.888081852200697,0.0027721972363561474,0.002772289260689143,-3.3194898410471296e-05,-9.202433299540166e-08,-3.3194347465937236e-05
lower_hopf,auto,loca,2,192.0,-5.800234182339503,-5.800202648069234,0.003026845828533711,0.003026941279413109,-3.153427026880706e-05,-9.545087939792293e-08,-3.153377306890797e-05
lower_hopf,auto,loca,3,193.0,-5.713202580026076,-5.713172913582953,0.0033020804160979293,0.0033021783785318706,-2.9666443122522423e-05,-9.79624339412545e-08,-2.966600307788583e-05
lower_hopf,auto,loca,4,194.0,-5.627009931403838,-5.6269823094988025,0.0035993214715710413,0.0035994208930600195,-2.762190503524664e-05,-9.942148897820052e-08,-2.7621523553939845e-05
lower_hopf,auto,loca,5,195.0,-5.541647220519338,-5.541620660406213,0.003920064306796341,0.003920168425530483,-2.6560113124851625e-05,-1.0411873414221257e-07,-2.6559760408284768e-05
lower_hopf,auto,loca,6,196.0,-5.457103294000437,-5.457077987908252,0.004265894908096698,0.004266002862592442,-2.5306092185317652e-05,-1.0795449574465404e-07,-2.5305771988875385e-05
lower_hopf,auto,loca,7,197.0,-5.373368420547565,-5.373344540592315,0.004638480612610529,0.004638591380642547,-2.3879955249661577e-05,-1.1076803201840596e-07,-2.3879670125860957e-05
lower_hopf,auto,loca,8,198.0,-5.290433121037053,-5.290410821680247,0.005039577040092025,0.005039689420671598,-2.2299356806421144e-05,-1.1238057957309311e-07,-2.2299108177606126e-05
lower_hopf,auto,loca,9,199.0,-5.208288195608065,-5.208267614880746,0.005471031011315517,0.005471143610271599,-2.0580727319696734e-05,-1.1259895608180942e-07,-2.0580515537997325e-05
lower_hopf,auto,loca,10,200.0,-5.126924746387052,-5.126906009282269,0.005934783403358467,0.005934894605058758,-1.8737104783284053e-05,-1.1120170029070564e-07,-1.8736929244863093e-05
lower_hopf,auto,loca,11,201.0,-5.046334207122238,-5.046317423557812,0.006432871852256243,0.006432979819681457,-1.6783564426248176e-05,-1.079674252146487e-07,-1.6783423583006813e-05
lower_hopf,auto,loca,12,202.0,-4.966509129348523,-4.96649363006621,0.006967428020938394,0.006967536011909178,-1.5499282313591323e-05,-1.079909707846563e-07,-1.5499162200248985e-05
lower_hopf,auto,loca,13,203.0,-4.887442291214583,-4.887426779180546,0.007540684706424745,0.007540801678689809,-1.5512034036824218e-05,-1.1697226506412334e-07,-1.5511913725921898e-05
lower_hopf,auto,loca,14,204.0,-4.809124792134366,-4.80910942414383,0.008154993890070733,0.008155119216902667,-1.5367990536141463e-05,-1.2532683193317018e-07,-1.5367872449174276e-05
lower_hopf,auto,loca,15,205.0,-4.73154962832151,-4.731534546758333,0.00881280388246653,0.008812936794327306,-1.5081563176977397e-05,-1.3291186077603323e-07,-1.5081449450719501e-05
lower_hopf,auto,loca,16,206.0,-4.654710248486962,-4.654695584093875,0.009516670312133739,0.009516809869351339,-1.4664393087393535e-05,-1.3955721759988104e-07,-1.4664285565830391e-05
lower_hopf,auto,loca,17,207.0,-4.578600585292471,-4.578586456545509,0.010269257195188227,0.010269402287949609,-1.4128746961716843e-05,-1.450927613819153e-07,-1.412864715137034e-05
lower_hopf,auto,loca,18,208.0,-4.503215081403299,-4.503201597228276,0.011073337564031793,0.011073486879860291,-1.3484175022782097e-05,-1.4931582849840586e-07,-1.3484084111750869e-05
lower_hopf,auto,loca,19,209.0,-4.4285487237159336,-4.428535983027068,0.01193179344232659,0.011931945462562868,-1.2740688865697791e-05,-1.5202023627772232e-07,-1.2740607703470833e-05
lower_hopf,auto,loca,20,210.0,-4.354597075483346,-4.354585167232023,0.012847615160553976,0.012847768154095147,-1.1908251322800822e-05,-1.5299354117100095e-07,-1.1908180419821414e-05
lower_hopf,auto,loca,21,211.0,-4.281356308075288,-4.281345314007906,0.013823899898637772,0.013824051880360184,-1.0994067381808748e-05,-1.5198172241201457e-07,-1.0994006947263765e-05
lower_hopf,auto,loca,22,212.0,-4.208823239493581,-4.20881323450548,0.014863849241411918,0.014863997954790651,-1.0004988101108836e-05,-1.4871337873298418e-07,-1.0004938051343987e-05
lower_hopf,auto,loca,23,213.0,-4.136995371384308,-4.136986424878305,0.01597076570592928,0.01597090858911969,-8.946506002693866e-06,-1.4288319040781094e-07,-8.946465982852802e-06
lower_hopf,auto,loca,24,214.0,-4.065870931658173,-4.065863105831142,0.017148047990258177,0.01714818218844077,-7.825827030849553e-06,-1.341981825941918e-07,-7.825796409175777e-06
lower_hopf,auto,loca,25,215.0,-3.9954489096461994,-3.99544226382341,0.018399184984917154,0.018399307263046352,-6.645822789419498e-06,-1.2227812919846093e-07,-6.645800705988943e-06
lower_hopf,auto,loca,26,216.0,-3.9257291066290256,-3.925723693616205,0.019727747994778763,0.0197278547816206,-5.413012820643104e-06,-1.067868418379303e-07,-5.412998170354435e-06
lower_hopf,auto,loca,27,217.0,-3.8567121706347907,-3.856708041985752,0.021137381506099596,0.021137468775109584,-4.128649038648291e-06,-8.726900998720644e-08,-4.128640515839343e-06
lower_hopf,auto,loca,28,218.0,-3.7883996477403215,-3.7883968521571822,0.02263179172415174,0.02263185499329553,-2.7955831392034725e-06,-6.326914378865234e-08,-2.795579231459163e-06
lower_hopf,auto,loca,29,219.0,-3.7207940241720685,-3.7207926086284737,0.02421473312686294,0.024214767403897577,-1.415543594784907e-06,-3.427703463773635e-08,-1.4155425929145683e-06
lower_hopf,auto,loca,30,220.0,-3.6538987733836974,-3.653898781926918,0.025889992539409053,0.02588999231822513,8.543220797463391e-09,2.2118392187242542e-10,8.543220838143088e-09
lower_hopf,auto,loca,31,221.0,-3.5877183947685336,-3.5877198727006734,0.027661370807610525,0.027661329926011786,1.4779321397817569e-06,4.088159873821828e-08,1.4779332319728633e-06
lower_hopf,auto,loca,32,222.0,-3.522258460763554,-3.522261452276534,0.029532661436250857,0.02953257308904298,2.9915129799995555e-06,8.834720787581629e-08,2.9915174546234985e-06
lower_hopf,auto,loca,33,223.0,-3.4575256562342602,-3.4575302052661434,0.03150762634590702,0.031507483017036216,4.549031883183119e-06,1.4332887080664714e-07,4.549042230036232e-06
lower_hopf,auto,loca,34,224.0,-3.393527812837609,-3.393533988691591,0.03358996851007254,0.03358976106397234,6.175853981993384e-06,2.0744610020051457e-07,6.175873052667137e-06
lower_hopf,auto,loca,35,225.0,-3.330273940779541,-3.330281692173289,0.035783301219449094,0.035783023850066736,7.751393748200996e-06,2.773693823579504e-07,7.751423790234907e-06
lower_hopf,auto,loca,36,226.0,-3.2677742577945836,-3.2677836631410844,0.038091113794434264,0.038090755535995204,9.405346500734879e-06,3.582584390607324e-07,9.405390731149542e-06
lower_hopf,auto,loca,37,227.0,-3.2060391113877476,-3.206053246018842,0.04051677831051034,0.04051620562484315,1.4134631094453454e-05,5.726856671939284e-07,1.4134730988796671e-05
lower_hopf,auto,loca,38,228.0,-3.1450814646477747,-3.1450905543721417,0.0430634157579354,0.043063024325134876,9.089724366972973e-06,3.914328005269474e-07,9.089765678591164e-06
lower_hopf,auto,loca,39,229.0,-3.084919284980234,-3.0849341767201803,0.04573372514977605,0.045733044100105355,1.489173994650983e-05,6.810496706935454e-07,1.4891850828971529e-05
lower_hopf,auto,loca,40,230.0,-3.0255633755,-3.025552509966718,0.04853047268765705,0.048530999999987987,-1.0865533282000683e-05,-5.273123309390559e-07,-1.0865474252316797e-05
lower_hopf,auto,loca,41,231.0,-2.9670318786773087,-2.9670311705099777,0.05145581098950907,0.051455847428846305,-7.081673309983216e-07,-3.643933723512793e-08,-7.081670802432442e-07
lower_hopf,auto,loca,42,232.0,-2.9093414167494918,-2.90935647598883,0.05451161848896569,0.05451079759163721,1.5059239338199859e-05,8.208973284809518e-07,1.5059352729171769e-05
lower_hopf,auto,loca,43,233.0,-2.852510942304283,-2.852523056947153,0.05769925931930527,0.05769856031761885,1.2114642869764936e-05,6.990016864216742e-07,1.2114716252430075e-05
lower_hopf,auto,loca,44,234.0,-2.79655953064361,-2.796572831647912,0.061019638094504426,0.0610188264774333,1.3301004301968788e-05,8.116170711267023e-07,1.3301092760721383e-05
lower_hopf,auto,loca,45,235.0,-2.741507646806884,-2.741521310398587,0.06447307096315393,0.06447219003545478,1.3663591702961497e-05,8.809276991483816e-07,1.3663685050312991e-05
lower_hopf,auto,loca,46,236.0,-2.687376452495963,-2.6873907039741,0.06805926205755759,0.0680582921193839,1.4251478137161655e-05,9.699381736949508e-07,1.4251579689856773e-05
lower_hopf,auto,loca,47,237.0,-2.634187687623919,-2.634202520787752,0.07177725128338047,0.07177618660754898,1.4833163833216645e-05,1.0646758314969418e-06,1.4833273844963028e-05
lower_hopf,auto,loca,48,238.0,-2.5819635084037045,-2.581963085544521,0.07562536710184017,0.07562539908072792,-4.22859183668578e-07,-3.197888774619795e-08,-4.228590940996082e-07
lower_hopf,auto,loca,49,239.0,-2.530726273876952,-2.5307260078024587,0.07960118702433648,0.07960120820418479,-2.660744931048953e-07,-2.1179848305741267e-08,-2.6607445770688443e-07
lower_hopf,auto,loca,50,240.0,-2.4804983214,-2.4804982708235075,0.08370150494678692,0.08370150918011555,-5.057649232753647e-08,-4.233328632086142e-09,-5.057649107588406e-08
upper_hopf,python,auto,0,190.0,-3.147932955990406,-3.1479329512333334,0.04294079570880711,0.04294079591307958,-4.7570725136836245e-09,-2.0427247393595138e-10,-4.757072373540493e-09
upper_hopf,python,auto,1,191.0,-3.0558871545575275,-3.055887373389482,0.04708093417215959,0.04708092386934788,2.1883195433503033e-07,1.0302811707940673e-08,2.1883197824519193e-07
upper_hopf,python,auto,2,192.0,-2.965012382439572,-2.9650124582382937,0.051559830804672184,0.051559826896503076,7.579872152163603e-08,3.908169107780246e-09,7.579872437557211e-08
upper_hopf,python,auto,3,193.0,-2.8752857505468103,-2.875286582627885,0.05640002086412994,0.05639997393475949,8.320810747086682e-07,4.6929370452197805e-08,8.32081420932627e-07
upper_hopf,python,auto,4,194.0,-2.7866862420207887,-2.7866878425063777,0.06162508655844299,0.06162498792845896,1.6004855889484304e-06,9.86299840272098e-08,1.600486869737164e-06
upper_hopf,python,auto,5,195.0,-2.6991945057010525,-2.699196540375021,0.0672596682051507,0.0672595313537939,2.0346739684207193e-06,1.3685135680230331e-07,2.03467603844052e-06
upper_hopf,python,auto,6,196.0,-2.612792683172221,-2.612794855631148,0.07332947156423361,0.07332931225914152,2.1724589274185746e-06,1.5930509209005628e-07,2.1724612870645962e-06
upper_hopf,python,auto,7,197.0,-2.527464232505937,-2.527466309885492,0.079861273365164,0.0798611074631598,2.0773795550432794e-06,1.6590200420385504e-07,2.0773817127490524e-06
upper_hopf,python,auto,8,198.0,-2.443193953233637,-2.443195648360928,0.08688290788428511,0.08688276060682167,1.6951272909793147e-06,1.472774634470042e-07,1.6951287277057423e-06
upper_hopf,python,auto,9,199.0,-2.3599676351733017,-2.35996874601915,0.09442327913991519,0.09442317425026583,1.1108458481956518e-06,1.048896493549556e-07,1.1108464652644347e-06
upper_hopf,python,auto,10,200.0,-2.2777721787840526,-2.2777725198376513,0.10251233165775554,0.10251229669556187,3.410535986958507e-07,3.496219366794229e-08,3.410536569263688e-07
upper_hopf,python,auto,11,201.0,-2.196595465217653,-2.1965968370978097,0.11118103445012224,0.11118088192317191,1.3718801565865135e-06,1.5252695033385333e-07,1.3718810976805557e-06
upper_hopf,python,auto,12,202.0,-2.1164263047861542,-2.1164296945851664,0.12046135236146711,0.12046094402238597,3.3897990121545263e-06,4.08339081145459e-07,3.3898047575451092e-06
upper_hopf,python,auto,13,203.0,-2.0372543968269192,-2.0372595451124664,0.1303862086685606,0.1303855374048549,5.148285547207365e-06,6.712637057038062e-07,5.148298799578455e-06
upper_hopf,python,auto,14,204.0,-1.9590703007641952,-1.9590769650145456,0.14098943778103235,0.14098849819525303,6.66425035045215e-06,9.395857793192963e-07,6.664272556603e-06
upper_hopf,python,auto,15,205.0,-1.881865413782789,-1.8818733764483273,0.15230572739461024,0.15230451463987182,7.962665538263636e-06,1.2127547384110926e-06,7.962697240319398e-06
upper_hopf,python,auto,16,206.0,-1.8056319585831204,-1.805641021185354,0.1643705483689171,0.16436905875076824,9.062602233544936e-06,1.48961814885884e-06,9.06264329905021e-06
upper_hopf,python,auto,17,207.0,-1.7303629776745193,-1.730372960352319,0.1772200713644635,0.17721830224242172,9.982677799724726e-06,1.7691220417781484e-06,9.982727626845891e-06
upper_hopf,python,auto,18,208.0,-1.656052334235465,-1.6560630726541046,0.19089106876438777,0.19088901890718293,1.0738418639633096e-05,2.0498572048388564e-06,1.0738476296719668e-05
upper_hopf,python,auto,19,209.0,-1.5826947189564304,-1.5827060619744995,0.20542080037705013,0.20541847029841478,1.1343018069043254e-05,2.330078635343069e-06,1.134308240129588e-05
upper_hopf,python,auto,20,210.0,-1.510285662363978,-1.5102974731714187,0.22084688130544672,0.22084427294086123,1.1810807440726379e-05,2.6083645854879656e-06,1.1810877188499455e-05
upper_hopf,python,auto,21,211.0,-1.4388215521626044,-1.4388337074095865,0.23720713026704854,0.23720424697331785,1.2155246982059609e-05,2.8832937306877415e-06,1.2155320857354091e-05
upper_hopf,python,auto,22,212.0,-1.36829965518653,-1.368312039840761,0.25453939654535374,0.25453624418245985,1.238465423103463e-05,3.1523628938878723e-06,1.2384730921181331e-05
upper_hopf,python,auto,23,213.0,-1.2987181435747992,-1.2987306545046413,0.27288136366579835,0.2728779496875584,1.2510929842113327e-05,3.4139782399411622e-06,1.2511008103989792e-05
upper_hopf,python,auto,24,214.0,-1.2300761247933092,-1.2300886652702392,0.29227032781569157,0.2922666626293699,1.2540476930000821e-05,3.665186321666347e-06,1.2540555562145159e-05
upper_hopf,python,auto,25,215.0,-1.1623736751242222,-1.1623861591768243,0.3127429489777669,0.3127390447027115,1.2484052602124152e-05,3.904275055366391e-06,1.2484130528306048e-05
upper_hopf,python,auto,26,216.0,-1.0956118762200353,-1.0956242215159349,0.33433497273024626,0.3343308452915556,1.23452958995518e-05,4.12743869065979e-06,1.234537210307481e-05
upper_hopf,python,auto,27,217.0,-1.0297928542851909,-1.0298049860828202,0.357080920691183,0.35707658868399345,1.2131797629377772e-05,4.3320071895780465e-06,1.2131871219963393e-05
upper_hopf,python,auto,28,218.0,-0.96491982139927,-0.9649316693032073,0.3810137476638225,0.3810092334762833,1.1847903937267645e-05,4.514187539217396e-06,1.1847974123961462e-05
upper_hopf,python,auto,29,219.0,-0.9009971184305424,-0.9010086162112838,0.40616446368737075,0.40615979372426947,1.1497780741387409e-05,4.669963101278096e-06,1.1497846841158294e-05
upper_hopf,python,auto,30,220.0,-0.8380302589100899,-0.8380413445525642,0.43256171942868105,0.43255692423069037,1.1085642474317758e-05,4.795197990681288e-06,1.1085703920263505e-05
upper_hopf,python,auto,31,221.0,-0.77602597314473,-0.7760365881311788,0.46023135368229573,0.46022646835864195,1.061498644883141e-05,4.885323653780471e-06,1.0615042787963842e-05
upper_hopf,python,auto,32,222.0,-0.7149922517413337,-0.7150023356906076,0.4891959021980357,0.4891909691962451,1.008394927382028e-05,4.93300179060796e-06,1.008400011699526e-05
upper_hopf,python,auto,33,223.0,-0.6549383875967854,-0.6549478855441977,0.5194740676467992,0.5194691337328536,9.497947412340224e-06,4.933913945515123e-06,9.497992517977934e-06
upper_hopf,python,auto,34,224.0,-0.5958750152804112,-0.5958838694800254,0.5510801512854383,0.5510752719333768,8.854199614161118e-06,4.87935206150425e-06,8.854238812759044e-06
upper_hopf,python,auto,35,225.0,-0.5378141465992997,-0.5378223008843019,0.5840234478105988,0.5840186855363739,8.15428500222648e-06,4.762274224856533e-06,8.15431824836695e-06
upper_hopf,python,auto,36,226.0,-0.4807692009969493,-0.48077659941684214,0.6183076060151793,0.6183030315328091,7.398419892834518e-06,4.5744823702342785e-06,7.398447261197914e-06
upper_hopf,python,auto,37,227.0,-0.4247550292953364,-0.42475814674872864,0.6539299591929738,0.6539279205999818,3.1174533922651015e-06,2.0385929919708445e-06,3.1174582515155895e-06
upper_hopf,python,auto,38,228.0,-0.3697879291566278,-0.36978818617622927,0.6908808307830547,0.6908806532131617,2.5701960149060454e-07,1.7756989301176418e-07,2.57019634557602e-07
upper_hopf,python,auto,39,229.0,-0.3158856505190302,-0.3158869889187431,0.7291428225040474,0.7291418466201562,1.3383997128912917e-06,9.75883891141116e-07,1.3384006084202972e-06
upper_hopf,python,auto,40,230.0,-0.2630673891714041,-0.26306738167,0.7686900941771816,0.7686900999434367,-7.501404108989362e-09,-5.766255140038368e-09,-7.501404194567708e-09
upper_hopf,python,auto,41,231.0,-0.2113537665335667,-0.21135457080928577,0.8094876465826087,0.8094869955316115,8.042757190795946e-07,6.510509972246226e-07,8.042760425040061e-07
upper_hopf,python,auto,42,232.0,-0.1607667937523709,-0.16076801946457925,0.8514906208873152,0.8514895772055056,1.2257122083414451e-06,1.0436818096426492e-06,1.2257129594796653e-06
upper_hopf,python,auto,43,233.0,-0.1113298181728083,-0.11132982049704628,0.8946436305364637,0.8946436284570989,2.324237968753806e-09,2.0793647914629787e-09,2.3242380824295907e-09
upper_hopf,python,auto,44,234.0,-0.063067450419469,-0.06306753556488494,0.9388801436938166,0.9388800637524797,8.514541594006886e-08,7.994133688349336e-08,8.514541949478287e-08
upper_hopf,python,auto,45,235.0,-0.0160054704721367,-0.016005653473696604,0.9841219364289273,0.9841217563330943,1.8300155990580436e-07,1.8009583302447396e-07,1.8300157664994978e-07
upper_hopf,python,auto,46,236.0,0.0298292885859087,0.029829054352044995,1.030278638616967,1.030278397290849,2.3423386370444166e-07,2.413261179778914e-07,2.3423389116229787e-07
upper_hopf,python,auto,47,237.0,0.0744090800824169,0.07440883920136007,1.0772473958251791,1.0772471363367193,2.408810568232944e-07,2.5948845983059243e-07,2.4088108575809956e-07
upper_hopf,python,auto,48,238.0,0.1177054069697458,0.11770520603907045,1.1249126711171897,1.1249124450877497,2.0093067534809883e-07,2.2602944005356562e-07,2.0093069557598682e-07
upper_hopf,python,auto,49,239.0,0.1596892085603375,0.15968909082737684,1.1731462105283657,1.173146072410397,1.1773296065831218e-07,1.3811796861773473e-07,1.1773296767209179e-07
upper_hopf,python,auto,50,240.0,0.2003310698846798,0.20033108014,1.2218071947751592,1.2218072073051833,-1.0255320204155538e-08,-1.253002412937576e-08,-1.0255320196557007e-08
upper_hopf,python,loca,0,190.0,-3.147932955990406,-3.14793254318819,0.04294079570880711,0.04294081343486639,-4.1280221596551314e-07,-1.7726059280132045e-08,-4.1280213070531e-07
upper_hopf,python,loca,1,191.0,-3.0558871545575275,-3.0558867045692177,0.04708093417215959,0.047080955358034346,-4.4998830972531323e-07,-2.1185874755913492e-08,-4.499882084975179e-07
upper_hopf,python,loca,2,192.0,-2.965012382439572,-2.965011897302794,0.051559830804672184,0.05155985581824846,-4.851367783054172e-07,-2.50135762727699e-08,-4.851366606016944e-07
upper_hopf,python,loca,3,193.0,-2.8752857505468103,-2.875285231467415,0.05640002086412994,0.056400050140226275,-5.190793954668038e-07,-2.9276096331909418e-08,-5.190792607297487e-07
upper_hopf,python,loca,4,194.0,-2.7866862420207887,-2.786685689782648,0.06162508655844299,0.0616251205901756,-5.522381405498322e-07,-3.403173261251613e-08,-5.522379881223556e-07
upper_hopf,python,loca,5,195.0,-2.6991945057010525,-2.6991939207688325,0.0672596682051507,0.06725970754750925,-5.849322199935614e-07,-3.9342358551519574e-08,-5.849320490091322e-07
upper_hopf,python,loca,6,196.0,-2.612792683172221,-2.6127920656981627,0.07332947156423361,0.07332951684329397,-6.174740581066374e-07,-4.52790603622244e-08,-6.174738674330321e-07
upper_hopf,python,loca,7,197.0,-2.527464232505937,-2.527463614223945,0.079861273365164,0.07986132274196645,-6.182819918265636e-07,-4.9376802438438894e-08,-6.182818007908077e-07
upper_hopf,python,loca,8,198.0,-2.443193953233637,-2.4431932844343165,0.08688290788428511,0.08688296599153428,-6.687993203691178e-07,-5.81072491651069e-08,-6.687990966004633e-07
upper_hopf,python,loca,9,199.0,-2.3599676351733017,-2.35996692380774,0.09442327913991519,0.09442334630940806,-7.113655615675896e-07,-6.716949287055574e-08,-7.113653084318106e-07
upper_hopf,python,loca,10,200.0,-2.2777721787840526,-2.277771428070731,0.10251233165775554,0.10251240861515745,-7.507133217288242e-07,-7.695740190938327e-08,-7.507130400017191e-07
upper_hopf,python,loca,11,201.0,-2.196595465217653,-2.196594675549117,0.11118103445012224,0.11118112224632165,-7.896685363384393e-07,-8.779619940779693e-08,-7.89668224550608e-07
upper_hopf,python,loca,12,202.0,-2.1164263047861542,-2.116425474919991,0.12046135236146711,0.1204614523283089,-8.298661633432403e-07,-9.996684179058857e-08,-8.298658189686791e-07
upper_hopf,python,loca,13,203.0,-2.0372543968269192,-2.037253524687254,0.1303862086685606,0.1303863223835946,-8.721396653754709e-07,-1.1371503400026128e-07,-8.72139285175276e-07
upper_hopf,python,loca,14,204.0,-1.9590703007641952,-1.9590693829455044,0.14098943778103235,0.14098956718383293,-9.178186908265218e-07,-1.294028005860426e-07,-9.178182696122285e-07
upper_hopf,python,loca,15,205.0,-1.881865413782789,-1.881864446241741,0.15230572739461024,0.1523058747567246,-9.675410479470514e-07,-1.4736211437216262e-07,-9.675405798203217e-07
upper_hopf,python,loca,16,206.0,-1.8056319585831204,-1.8056309365594647,0.1643705483689171,0.16437071635959166,-1.022023655705695e-06,-1.679906745655213e-07,-1.0220231333543032e-06
upper_hopf,python,loca,17,207.0,-1.7303629776745193,-1.7303618955733475,0.1772200713644635,0.17722026313461414,-1.0821011717787599e-06,-1.9177015064819614e-07,-1.0821005863337992e-06
upper_hopf,python,loca,18,208.0,-1.656052334235465,-1.656051185504351,0.19089106876438777,0.1908912880470238,-1.1487311140090384e-06,-2.1928263602144504e-07,-1.1487304542019088e-06
upper_hopf,python,loca,19,209.0,-1.5826947189564304,-1.582693495925866,0.20542080037705013,0.20542105161312119,-1.2230305643790018e-06,-2.512360710582584e-07,-1.2230298164933102e-06
upper_hopf,python,loca,20,210.0,-1.510285662363978,-1.5102843560762949,0.22084688130544672,0.22084716979519606,-1.3062876831337888e-06,-2.884897493393712e-07,-1.3062868299689052e-06
upper_hopf,python,loca,21,211.0,-1.4388215521626044,-1.4388201521574984,0.23720713026704854,0.23720746235847456,-1.4000051060669705e-06,-3.320914260251939e-07,-1.4000041260225113e-06
upper_hopf,python,loca,22,212.0,-1.36829965518653,-1.3682981492394173,0.25453939654535374,0.25453977986851173,-1.5059471127898405e-06,-3.8332315799305405e-07,-1.505945979017772e-06
upper_hopf,python,loca,23,213.0,-1.2987181435747992,-1.2987165173953024,0.27288136366579835,0.2728818074202378,-1.6261794968386312e-06,-4.4375443947197724e-07,-1.6261781745992163e-06
upper_hopf,python,loca,24,214.0,-1.2300761247933092,-1.2300743616480845,0.29227032781569157,0.2922708431311787,-1.7631452247091062e-06,-5.153154871151422e-07,-1.7631436704203002e-06
upper_hopf,python,loca,25,215.0,-1.1623736751242222,-1.1623717553969544,0.3127429489777669,0.31274354935951015,-1.9197272678184163e-06,-6.003817432653769e-07,-1.9197254251764474e-06
upper_hopf,python,loca,26,216.0,-1.0956118762200353,-1.0956097768716049,0.33433497273024626,0.33433567461658326,-2.0993484304288046e-06,-7.018863369956385e-07,-2.0993462268140035e-06
upper_hopf,python,loca,27,217.0,-1.0297928542851909,-1.0297905482291558,0.357080920691183,0.3570817441407446,-2.306056035017434e-06,-8.234495615933035e-07,-2.306053376026804e-06
upper_hopf,python,loca,28,218.0,-0.96491982139927,-0.9649172767189208,0.3810137476638225,0.3810147172232526,-2.544680349214623e-06,-9.695594300751509e-07,-2.5446771115327944e-06
upper_hopf,python,loca,29,219.0,-0.9009971184305424,-0.9009942974877838,0.40616446368737075,0.40616560945568947,-2.8209427586078917e-06,-1.1457683187221512e-06,-2.8209387797692128e-06
upper_hopf,python,loca,30,220.0,-0.8380302589100899,-0.8380271172541732,0.43256171942868105,0.4325630783909009,-3.1416559166386193e-06,-1.3589622198662e-06,-3.141650981682088e-06
upper_hopf,python,loca,31,221.0,-0.77602597314473,-0.776022458234195,0.46023135368229573,0.46023297135717234,-3.5149105349630005e-06,-1.6176748766083549e-06,-3.514904357760427e-06
upper_hopf,python,loca,32,222.0,-0.7149922517413337,-0.7149883014478027,0.4891959021980357,0.4891978346692605,-3.9502935310631315e-06,-1.932471224763699e-06,-3.950285728615734e-06
upper_hopf,python,loca,33,223.0,-0.6549383875967854,-0.6549339284700992,0.5194740676467992,0.5194763840526415,-4.459126686118253e-06,-2.316405842361924e-06,-4.459116744231417e-06
upper_hopf,python,loca,34,224.0,-0.5958750152804112,-0.5958699605733305,0.5510801512854383,0.5510829368412211,-5.054707080676124e-06,-2.785555782813809e-06,-5.054694305689214e-06
upper_hopf,python,loca,35,225.0,-0.5378141465992997,-0.537808394469698,0.5840234478105988,0.5840268071988229,-5.752129601743761e-06,-3.3593882241556017e-06,-5.752113058419851e-06
upper_hopf,python,loca,36,226.0,-0.4807692009969493,-0.4807626369305313,0.6183076060151793,0.6183116646406924,-6.564066418024428e-06,-4.058625513114755e-06,-6.564044874478094e-06
upper_hopf,python,loca,37,227.0,-0.4247550292953364,-0.4247475667807245,0.6539299591929738,0.653934839173058,-7.462514611866755e-06,-4.879980084138147e-06,-7.462486767503e-06
upper_hopf,python,loca,38,228.0,-0.3697879291566278,-0.3697798163640778,0.6908808307830547,0.6908864357786477,-8.112792549974657e-06,-5.604995592989326e-06,-8.112759641419713e-06
upper_hopf,python,loca,39,229.0,-0.3158856505190302,-0.3158792119477725,0.7291428225040474,0.7291475171571806,-6.438571257705306e-06,-4.6946531332414665e-06,-6.43855053027555e-06
upper_hopf,python,loca,40,230.0,-0.2630673891714041,-0.2630805209178614,0.7686900941771816,0.7686800000000379,1.3131746457284432e-05,1.0094177143704641e-05,1.313183267901356e-05
upper_hopf,python,loca,41,231.0,-0.2113537665335667,-0.2113537672141963,0.8094876465826087,0.8094876460316475,6.80629608229566e-10,5.509612766019245e-10,6.806296294982422e-10
upper_hopf,python,loca,42,232.0,-0.1607667937523709,-0.1607667945924423,0.8514906208873152,0.8514906201720023,8.400714013312438e-10,7.153129200077046e-10,8.400714030921568e-10
upper_hopf,python,loca,43,233.0,-0.1113298181728083,-0.111329819213638,0.8946436305364637,0.894643629605292,1.040829700205137e-09,9.31171695306432e-10,1.0408297387835375e-09
upper_hopf,python,loca,44,234.0,-0.063067450419469,-0.0630674517114801,0.9388801436938166,0.938880142480773,1.2920110953329456e-09,1.2130435544932539e-09,1.2920110881119157e-09
upper_hopf,python,loca,45,235.0,-0.0160054704721367,-0.0160054720762177,0.9841219364289273,0.984121934850316,1.60408099997289e-09,1.5786113527482826e-09,1.6040810562650327e-09
upper_hopf,python,loca,46,236.0,0.0298292885859087,0.0298292865995765,1.030278638616967,1.0302786365704912,1.986332199416241e-09,2.0464756556037855e-09,1.986332224082535e-09
upper_hopf,python,loca,47,237.0,0.0744090800824169,0.0744090776343353,1.0772473958251791,1.0772473931879896,2.4480815985494786e-09,2.6371895778254384e-09,2.4480816519044707e-09
upper_hopf,python,loca,48,238.0,0.1177054069697458,0.1177054039754363,1.1249126711171897,1.124912667748853,2.994309494797065e-09,3.368336720654952e-09,2.9943095292860227e-09
upper_hopf,python,loca,49,239.0,0.1596892085603375,0.1596892004295005,1.1731462105283657,1.173146200989705,8.130837003683666e-09,9.538660750152417e-09,8.130837181337917e-09
upper_hopf,python,loca,50,240.0,0.2003310698846798,0.2004302416907703,1.2218071947751592,1.2219283696098238,-9.917180609050891e-05,-0.00012117483466456136,-9.916688872953652e-05
upper_hopf,auto,loca,0,190.0,-3.1479329512333334,-3.14793254318819,0.04294079591307958,0.04294081343486639,-4.080451434518295e-07,-1.7521786806196094e-08,-4.0804506027286937e-07
upper_hopf,auto,loca,1,191.0,-3.055887373389482,-3.0558867045692177,0.04708092386934788,0.047080955358034346,-6.688202640603436e-07,-3.1488686463854165e-08,-6.688200403834974e-07
upper_hopf,auto,loca,2,192.0,-2.9650124582382937,-2.965011897302794,0.051559826896503076,0.05155985581824846,-5.609354998270533e-07,-2.8921745380550146e-08,-5.60935342459083e-07
upper_hopf,auto,loca,3,193.0,-2.875286582627885,-2.875285231467415,0.05639997393475949,0.056400050140226275,-1.351160470175472e-06,-7.620546678410722e-08,-1.3511595573876114e-06
upper_hopf,auto,loca,4,194.0,-2.7866878425063777,-2.786685689782648,0.06162498792845896,0.0616251205901756,-2.1527237294982626e-06,-1.3266171663972592e-07,-2.1527214124571648e-06
upper_hopf,auto,loca,5,195.0,-2.699196540375021,-2.6991939207688325,0.0672595313537939,0.06725970754750925,-2.6196061884142807e-06,-1.761937153538229e-07,-2.6196027574066915e-06
upper_hopf,auto,loca,6,196.0,-2.612794855631148,-2.6127920656981627,0.07332931225914152,0.07332951684329397,-2.789932985525212e-06,-2.0458415245228068e-07,-2.789929093484679e-06
upper_hopf,auto,loca,7,197.0,-2.527466309885492,-2.527463614223945,0.0798611074631598,0.07986132274196645,-2.695661546869843e-06,-2.1527880664229393e-07,-2.6956579136294065e-06
upper_hopf,auto,loca,8,198.0,-2.443195648360928,-2.4431932844343165,0.08688276060682167,0.08688296599153428,-2.3639266113484325e-06,-2.053847126121111e-07,-2.363923817151033e-06
upper_hopf,auto,loca,9,199.0,-2.35996874601915,-2.35996692380774,0.09442317425026583,0.09442334630940806,-1.8222114097632414e-06,-1.7205914222551133e-07,-1.8222097495009861e-06
upper_hopf,auto,loca,10,200.0,-2.2777725198376513,-2.277771428070731,0.10251229669556187,0.10251240861515745,-1.091766920424675e-06,-1.1191959557732556e-07,-1.0917663245771904e-06
upper_hopf,auto,loca,11,201.0,-2.1965968370978097,-2.196594675549117,0.11118088192317191,0.11118112224632165,-2.1615486929249528e-06,-2.4032314974165025e-07,-2.161546356846575e-06
upper_hopf,auto,loca,12,202.0,-2.1164296945851664,-2.116425474919991,0.12046094402238597,0.1204614523283089,-4.2196651754977665e-06,-5.083059229360476e-07,-4.21965627270288e-06
upper_hopf,auto,loca,13,203.0,-2.0372595451124664,-2.037253524687254,0.1303855374048549,0.1303863223835946,-6.020425212582836e-06,-7.849787397040675e-07,-6.020407089899137e-06
upper_hopf,auto,loca,14,204.0,-1.9590769650145456,-1.9590693829455044,0.14098849819525303,0.14098956718383293,-7.582069041278672e-06,-1.068988579905339e-06,-7.5820402974321515e-06
upper_hopf,auto,loca,15,205.0,-1.8818733764483273,-1.881864446241741,0.15230451463987182,0.1523058747567246,-8.930206586210687e-06,-1.3601168527832552e-06,-8.930166711925886e-06
upper_hopf,auto,loca,16,206.0,-1.805641021185354,-1.8056309365594647,0.16436905875076824,0.16437071635959166,-1.0084625889250631e-05,-1.6576088234243613e-06,-1.0084575039498108e-05
upper_hopf,auto,loca,17,207.0,-1.730372960352319,-1.7303618955733475,0.17721830224242172,0.17722026313461414,-1.1064778971503486e-05,-1.9608921924263445e-06,-1.1064717757116052e-05
upper_hopf,auto,loca,18,208.0,-1.6560630726541046,-1.656051185504351,0.19088901890718293,0.1908912880470238,-1.1887149753642134e-05,-2.2691398408603014e-06,-1.1887079101804405e-05
upper_hopf,auto,loca,19,209.0,-1.5827060619744995,-1.582693495925866,0.20541847029841478,0.20542105161312119,-1.2566048633422255e-05,-2.5813147064013275e-06,-1.2565969680959647e-05
upper_hopf,auto,loca,20,210.0,-1.5102974731714187,-1.5102843560762949,0.22084427294086123,0.22084716979519606,-1.3117095123860167e-05,-2.8968543348273368e-06,-1.3117009095084859e-05
upper_hopf,auto,loca,21,211.0,-1.4388337074095865,-1.4388201521574984,0.23720424697331785,0.23720746235847456,-1.355525208812658e-05,-3.2153851567129355e-06,-1.3555160216054904e-05
upper_hopf,auto,loca,22,212.0,-1.368312039840761,-1.3682981492394173,0.25453624418245985,0.25453977986851173,-1.3890601343824471e-05,-3.5356860518809263e-06,-1.3890504870033928e-05
upper_hopf,auto,loca,23,213.0,-1.2987306545046413,-1.2987165173953024,0.2728779496875584,0.2728818074202378,-1.4137109338951959e-05,-3.8577326794131395e-06,-1.413700941034971e-05
upper_hopf,auto,loca,24,214.0,-1.2300886652702392,-1.2300743616480845,0.2922666626293699,0.2922708431311787,-1.4303622154709927e-05,-4.180501808781489e-06,-1.4303519858479938e-05
upper_hopf,auto,loca,25,215.0,-1.1623861591768243,-1.1623717553969544,0.3127390447027115,0.31274354935951015,-1.4403779869942568e-05,-4.504656798631768e-06,-1.4403676136109524e-05
upper_hopf,auto,loca,26,216.0,-1.0956242215159349,-1.0956097768716049,0.3343308452915556,0.33433567461658326,-1.4444644329980605e-05,-4.829325027655429e-06,-1.4444540006667572e-05
upper_hopf,auto,loca,27,217.0,-1.0298049860828202,-1.0297905482291558,0.35707658868399345,0.3570817441407446,-1.4437853664395206e-05,-5.15545675117135e-06,-1.4437749439073297e-05
upper_hopf,auto,loca,28,218.0,-0.9649316693032073,-0.9649172767189208,0.3810092334762833,0.3810147172232526,-1.4392584286482268e-05,-5.483746969292547e-06,-1.4392480713755181e-05
upper_hopf,auto,loca,29,219.0,-0.9010086162112838,-0.9009942974877838,0.40615979372426947,0.40616560945568947,-1.43187234999953e-05,-5.8157314200002475e-06,-1.4318620987616415e-05
upper_hopf,auto,loca,30,220.0,-0.8380413445525642,-0.8380271172541732,0.43255692423069037,0.4325630783909009,-1.4227298390956378e-05,-6.154160210547488e-06,-1.4227197183450003e-05
upper_hopf,auto,loca,31,221.0,-0.7760365881311788,-0.776022458234195,0.46022646835864195,0.46023297135717234,-1.412989698379441e-05,-6.502998530388826e-06,-1.4129797157322858e-05
upper_hopf,auto,loca,32,222.0,-0.7150023356906076,-0.7149883014478027,0.4891909691962451,0.4891978346692605,-1.4034242804883412e-05,-6.865473015371659e-06,-1.4034144325297976e-05
upper_hopf,auto,loca,33,223.0,-0.6549478855441977,-0.6549339284700992,0.5194691337328536,0.5194763840526415,-1.3957074098458477e-05,-7.2503197878770465e-06,-1.395697669894909e-05
upper_hopf,auto,loca,34,224.0,-0.5958838694800254,-0.5958699605733305,0.5510752719333768,0.5510829368412211,-1.3908906694837242e-05,-7.664907844318058e-06,-1.3908809966523214e-05
upper_hopf,auto,loca,35,225.0,-0.5378223008843019,-0.537808394469698,0.5840186855363739,0.5840268071988229,-1.390641460397024e-05,-8.121662449012135e-06,-1.3906317910244898e-05
upper_hopf,auto,loca,36,226.0,-0.48077659941684214,-0.4807626369305313,0.6183030315328091,0.6183116646406924,-1.3962486310858946e-05,-8.633107883349034e-06,-1.3962388835678566e-05
upper_hopf,auto,loca,37,227.0,-0.42475814674872864,-0.4247475667807245,0.6539279205999818,0.653934839173058,-1.0579968004131857e-05,-6.918573076108991e-06,-1.057991203658451e-05
upper_hopf,auto,loca,38,228.0,-0.36978818617622927,-0.3697798163640778,0.6908806532131617,0.6908864357786477,-8.369812151465261e-06,-5.78256548600109e-06,-8.369777124780257e-06
upper_hopf,auto,loca,39,229.0,-0.3158869889187431,-0.3158792119477725,0.7291418466201562,0.7291475171571806,-7.776970970596597e-06,-5.6705370243825826e-06,-7.776940730033643e-06
upper_hopf,auto,loca,40,230.0,-0.26306738167,-0.2630805209178614,0.7686900999434367,0.7686800000000379,1.3139247861393422e-05,1.009994339884468e-05,1.3139334181771584e-05
upper_hopf,auto,loca,41,231.0,-0.21135457080928577,-0.2113537672141963,0.8094869955316115,0.8094876460316475,-8.03595089471365e-07,-6.505000359480206e-07,-8.035947665624892e-07
upper_hopf,auto,loca,42,232.0,-0.16076801946457925,-0.1607667945924423,0.8514895772055056,0.8514906201720023,-1.2248721369401139e-06,-1.0429664967226415e-06,-1.2248713867358407e-06
upper_hopf,auto,loca,43,233.0,-0.11132982049704628,-0.111329819213638,0.8946436284570989,0.894643629605292,-1.2834082685486692e-09,-1.1481930961565467e-09,-1.2834083406631067e-09
upper_hopf,auto,loca,44,234.0,-0.06306753556488494,-0.0630674517114801,0.9388800637524797,0.938880142480773,-8.385340484473591e-08,-7.872829332900011e-08,-8.385340126693792e-08
upper_hopf,auto,loca,45,235.0,-0.016005653473696604,-0.0160054720762177,0.9841217563330943,0.984121934850316,-1.8139747890583147e-07,-1.7851722167172568e-07,-1.8139746239766312e-07
upper_hopf,auto,loca,46,236.0,0.029829054352044995,0.0298292865995765,1.030278397290849,1.0302786365704912,-2.3224753150502542e-07,-2.392796423222876e-07,-2.3224750453797863e-07
upper_hopf,auto,loca,47,237.0,0.07440883920136007,0.0744090776343353,1.0772471363367193,1.0772473931879896,-2.3843297522474494e-07,-2.56851270252767e-07,-2.38432946672208e-07
upper_hopf,auto,loca,48,238.0,0.11770520603907045,0.1177054039754363,1.1249124450877497,1.124912667748853,-1.9793636585330177e-07,-2.2266110333291067e-07,-1.9793634627521307e-07
upper_hopf,auto,loca,49,239.0,0.15968909082737684,0.1596892004295005,1.173146072410397,1.173146200989705,-1.0960212365462851e-07,-1.2857930786758232e-07,-1.0960211758697131e-07
upper_hopf,auto,loca,50,240.0,0.20033108014,0.2004302416907703,1.2218072073051833,1.2219283696098238,-9.916155077030475e-05,-0.00012116230464043198,-9.915663442622299e-05
