backend,schema_version,branch_id,T_K,temperature_K,p_Pa,pressure_Pa,F,N_a_m3,log_w,w_m_s,log_n,log_q,n,n_kg_dry_air_inv,q,q_kg_kg,s,residual_norm,converged,stability,backend_step_index,source_file,auto_branch,auto_point,auto_type_code,auto_label,auto_l2_norm
auto,figure1-branch-schema-v1,figure1_T210K,210.0,210.0,30000.0,30000.0,1.0,10000000000.0,-5.2983173665,0.005000000000240183,8.179482102,-15.988518028,3567.0068366653845,3567.0068366653845,1.1383474699316298e-07,1.1383474699316298e-07,1.5112754182,1.7444497839352032e-09,True,,0,raw/bs2026_T210K/b.bs2026_T210K,1,-1,9,1,18.022779741
auto,figure1-branch-schema-v1,figure1_T210K,210.0,210.0,30000.0,30000.0,1.0,10000000000.0,-5.2751756252,0.005117057945027218,8.2025012852,-15.965397201,3650.0687616233254,3650.0687616233254,1.1649736281243561e-07,1.1649736281243561e-07,1.5113439431,9.57475638651783e-13,True,,1,raw/bs2026_T210K/b.bs2026_T210K,1,-2,0,0,18.012748142
auto,figure1-branch-schema-v1,figure1_T210K,210.0,210.0,30000.0,30000.0,1.0,10000000000.0,-5.2578192309,0.0052066468414812776,8.2197660578,-15.948057053,3713.6335052895115,3713.6335052895115,1.1853506025505601e-07,1.1853506025505601e-07,1.5113953362,7.005243902760807e-12,True,,2,raw/bs2026_T210K/b.bs2026_T210K,1,-3,0,0,18.005260167
auto,figure1-branch-schema-v1,figure1_T210K,210.0,210.0,30000.0,30000.0,1.0,10000000000.0,-5.2288919184,0.005359460733406402,8.248540693,-15.919156808,3822.0442139153056,3822.0442139153056,1.2201073454623319e-07,1.2201073454623319e-07,1.5114809915,2.8485415863516504e-12,True,,3,raw/bs2026_T210K/b.bs2026_T210K,1,-4,0,0,17.992847241
auto,figure1-branch-schema-v1,figure1_T210K,210.0,210.0,30000.0,30000.0,1.0,10000000000.0,-5.19996462,0.005516759600262683,8.2773153458,-15.890256567,3933.6197848866063,3933.6197848866063,1.2558832174154103e-07,1.2558832174154103e-07,1.5115666467,8.045659897594994e-12,True,,4,raw/bs2026_T210K/b.bs2026_T210K,1,-5,0,0,17.980518258
auto,figure1-branch-schema-v1,figure1_T210K,210.0,210.0,30000.0,30000.0,1.0,10000000000.0,-5.1710373358,0.005678675069902939,8.3060900162,-15.86135633,4048.452612883739,4048.452612883739,1.2927081009245557e-07,1.2927081009245557e-07,1.511652302,1.8192805517175757e-12,True,,5,raw/bs2026_T210K/b.bs2026_T210K,1,-6,0,0,17.968273391
auto,figure1-branch-schema-v1,figure1_T210K,210.0,210.0,30000.0,30000.0,1.0,10000000000.0,-5.1421100658,0.005845342633760826,8.3348647042,-15.832456096,4166.637790007216,4166.637790007216,1.3306127560345745e-07,1.3306127560345745e-07,1.5117379573,2.3380570931004927e-12,True,,6,raw/bs2026_T210K/b.bs2026_T210K,1,-7,0,0,17.956112812
auto,figure1-branch-schema-v1,figure1_T210K,210.0,210.0,30000.0,30000.0,1.0,10000000000.0,-5.11318281,0.006016901759702182,8.3636394099,-15.803555865,4288.273184958287,4288.273184958287,1.3696288434674748e-07,1.3696288434674748e-07,1.5118236126,4.167484432959316e-12,True,,7,raw/bs2026_T210K/b.bs2026_T210K,1,-8,0,0,17.944036691
auto,figure1-branch-schema-v1,figure1_T210K,210.0,210.0,30000.0,30000.0,1.0,10000000000.0,-5.0842555683,0.006193496009343553,8.3924141332,-15.774655637,4413.459522828338,4413.459522828338,1.4097889522875276e-07,1.4097889522875276e-07,1.5119092679,3.868213171559493e-12,True,,8,raw/bs2026_T210K/b.bs2026_T210K,1,-9,0,0,17.932045201
auto,figure1-branch-schema-v1,figure1_T210K,210.0,210.0,30000.0,30000.0,1.0,10000000000.0,-5.0553283408,0.006375273156354443,8.4211888741,-15.745755413,4542.300469753626,4542.300469753626,1.4511266256705015e-07,1.4511266256705015e-07,1.5119949232,1.8094868257152844e-12,True,,9,raw/bs2026_T210K/b.bs2026_T210K,1,-10,0,0,17.92013851
auto,figure1-branch-schema-v1,figure1_T210K,210.0,210.0,30000.0,30000.0,1.0,10000000000.0,-5.0264011274,0.006562385312549754,8.4499636326,-15.716855192,4674.902718363142,4674.902718363142,1.4936763931904277e-07,1.4936763931904277e-07,1.5120805785,2.4320886498523095e-12,True,,10,raw/bs2026_T210K/b.bs2026_T210K,1,-11,0,0,17.908316789
auto,figure1-branch-schema-v1,figure1_T210K,210.0,210.0,30000.0,30000.0,1.0,10000000000.0,-4.9974739282,0.006754989052653052,8.4787384088,-15.687954975,4811.376076618946,4811.376076618946,1.5374737939352558e-07,1.5374737939352558e-07,1.5121662338,8.413661713602005e-12,True,,11,raw/bs2026_T210K/b.bs2026_T210K,1,-12,0,0,17.896580204
auto,figure1-branch-schema-v1,figure1_T210K,210.0,210.0,30000.0,30000.0,1.0,10000000000.0,-4.9685467431,0.006953245547898534,8.5075132025,-15.659054761,4951.833556844582,4951.833556844582,1.5825554120843828e-07,1.5825554120843828e-07,1.5122518892,2.2702694431117196e-12,True,,12,raw/bs2026_T210K/b.bs2026_T210K,1,-13,0,0,17.884928925
auto,figure1-branch-schema-v1,figure1_T210K,210.0,210.0,30000.0,30000.0,1.0,10000000000.0,-4.9396195721,0.007157320698940374,8.5362880138,-15.63015455,5096.39147216419,5096.39147216419,1.6289589030286852e-07,1.6289589030286852e-07,1.5123375445,8.085348609521684e-12,True,,13,raw/bs2026_T210K/b.bs2026_T210K,1,-14,0,0,17.873363118
auto,figure1-branch-schema-v1,figure1_T210K,210.0,210.0,30000.0,30000.0,1.0,10000000000.0,-4.9106924153,0.007367385274569489,8.5650628427,-15.601254343,5245.169530945827,5245.169530945827,1.6767230245969431e-07,1.6767230245969431e-07,1.5124231999,1.4786097485262143e-12,True,,14,raw/bs2026_T210K/b.bs2026_T210K,1,-15,0,0,17.861882949
auto,figure1-branch-schema-v1,figure1_T210K,210.0,210.0,30000.0,30000.0,1.0,10000000000.0,-4.8817652726,0.00758361505677036,8.5938376891,-15.572354139,5398.29093586803,5398.29093586803,1.725887674361922e-07,1.725887674361922e-07,1.5125088553,3.1812669818904784e-12,True,,15,raw/bs2026_T210K/b.bs2026_T210K,1,-16,0,0,17.850488584
auto,figure1-branch-schema-v1,figure1_T210K,210.0,210.0,30000.0,30000.0,1.0,10000000000.0,-4.852838144,0.007806190985678653,8.6226125532,-15.543453938,5555.882488096685,5555.882488096685,1.7764939181260193e-07,1.7764939181260193e-07,1.5125945107,5.539228633057209e-12,True,,16,raw/bs2026_T210K/b.bs2026_T210K,1,-17,0,0,17.839180186
auto,figure1-branch-schema-v1,figure1_T210K,210.0,210.0,30000.0,30000.0,1.0,10000000000.0,-4.8239110296,0.008035299310872695,8.6513874348,-15.514553741,5718.074688533441,5718.074688533441,1.828584023975834e-07,1.828584023975834e-07,1.5126801661,6.160398754989078e-12,True,,17,raw/bs2026_T210K/b.bs2026_T210K,1,-18,0,0,17.82795792
auto,figure1-branch-schema-v1,figure1_T210K,210.0,210.0,30000.0,30000.0,1.0,10000000000.0,-4.7949839292,0.008271131750406882,8.6801623339,-15.485653547,5885.001849100383,5885.001849100383,1.882201502966981e-07,1.882201502966981e-07,1.5127658215,4.63340245209365e-12,True,,18,raw/bs2026_T210K/b.bs2026_T210K,1,-19,0,0,17.816821949
auto,figure1-branch-schema-v1,figure1_T210K,210.0,210.0,30000.0,30000.0,1.0,10000000000.0,-4.7660568429,0.008513885646476925,8.7089372506,-15.456753356,6056.802203530279,6056.802203530279,1.937391140189647e-07,1.937391140189647e-07,1.5128514769,1.263772157716414e-12,True,,19,raw/bs2026_T210K/b.bs2026_T210K,1,-20,4,2,17.805772433
auto,figure1-branch-schema-v1,figure1_T210K,210.0,210.0,30000.0,30000.0,1.0,10000000000.0,-4.7371297708,0.008763764132812333,8.7377121849,-15.427853169,6233.6180206894105,6233.6180206894105,1.994199031907397e-07,1.994199031907397e-07,1.5129371323,4.542140015255631e-12,True,,20,raw/bs2026_T210K/b.bs2026_T210K,1,-21,0,0,17.794809536
auto,figure1-branch-schema-v1,figure1_T210K,210.0,210.0,30000.0,30000.0,1.0,10000000000.0,-4.7082027127,0.009020976307345588,8.7664871367,-15.398952986,6415.5957223152955,6415.5957223152955,2.0526726278741028e-07,2.0526726278741028e-07,1.5130227878,7.0975914485749284e-12,True,,21,raw/bs2026_T210K/b.bs2026_T210K,1,-22,0,0,17.783933415
auto,figure1-branch-schema-v1,figure1_T210K,210.0,210.0,30000.0,30000.0,1.0,10000000000.0,-4.6792756687,0.009285737401988469,8.795262106,-15.370052805,6602.886005507254,6602.886005507254,2.112860773363515e-07,2.112860773363515e-07,1.5131084432,2.694024872578866e-12,True,,22,raw/bs2026_T210K/b.bs2026_T210K,1,-23,0,0,17.773144232
auto,figure1-branch-schema-v1,figure1_T210K,210.0,210.0,30000.0,30000.0,1.0,10000000000.0,-4.6503486388,0.009558268966154481,8.8240370929,-15.341152628,6795.6439676214995,6795.6439676214995,2.174813737534458e-07,2.174813737534458e-07,1.5131940987,4.5817177162399504e-12,True,,23,raw/bs2026_T210K/b.bs2026_T210K,1,-24,0,0,17.762442145
auto,figure1-branch-schema-v1,figure1_T210K,210.0,210.0,30000.0,30000.0,1.0,10000000000.0,-4.621421623,0.009838799051285313,8.8528120973,-15.312252454,6994.0292327197785,6994.0292327197785,2.2385832698524875e-07,2.2385832698524875e-07,1.5132797541,9.093782445922171e-12,True,,24,raw/bs2026_T210K/b.bs2026_T210K,1,-25,0,0,17.751827311
auto,figure1-branch-schema-v1,figure1_T210K,210.0,210.0,30000.0,30000.0,1.0,10000000000.0,-4.5924946212,0.010127562402681683,8.8815871192,-15.283352284,7198.206085728416,7198.206085728416,2.3042226327389263e-07,2.3042226327389263e-07,1.5133654096,5.719613414926266e-12,True,,25,raw/bs2026_T210K/b.bs2026_T210K,1,-26,0,0,17.741299886
auto,figure1-branch-schema-v1,figure1_T210K,210.0,210.0,30000.0,30000.0,1.0,10000000000.0,-4.5635676336,0.010424800651900063,8.9103621586,-15.254452117,7408.343607854274,7408.343607854274,2.3717866548908184e-07,2.3717866548908184e-07,1.5134510651,4.497000186764723e-12,True,,26,raw/bs2026_T210K/b.bs2026_T210K,1,-27,0,0,17.730860027
auto,figure1-branch-schema-v1,figure1_T210K,210.0,210.0,30000.0,30000.0,1.0,10000000000.0,-4.5346406599,0.010730762527069353,8.9391372155,-15.225551953,7624.615816614769,7624.615816614769,2.4413317704268155e-07,2.4413317704268155e-07,1.5135367206,5.421219966243332e-12,True,,27,raw/bs2026_T210K/b.bs2026_T210K,1,-28,0,0,17.720507889
auto,figure1-branch-schema-v1,figure1_T210K,210.0,210.0,30000.0,30000.0,1.0,10000000000.0,-4.5057137004,0.011045704049625996,8.9679122899,-15.196651793,7847.201809956052,7847.201809956052,2.5129160656860594e-07,2.5129160656860594e-07,1.5136223761,8.089346846490288e-12,True,,28,raw/bs2026_T210K/b.bs2026_T210K,1,-29,0,0,17.710243625
auto,figure1-branch-schema-v1,figure1_T210K,210.0,210.0,30000.0,30000.0,1.0,10000000000.0,-4.4767867548,0.01136988876123606,8.9966873818,-15.167751636,8076.285914579078,8076.285914579078,2.586599335138644e-07,2.586599335138644e-07,1.5137080317,5.891679682697034e-12,True,,29,raw/bs2026_T210K/b.bs2026_T210K,1,-30,0,0,17.700067388
auto,figure1-branch-schema-v1,figure1_T210K,210.0,210.0,30000.0,30000.0,1.0,10000000000.0,-4.4478598234,0.011703587931234058,9.0254624912,-15.138851482,8312.057838596065,8312.057838596065,2.662443124076889e-07,2.662443124076889e-07,1.5137936872,1.1710685228367389e-12,True,,30,raw/bs2026_T210K/b.bs2026_T210K,1,-31,0,0,17.68997933
auto,figure1-branch-schema-v1,figure1_T210K,210.0,210.0,30000.0,30000.0,1.0,10000000000.0,-4.4189329059,0.012047080797059477,9.054237618,-15.109951332,8554.71282778853,8554.71282778853,2.740510779652672e-07,2.740510779652672e-07,1.5138793428,9.02378675705902e-12,True,,31,raw/bs2026_T210K/b.bs2026_T210K,1,-32,0,0,17.679979603
auto,figure1-branch-schema-v1,figure1_T210K,210.0,210.0,30000.0,30000.0,1.0,10000000000.0,-4.3900060026,0.012400654784049591,9.0830127624,-15.081051185,8804.45183070493,8804.45183070493,2.8208675118516455e-07,2.8208675118516455e-07,1.5139649983,1.8545757256534484e-12,True,,32,raw/bs2026_T210K/b.bs2026_T210K,1,-33,0,0,17.670068356
auto,figure1-branch-schema-v1,figure1_T210K,210.0,210.0,30000.0,30000.0,1.0,10000000000.0,-4.3610791132,0.012764605760195192,9.1117879242,-15.052151042,9061.481659117524,9061.481659117524,2.9035804371473456e-07,2.9035804371473456e-07,1.5140506539,4.4063453593740754e-12,True,,33,raw/bs2026_T210K/b.bs2026_T210K,1,-34,0,0,17.660245738
auto,figure1-branch-schema-v1,figure1_T210K,210.0,210.0,30000.0,30000.0,1.0,10000000000.0,-4.3321522379,0.013139238270337038,9.1405631034,-15.023250901,9326.015164384278,9326.015164384278,2.988718648678811e-07,2.988718648678811e-07,1.5141363095,8.058646823409468e-12,True,,34,raw/bs2026_T210K/b.bs2026_T210K,1,35,0,0,17.650511898
auto,figure1-branch-schema-v1,figure1_T210K,210.0,210.0,30000.0,30000.0,1.0,10000000000.0,-4.3032253765,0.013524865802228997,9.1693383002,-14.994350764,9598.271413987277,9598.271413987277,3.076353253711313e-07,3.076353253711313e-07,1.514221965,8.893389142482375e-12,True,,35,raw/bs2026_T210K/b.bs2026_T210K,1,36,0,0,17.640866982
auto,figure1-branch-schema-v1,figure1_T210K,210.0,210.0,30000.0,30000.0,1.0,10000000000.0,-4.2742985292,0.013921811038472875,9.1981135143,-14.965450631,9878.47586632587,9878.47586632587,3.166557450279907e-07,3.166557450279907e-07,1.5143076206,8.67929752452271e-12,True,,36,raw/bs2026_T210K/b.bs2026_T210K,1,37,0,0,17.631311136
auto,figure1-branch-schema-v1,figure1_T210K,210.0,210.0,30000.0,30000.0,1.0,10000000000.0,-4.245371696,0.014330406134320794,9.2268887459,-14.936550501,10166.86056690386,10166.86056690386,3.25940658594563e-07,3.25940658594563e-07,1.5143932763,8.178141439024167e-12,True,,37,raw/bs2026_T210K/b.bs2026_T210K,1,38,0,0,17.621844506
auto,figure1-branch-schema-v1,figure1_T210K,210.0,210.0,30000.0,30000.0,1.0,10000000000.0,-4.2164448767,0.01475099299599417,9.255663995,-14.907650374,10463.664333898705,10463.664333898705,3.354978214494568e-07,3.354978214494568e-07,1.5144789319,4.0711448693254315e-12,True,,38,raw/bs2026_T210K/b.bs2026_T210K,1,39,0,0,17.612467235
auto,figure1-branch-schema-v1,figure1_T210K,210.0,210.0,30000.0,30000.0,1.0,10000000000.0,-4.1875180714,0.01518392355960236,9.2844392615,-14.87875025,10769.132956737525,10769.132956737525,3.453352163703727e-07,3.453352163703727e-07,1.5145645875,2.25758052553416e-12,True,,39,raw/bs2026_T210K/b.bs2026_T210K,1,40,4,3,17.603179466
auto,figure1-branch-schema-v1,figure1_T210K,210.0,210.0,30000.0,30000.0,1.0,10000000000.0,-4.1585912801,0.015629560091224765,9.3132145454,-14.84985013,11083.519401719057,11083.519401719057,3.5546105984629345e-07,3.5546105984629345e-07,1.5146502432,8.690141091639626e-12,True,,40,raw/bs2026_T210K/b.bs2026_T210K,1,41,0,0,17.593981341
auto,figure1-branch-schema-v1,figure1_T210K,210.0,210.0,30000.0,30000.0,1.0,10000000000.0,-4.1296645028,0.016088275488633903,9.3419898467,-14.820950013,11407.08402053111,11407.08402053111,3.6588380998617684e-07,3.6588380998617684e-07,1.5147358988,1.6012131390293517e-12,True,,41,raw/bs2026_T210K/b.bs2026_T210K,1,42,0,0,17.584873
auto,figure1-branch-schema-v1,figure1_T210K,210.0,210.0,30000.0,30000.0,1.0,10000000000.0,-4.1007377395,0.01656045359330643,9.3707651654,-14.7920499,11740.094765872767,11740.094765872767,3.766121721811227e-07,3.766121721811227e-07,1.5148215545,5.5571278658628646e-12,True,,42,raw/bs2026_T210K/b.bs2026_T210K,1,43,0,0,17.575854584
auto,figure1-branch-schema-v1,figure1_T210K,210.0,210.0,30000.0,30000.0,1.0,10000000000.0,-4.0718109901,0.01704648951329509,9.3995405016,-14.76314979,12082.8274145804,12082.8274145804,3.876551078191524e-07,3.876551078191524e-07,1.5149072101,8.434602652567135e-12,True,,43,raw/bs2026_T210K/b.bs2026_T210K,1,44,0,0,17.566926231
auto,figure1-branch-schema-v1,figure1_T210K,210.0,210.0,30000.0,30000.0,1.0,10000000000.0,-4.0428842548,0.017546789947052697,9.4283158551,-14.734249683,12435.565791226447,12435.565791226447,3.9902184068330454e-07,3.9902184068330454e-07,1.5149928658,5.7133046244047565e-12,True,,44,raw/bs2026_T210K/b.bs2026_T210K,1,45,0,0,17.558088078
auto,figure1-branch-schema-v1,figure1_T210K,210.0,210.0,30000.0,30000.0,1.0,10000000000.0,-4.0139575334,0.018061773535611992,9.4570912261,-14.70534958,12798.602011609519,12798.602011609519,4.107218646005736e-07,4.107218646005736e-07,1.5150785215,4.7906889240801774e-12,True,,45,raw/bs2026_T210K/b.bs2026_T210K,1,46,0,0,17.549340262
auto,figure1-branch-schema-v1,figure1_T210K,210.0,210.0,30000.0,30000.0,1.0,10000000000.0,-3.985030826,0.018591871200882674,9.4858666144,-14.676449479,13172.236714871124,13172.236714871124,4.2276495300284765e-07,4.2276495300284765e-07,1.5151641772,6.328283885187442e-12,True,,46,raw/bs2026_T210K/b.bs2026_T210K,1,47,0,0,17.540682918
auto,figure1-branch-schema-v1,figure1_T210K,210.0,210.0,30000.0,30000.0,1.0,10000000000.0,-3.9561041325,0.01913752651499275,9.5146420201,-14.647549383,13556.779321229527,13556.779321229527,4.3516116379064466e-07,4.3516116379064466e-07,1.5152498329,9.1809742982039e-12,True,,47,raw/bs2026_T210K/b.bs2026_T210K,1,48,0,0,17.53211618
auto,figure1-branch-schema-v1,figure1_T210K,210.0,210.0,30000.0,30000.0,1.0,10000000000.0,-3.927177453,0.01969919606409675,9.5434174432,-14.618649289,13952.548283231763,13952.548283231763,4.4792085235036477e-07,4.4792085235036477e-07,1.5153354887,4.269299382524523e-12,True,,48,raw/bs2026_T210K/b.bs2026_T210K,1,49,0,0,17.523640181
auto,figure1-branch-schema-v1,figure1_T210K,210.0,210.0,30000.0,30000.0,1.0,10000000000.0,-3.8982507874,0.02027734983795848,9.5721928836,-14.589749199,14359.871349304476,14359.871349304476,4.6105467551389646e-07,4.6105467551389646e-07,1.5154211444,2.8890654769179044e-12,True,,49,raw/bs2026_T210K/b.bs2026_T210K,1,50,0,0,17.515255052
auto,figure1-branch-schema-v1,figure1_T210K,210.0,210.0,30000.0,30000.0,1.0,10000000000.0,-3.8693241358,0.020872471615425537,9.6009683415,-14.560849112,14779.085840899621,14779.085840899621,4.7457360393044657e-07,4.7457360393044657e-07,1.5155068002,6.700639940421634e-12,True,,50,raw/bs2026_T210K/b.bs2026_T210K,1,51,0,0,17.506960925
auto,figure1-branch-schema-v1,figure1_T210K,210.0,210.0,30000.0,30000.0,1.0,10000000000.0,-3.8403974981,0.021485059377213556,9.6297438167,-14.531949029,15210.538921851048,15210.538921851048,4.884889289879105e-07,4.884889289879105e-07,1.5155924559,4.3210128085176985e-12,True,,51,raw/bs2026_T210K/b.bs2026_T210K,1,52,0,0,17.498757929
auto,figure1-branch-schema-v1,figure1_T210K,210.0,210.0,30000.0,30000.0,1.0,10000000000.0,-3.8114708744,0.022115625714337457,9.6585193092,-14.503048949,15654.587894429562,15654.587894429562,5.028122741164168e-07,5.028122741164168e-07,1.5156781117,1.4548430770919834e-12,True,,52,raw/bs2026_T210K/b.bs2026_T210K,1,53,0,0,17.490646191
auto,figure1-branch-schema-v1,figure1_T210K,210.0,210.0,30000.0,30000.0,1.0,10000000000.0,-3.7825442646,0.022764698265478753,9.6872948191,-14.474148872,16111.600494083434,16111.600494083434,5.175556030870027e-07,5.175556030870027e-07,1.5157637675,5.004428640181925e-12,True,,53,raw/bs2026_T210K/b.bs2026_T210K,1,54,0,0,17.48262584
auto,figure1-branch-schema-v1,figure1_T210K,210.0,210.0,30000.0,30000.0,1.0,10000000000.0,-3.7536176687,0.02343282015208399,9.7160703463,-14.445248799,16581.955189259003,16581.955189259003,5.327312299326992e-07,5.327312299326992e-07,1.5158494233,6.918174805108173e-12,True,,54,raw/bs2026_T210K/b.bs2026_T210K,1,55,0,0,17.474697002
auto,figure1-branch-schema-v1,figure1_T210K,210.0,210.0,30000.0,30000.0,1.0,10000000000.0,-3.7246910867,0.02412055043488699,9.7448458909,-14.416348728,17066.04150120849,17066.04150120849,5.483518313495936e-07,5.483518313495936e-07,1.5159350791,6.253397366526952e-12,True,,55,raw/bs2026_T210K/b.bs2026_T210K,1,56,0,0,17.4668598
auto,figure1-branch-schema-v1,figure1_T210K,210.0,210.0,30000.0,30000.0,1.0,10000000000.0,-3.6957645186,0.02482846458167996,9.7736214527,-14.387448662,17564.260318296132,17564.260318296132,5.64430453005337e-07,5.64430453005337e-07,1.5160207349,4.309573301895237e-12,True,,56,raw/bs2026_T210K/b.bs2026_T210K,1,57,0,0,17.459114358
auto,figure1-branch-schema-v1,figure1_T210K,210.0,210.0,30000.0,30000.0,1.0,10000000000.0,-3.6668379645,0.0255571549462564,9.8023970319,-14.358548598,18077.02423992011,18077.02423992011,5.809805264232628e-07,5.809805264232628e-07,1.5161063907,3.2128152731736263e-13,True,,57,raw/bs2026_T210K/b.bs2026_T210K,1,58,0,0,17.451460799
auto,figure1-branch-schema-v1,figure1_T210K,210.0,210.0,30000.0,30000.0,1.0,10000000000.0,-3.6379114242,0.02630723127418789,9.8311726285,-14.329648538,18604.757908092222,18604.757908092222,5.98015874118164e-07,5.98015874118164e-07,1.5161920465,6.4346636777461e-12,True,,58,raw/bs2026_T210K/b.bs2026_T210K,1,59,0,0,17.443899243
auto,figure1-branch-schema-v1,figure1_T210K,210.0,210.0,30000.0,30000.0,1.0,10000000000.0,-3.6089848979,0.02707932119517856,9.8599482423,-14.300748481,19147.898358618735,19147.898358618735,6.155507256432612e-07,6.155507256432612e-07,1.5162777024,4.099453554569706e-12,True,,59,raw/bs2026_T210K/b.bs2026_T210K,1,60,4,4,17.43642981
auto,figure1-branch-schema-v1,figure1_T210K,210.0,210.0,30000.0,30000.0,1.0,10000000000.0,-3.5800583854,0.027874070768965285,9.8887238734,-14.271848428,19706.895392357037,19706.895392357037,6.335997265675681e-07,6.335997265675681e-07,1.5163633582,5.967605091322138e-12,True,,60,raw/bs2026_T210K/b.bs2026_T210K,1,61,0,0,17.42905262
auto,figure1-branch-schema-v1,figure1_T210K,210.0,210.0,30000.0,30000.0,1.0,10000000000.0,-3.5511318868,0.028692145007380224,9.9174995219,-14.242948377,20282.211942491846,20282.211942491846,6.521779537893967e-07,6.521779537893967e-07,1.5164490141,7.653288519359152e-13,True,,61,raw/bs2026_T210K/b.bs2026_T210K,1,62,0,0,17.421767788
auto,figure1-branch-schema-v1,figure1_T210K,210.0,210.0,30000.0,30000.0,1.0,10000000000.0,-3.5222054021,0.029534228441369083,9.9462751876,-14.214048331,20874.324451695837,20874.324451695837,6.713009230392788e-07,6.713009230392788e-07,1.51653467,5.343469233021367e-12,True,,62,raw/bs2026_T210K/b.bs2026_T210K,1,63,0,0,17.414575431
auto,figure1-branch-schema-v1,figure1_T210K,210.0,210.0,30000.0,30000.0,1.0,10000000000.0,-3.4932789313,0.030401025691109758,9.9750508706,-14.185148287,21483.72327872394,21483.72327872394,6.909846089609191e-07,6.909846089609191e-07,1.5166203259,7.782086101957559e-12,True,,63,raw/bs2026_T210K/b.bs2026_T210K,1,64,0,0,17.407475665
auto,figure1-branch-schema-v1,figure1_T210K,210.0,210.0,30000.0,30000.0,1.0,10000000000.0,-3.4643524744,0.03129326205556976,10.003826571,-14.156248247,22110.913098807556,22110.913098807556,7.112454512193458e-07,7.112454512193458e-07,1.5167059818,8.516548826311505e-12,True,,64,raw/bs2026_T210K/b.bs2026_T210K,1,65,0,0,17.400468601
auto,figure1-branch-schema-v1,figure1_T210K,210.0,210.0,30000.0,30000.0,1.0,10000000000.0,-3.4354260313,0.032211684122586376,10.032602289,-14.12734821,22756.41332392765,22756.41332392765,7.321003735861972e-07,7.321003735861972e-07,1.5167916377,7.123098551864921e-12,True,,65,raw/bs2026_T210K/b.bs2026_T210K,1,66,0,0,17.393554352
auto,figure1-branch-schema-v1,figure1_T210K,210.0,210.0,30000.0,30000.0,1.0,10000000000.0,-3.4064996021,0.0331570603840602,10.061378023,-14.098448176,23420.758488849067,23420.758488849067,7.535667953703987e-07,7.535667953703987e-07,1.5168772936,3.927627693175379e-12,True,,66,raw/bs2026_T210K/b.bs2026_T210K,1,67,0,0,17.386733029
auto,figure1-branch-schema-v1,figure1_T210K,210.0,210.0,30000.0,30000.0,1.0,10000000000.0,-3.3775731867,0.03413018189166167,10.090153775,-14.069548146,24104.498817913733,24104.498817913733,7.756626458632732e-07,7.756626458632732e-07,1.5169629495,1.7066604435662423e-12,True,,67,raw/bs2026_T210K/b.bs2026_T210K,1,68,0,0,17.380004742
auto,figure1-branch-schema-v1,figure1_T210K,210.0,210.0,30000.0,30000.0,1.0,10000000000.0,-3.3486467852,0.0351318629056218,10.118929545,-14.040648119,24808.20055413336,24808.20055413336,7.984063815961107e-07,7.984063815961107e-07,1.5170486054,8.821059149888945e-12,True,,68,raw/bs2026_T210K/b.bs2026_T210K,1,69,0,0,17.373369599
auto,figure1-branch-schema-v1,figure1_T210K,210.0,210.0,30000.0,30000.0,1.0,10000000000.0,-3.3197203976,0.03616294158587241,10.147705331,-14.011748096,25532.44642132402,25532.44642132402,8.218169986955225e-07,8.218169986955225e-07,1.5171342614,1.1374320647137582e-12,True,,69,raw/bs2026_T210K/b.bs2026_T210K,1,70,0,0,17.366827706
auto,figure1-branch-schema-v1,figure1_T210K,210.0,210.0,30000.0,30000.0,1.0,10000000000.0,-3.2907940238,0.03722428069383383,10.176481135,-13.982848075,26277.8362569901,26277.8362569901,8.45914052745893e-07,8.45914052745893e-07,1.5172199174,8.520487787511766e-12,True,,70,raw/bs2026_T210K/b.bs2026_T210K,1,71,0,0,17.360379168
auto,figure1-branch-schema-v1,figure1_T210K,210.0,210.0,30000.0,30000.0,1.0,10000000000.0,-3.2618676638,0.038316768307164614,10.205256956,-13.953948058,27044.987334679965,27044.987334679965,8.707176693917631e-07,8.707176693917631e-07,1.5173055733,4.855698849956373e-12,True,,71,raw/bs2026_T210K/b.bs2026_T210K,1,72,0,0,17.354024091
auto,figure1-branch-schema-v1,figure1_T210K,210.0,210.0,30000.0,30000.0,1.0,10000000000.0,-3.2329413177,0.03944131856228205,10.234032795,-13.925048045,27834.535003017896,27834.535003017896,8.962485660303475e-07,8.962485660303475e-07,1.5173912293,1.3367899375044243e-12,True,,72,raw/bs2026_T210K/b.bs2026_T210K,1,73,0,0,17.347762577
auto,figure1-branch-schema-v1,figure1_T210K,210.0,210.0,30000.0,30000.0,1.0,10000000000.0,-3.2040149854,0.04059887243082074,10.26280865,-13.896148034,28647.13307655831,28647.13307655831,9.22528069363802e-07,9.22528069363802e-07,1.5174768853,1.0834323694215676e-12,True,,73,raw/bs2026_T210K/b.bs2026_T210K,1,74,0,0,17.341594727
auto,figure1-branch-schema-v1,figure1_T210K,210.0,210.0,30000.0,30000.0,1.0,10000000000.0,-3.1750886669,0.04179039849555642,10.291584523,-13.867248027,29483.45457141317,29483.45457141317,9.495781277836405e-07,9.495781277836405e-07,1.5175625413,5.725525352702805e-13,True,,74,raw/bs2026_T210K/b.bs2026_T210K,1,75,0,0,17.335520641
auto,figure1-branch-schema-v1,figure1_T210K,210.0,210.0,30000.0,30000.0,1.0,10000000000.0,-3.1461623622,0.04301689376453604,10.320360413,-13.838348023,30344.19206693895,30344.19206693895,9.774213360053349e-07,9.774213360053349e-07,1.5176481973,2.2157270222680573e-12,True,,75,raw/bs2026_T210K/b.bs2026_T210K,1,76,0,0,17.329540419
auto,figure1-branch-schema-v1,figure1_T210K,210.0,210.0,30000.0,30000.0,1.0,10000000000.0,-3.1172360714,0.04427938450084033,10.34913632,-13.809448023,31230.05839149998,31230.05839149998,1.0060809493231278e-06,1.0060809493231278e-06,1.5177338533,6.0975563926351005e-12,True,,76,raw/bs2026_T210K/b.bs2026_T210K,1,77,0,0,17.323654156
auto,figure1-branch-schema-v1,figure1_T210K,210.0,210.0,30000.0,30000.0,1.0,10000000000.0,-3.0883097943,0.04557892709883604,10.377912245,-13.780548026,32141.787217160327,32141.787217160327,1.0355809068902959e-06,1.0355809068902959e-06,1.5178195094,6.5544447535461915e-12,True,,77,raw/bs2026_T210K/b.bs2026_T210K,1,78,0,0,17.31786195
auto,figure1-branch-schema-v1,figure1_T210K,210.0,210.0,30000.0,30000.0,1.0,10000000000.0,-3.0593835311,0.046916608937172324,10.406688186,-13.751648032,33080.133539676826,33080.133539676826,1.0659458488106278e-06,1.0659458488106278e-06,1.5179051654,1.7746696092743108e-12,True,,78,raw/bs2026_T210K/b.bs2026_T210K,1,79,0,0,17.312163894
auto,figure1-branch-schema-v1,figure1_T210K,210.0,210.0,30000.0,30000.0,1.0,10000000000.0,-3.0304572816,0.04829354932454663,10.435464145,-13.722748042,34045.874527970416,34045.874527970416,1.0972011365713766e-06,1.0972011365713766e-06,1.5179908215,7.247485481120406e-12,True,,79,raw/bs2026_T210K/b.bs2026_T210K,1,80,4,5,17.306560082
auto,figure1-branch-schema-v1,figure1_T210K,210.0,210.0,30000.0,30000.0,1.0,10000000000.0,-3.0015310459,0.049710900404169346,10.464240121,-13.693848054,35039.809941791944,35039.809941791944,1.1293728785839e-06,1.1293728785839e-06,1.5180764775,5.29305873270742e-12,True,,80,raw/bs2026_T210K/b.bs2026_T210K,1,81,0,0,17.301050605
auto,figure1-branch-schema-v1,figure1_T210K,210.0,210.0,30000.0,30000.0,1.0,10000000000.0,-2.9726048241,0.05116984813099842,10.493016114,-13.664948071,36062.76292361389,36062.76292361389,1.1624879431762204e-06,1.1624879431762204e-06,1.5181621336,2.8269013878337133e-13,True,,81,raw/bs2026_T210K/b.bs2026_T210K,1,82,0,0,17.295635554
auto,figure1-branch-schema-v1,figure1_T210K,210.0,210.0,30000.0,30000.0,1.0,10000000000.0,-2.943678616,0.052671613279778644,10.521792125,-13.63604809,37115.58068535811,37115.58068535811,1.1965739933668242e-06,1.1965739933668242e-06,1.5182477897,2.507830636636284e-12,True,,82,raw/bs2026_T210K/b.bs2026_T210K,1,83,0,0,17.290315017
auto,figure1-branch-schema-v1,figure1_T210K,210.0,210.0,30000.0,30000.0,1.0,10000000000.0,-2.9147524217,0.0542174524361853,10.550568152,-13.607148113,38199.135062675996,38199.135062675996,1.2316594974418822e-06,1.2316594974418822e-06,1.5183334458,3.445812493999062e-12,True,,83,raw/bs2026_T210K/b.bs2026_T210K,1,84,0,0,17.285089081
auto,figure1-branch-schema-v1,figure1_T210K,210.0,210.0,30000.0,30000.0,1.0,10000000000.0,-2.8858262411,0.05580865907380419,10.579344197,-13.578248139,39314.32349588232,39314.32349588232,1.2677737620048576e-06,1.2677737620048576e-06,1.5184191019,2.3324424377588234e-12,True,,84,raw/bs2026_T210K/b.bs2026_T210K,1,85,0,0,17.279957833
auto,figure1-branch-schema-v1,figure1_T210K,210.0,210.0,30000.0,30000.0,1.0,10000000000.0,-2.8569000744,0.057446564609228264,10.608120259,-13.549348168,40462.069512264075,40462.069512264075,1.304946951770685e-06,1.304946951770685e-06,1.518504758,1.178651401991134e-12,True,,85,raw/bs2026_T210K/b.bs2026_T210K,1,86,0,0,17.274921357
auto,figure1-branch-schema-v1,figure1_T210K,210.0,210.0,30000.0,30000.0,1.0,10000000000.0,-2.8279739214,0.059132539554955635,10.636896338,-13.520448201,41643.32364052525,41643.32364052525,1.3432101145799945e-06,1.3432101145799945e-06,1.5185904141,6.12814914102265e-12,True,,86,raw/bs2026_T210K/b.bs2026_T210K,1,87,0,0,17.269979736
auto,figure1-branch-schema-v1,figure1_T210K,210.0,210.0,30000.0,30000.0,1.0,10000000000.0,-2.7990477821,0.06086799463291983,10.665672434,-13.491548237,42859.06416093548,42859.06416093548,1.382595211283665e-06,1.382595211283665e-06,1.5186760703,5.919712665529057e-12,True,,87,raw/bs2026_T210K/b.bs2026_T210K,1,88,0,0,17.265133052
auto,figure1-branch-schema-v1,figure1_T210K,210.0,210.0,30000.0,30000.0,1.0,10000000000.0,-2.7701216566,0.06265438195939735,10.694448547,-13.462648276,44110.29791557982,44110.29791557982,1.4231351385613543e-06,1.4231351385613543e-06,1.5187617264,3.2584039901837045e-12,True,,88,raw/bs2026_T210K/b.bs2026_T210K,1,89,0,0,17.260381384
auto,figure1-branch-schema-v1,figure1_T210K,210.0,210.0,30000.0,30000.0,1.0,10000000000.0,-2.7411955449,0.06449319627195445,10.723224677,-13.433748318,45398.06114226514,45398.06114226514,1.4648637576660702e-06,1.4648637576660702e-06,1.5188473826,4.654993908182493e-12,True,,89,raw/bs2026_T210K/b.bs2026_T210K,1,90,0,0,17.25572481
auto,figure1-branch-schema-v1,figure1_T210K,210.0,210.0,30000.0,30000.0,1.0,10000000000.0,-2.7122694468,0.06638597618760043,10.752000825,-13.404848364,46723.42037949865,46723.42037949865,1.5078159211987894e-06,1.5078159211987894e-06,1.5189330387,8.506891797094944e-12,True,,90,raw/bs2026_T210K/b.bs2026_T210K,1,91,0,0,17.25116341
auto,figure1-branch-schema-v1,figure1_T210K,210.0,210.0,30000.0,30000.0,1.0,10000000000.0,-2.6833433626,0.06833430544422353,10.78077699,-13.375948413,48087.47321235822,48087.47321235822,1.5520275066551922e-06,1.5520275066551922e-06,1.5190186949,4.668767058258304e-12,True,,91,raw/bs2026_T210K/b.bs2026_T210K,1,92,0,0,17.246697256
auto,figure1-branch-schema-v1,figure1_T210K,210.0,210.0,30000.0,30000.0,1.0,10000000000.0,-2.654417292,0.07033981429816451,10.809553171,-13.347048466,49491.34926693828,49491.34926693828,1.597535440442933e-06,1.597535440442933e-06,1.5191043511,2.3402325477712736e-12,True,,92,raw/bs2026_T210K/b.bs2026_T210K,1,93,0,0,17.242326425
auto,figure1-branch-schema-v1,figure1_T210K,210.0,210.0,30000.0,30000.0,1.0,10000000000.0,-2.6254912352,0.07240418081457789,10.83832937,-13.318148522,50936.21129840695,50936.21129840695,1.644377734847605e-06,1.644377734847605e-06,1.5191900073,2.277026407219673e-12,True,,93,raw/bs2026_T210K/b.bs2026_T210K,1,94,0,0,17.238050988
auto,figure1-branch-schema-v1,figure1_T210K,210.0,210.0,30000.0,30000.0,1.0,10000000000.0,-2.5965651921,0.07452913232593623,10.867105586,-13.289248581,52423.25586131509,52423.25586131509,1.6925935151716538e-06,1.6925935151716538e-06,1.5192756635,4.219949578276105e-12,True,,94,raw/bs2026_T210K/b.bs2026_T210K,1,95,0,0,17.233871016
auto,figure1-branch-schema-v1,figure1_T210K,210.0,210.0,30000.0,30000.0,1.0,10000000000.0,-2.5676391628,0.07671644684204736,10.895881819,-13.260348643,53953.714494392,53953.714494392,1.7422230539213837e-06,1.7422230539213837e-06,1.5193613197,8.223180333136111e-12,True,,95,raw/bs2026_T210K/b.bs2026_T210K,1,96,0,0,17.229786579
auto,figure1-branch-schema-v1,figure1_T210K,210.0,210.0,30000.0,30000.0,1.0,10000000000.0,-2.5387131471,0.07896795457497799,10.924658069,-13.231448708,55528.854692475325,55528.854692475325,1.7933078044442942e-06,1.7933078044442942e-06,1.519446976,4.779111366343533e-12,True,,96,raw/bs2026_T210K/b.bs2026_T210K,1,97,0,0,17.225797746
auto,figure1-branch-schema-v1,figure1_T210K,210.0,210.0,30000.0,30000.0,1.0,10000000000.0,-2.5097871451,0.08128553942497767,10.953434337,-13.202548777,57149.981013461125,57149.981013461125,1.8458904337068421e-06,1.8458904337068421e-06,1.5195326322,3.3435821569677916e-12,True,,97,raw/bs2026_T210K/b.bs2026_T210K,1,98,0,0,17.221904581
auto,figure1-branch-schema-v1,figure1_T210K,210.0,210.0,30000.0,30000.0,1.0,10000000000.0,-2.4808611569,0.0836711405783573,10.982210621,-13.17364885,58818.435931823515,58818.435931823515,1.9000148614626937e-06,1.9000148614626937e-06,1.5196182885,6.17027834702866e-12,True,,98,raw/bs2026_T210K/b.bs2026_T210K,1,99,0,0,17.218107151
auto,figure1-branch-schema-v1,figure1_T210K,210.0,210.0,30000.0,30000.0,1.0,10000000000.0,-2.4519351823,0.08612675415573726,11.010986922,-13.144748925,60535.60128855497,60535.60128855497,1.955726299154934e-06,1.955726299154934e-06,1.5197039447,5.80440832580084e-12,True,,99,raw/bs2026_T210K/b.bs2026_T210K,1,100,4,6,17.214405519
auto,figure1-branch-schema-v1,figure1_T210K,210.0,210.0,30000.0,30000.0,1.0,10000000000.0,-2.4230092215,0.08865443482379924,11.039763241,-13.115849004,62302.899274243646,62302.899274243646,2.013071276170068e-06,2.013071276170068e-06,1.519789601,7.962633722375149e-13,True,,100,raw/bs2026_T210K/b.bs2026_T210K,1,101,0,0,17.210799747
auto,figure1-branch-schema-v1,figure1_T210K,210.0,210.0,30000.0,30000.0,1.0,10000000000.0,-2.3940832743,0.09125629758233526,11.068539576,-13.086949086,64121.79341508996,64121.79341508996,2.072097692061854e-06,2.072097692061854e-06,1.5198752573,2.713122131916159e-12,True,,101,raw/bs2026_T210K/b.bs2026_T210K,1,102,0,0,17.207289895
auto,figure1-branch-schema-v1,figure1_T210K,210.0,210.0,30000.0,30000.0,1.0,10000000000.0,-2.3651573408,0.0939345194732492,11.097315929,-13.058049171,65993.79021958484,65993.79021958484,2.1328548489033086e-06,2.1328548489033086e-06,1.5199609136,3.7408426084157185e-12,True,,102,raw/bs2026_T210K/b.bs2026_T210K,1,103,0,0,17.203876022
auto,figure1-branch-schema-v1,figure1_T210K,210.0,210.0,30000.0,30000.0,1.0,10000000000.0,-2.336231421,0.09669134143673236,11.126092299,-13.02914926,67920.43998818836,67920.43998818836,2.1953934921704847e-06,2.1953934921704847e-06,1.5200465699,3.2055598550725884e-12,True,,103,raw/bs2026_T210K/b.bs2026_T210K,1,104,0,0,17.200558184
auto,figure1-branch-schema-v1,figure1_T210K,210.0,210.0,30000.0,30000.0,1.0,10000000000.0,-2.3073055149,0.09952907017758243,11.154868685,-13.000249352,69903.33827850118,69903.33827850118,2.2597658595865177e-06,2.2597658595865177e-06,1.5201322262,5.971463831550877e-13,True,,104,raw/bs2026_T210K/b.bs2026_T210K,1,105,0,0,17.197336439
auto,figure1-branch-schema-v1,figure1_T210K,210.0,210.0,30000.0,30000.0,1.0,10000000000.0,-2.2783796224,0.10245008010540234,11.183645089,-12.971349447,71944.1274421209,71944.1274421209,2.326025718416689e-06,2.326025718416689e-06,1.5202178825,4.1794279604453715e-12,True,,105,raw/bs2026_T210K/b.bs2026_T210K,1,106,0,0,17.194210839
auto,figure1-branch-schema-v1,figure1_T210K,210.0,210.0,30000.0,30000.0,1.0,10000000000.0,-2.2494537436,0.10545681529105641,11.21242151,-12.942449546,74044.49757145974,74044.49757145974,2.3942284100549477e-06,2.3942284100549477e-06,1.5203035389,8.384513913144515e-12,True,,106,raw/bs2026_T210K/b.bs2026_T210K,1,107,0,0,17.191181437
auto,figure1-branch-schema-v1,figure1_T210K,210.0,210.0,30000.0,30000.0,1.0,10000000000.0,-2.2205278784,0.1085517915519722,11.241197948,-12.913549647,76206.188173241,76206.188173241,2.4644309057560864e-06,2.4644309057560864e-06,1.5203891952,6.25373295403523e-13,True,,107,raw/bs2026_T210K/b.bs2026_T210K,1,108,0,0,17.188248285
auto,figure1-branch-schema-v1,figure1_T210K,210.0,210.0,30000.0,30000.0,1.0,10000000000.0,-2.191602027,0.11173759850426637,11.269974402,-12.884649752,78430.98946290904,78430.98946290904,2.5366918375230116e-06,2.5366918375230116e-06,1.5204748516,8.033964936782822e-12,True,,108,raw/bs2026_T210K/b.bs2026_T210K,1,109,0,0,17.185411431
auto,figure1-branch-schema-v1,figure1_T210K,210.0,210.0,30000.0,30000.0,1.0,10000000000.0,-2.1626761891,0.11501690181659992,11.298750874,-12.855749861,80720.74415889112,80720.74415889112,2.6110715613033e-06,2.6110715613033e-06,1.5205605079,4.282529898666471e-12,True,,109,raw/bs2026_T210K/b.bs2026_T210K,1,110,0,0,17.182670923
auto,figure1-branch-schema-v1,figure1_T210K,210.0,210.0,30000.0,30000.0,1.0,10000000000.0,-2.1337503649,0.11839244533028437,11.327527363,-12.826849972,83077.34854493754,83077.34854493754,2.6876322081237484e-06,2.6876322081237484e-06,1.5206461643,5.63290585998728e-13,True,,110,raw/bs2026_T210K/b.bs2026_T210K,1,111,0,0,17.180026808
auto,figure1-branch-schema-v1,figure1_T210K,210.0,210.0,30000.0,30000.0,1.0,10000000000.0,-2.1048245543,0.1218670534440818,11.356303869,-12.797950087,85502.75434778929,85502.75434778929,2.7664377201692502e-06,2.7664377201692502e-06,1.5207318207,2.5204725017117e-12,True,,111,raw/bs2026_T210K/b.bs2026_T210K,1,112,0,0,17.17747913
auto,figure1-branch-schema-v1,figure1_T210K,210.0,210.0,30000.0,30000.0,1.0,10000000000.0,-2.0758987574,0.12544363341971684,11.385080392,-12.769050205,87998.97027751448,87998.97027751448,2.847553922550454e-06,2.847553922550454e-06,1.5208174771,3.0195215354931032e-12,True,,112,raw/bs2026_T210K/b.bs2026_T210K,1,113,0,0,17.175027932
auto,figure1-branch-schema-v1,figure1_T210K,210.0,210.0,30000.0,30000.0,1.0,10000000000.0,-2.0469729741,0.12912517786236394,11.413856931,-12.740150327,90568.06360068072,90568.06360068072,2.9310485648316444e-06,2.9310485648316444e-06,1.5209031335,2.1160787370369013e-12,True,,113,raw/bs2026_T210K/b.bs2026_T210K,1,114,0,0,17.172673256
auto,figure1-branch-schema-v1,figure1_T210K,210.0,210.0,30000.0,30000.0,1.0,10000000000.0,-2.0180472044,0.1329147671882519,11.442633488,-12.711250452,93212.16221230284,93212.16221230284,3.0169913888527248e-06,3.0169913888527248e-06,1.5209887899,1.2396699366319348e-12,True,,114,raw/bs2026_T210K/b.bs2026_T210K,1,115,0,0,17.17041514
auto,figure1-branch-schema-v1,figure1_T210K,210.0,210.0,30000.0,30000.0,1.0,10000000000.0,-1.9891214483,0.13681557221377702,11.471410062,-12.68235058,95933.45586260247,95933.45586260247,3.1054541785211258e-06,3.1054541785211258e-06,1.5210744463,6.551049499336397e-12,True,,115,raw/bs2026_T210K/b.bs2026_T210K,1,116,0,0,17.168253624
auto,figure1-branch-schema-v1,figure1_T210K,210.0,210.0,30000.0,30000.0,1.0,10000000000.0,-1.9601957059,0.14083085679432517,11.500186653,-12.653450711,98734.19832527025,98734.19832527025,3.1965108225350486e-06,3.1965108225350486e-06,1.5211601028,5.020251976627423e-12,True,,116,raw/bs2026_T210K/b.bs2026_T210K,1,117,0,0,17.166188744
auto,figure1-branch-schema-v1,figure1_T210K,210.0,210.0,30000.0,30000.0,1.0,10000000000.0,-1.9312699771,0.14496398059645188,11.528963261,-12.624550846,101616.7091761939,101616.7091761939,3.290237372807996e-06,3.290237372807996e-06,1.5212457592,4.212377554980633e-12,True,,117,raw/bs2026_T210K/b.bs2026_T210K,1,118,0,0,17.164220535
auto,figure1-branch-schema-v1,figure1_T210K,210.0,210.0,30000.0,30000.0,1.0,10000000000.0,-1.9023442618,0.1492184018830649,11.557739885,-12.595650983,104583.37561010636,104583.37561010636,3.386712121057566e-06,3.386712121057566e-06,1.5213314157,3.767681459955967e-12,True,,118,raw/bs2026_T210K/b.bs2026_T210K,1,119,0,0,17.16234903
auto,figure1-branch-schema-v1,figure1_T210K,210.0,210.0,30000.0,30000.0,1.0,10000000000.0,-1.8734185602,0.1535976803608472,11.586516527,-12.566751125,107636.65483319237,107636.65483319237,3.4860156377655027e-06,3.4860156377655027e-06,1.5214170721,9.237441316732696e-12,True,,119,raw/bs2026_T210K/b.bs2026_T210K,1,120,4,7,17.160574261
auto,figure1-branch-schema-v1,figure1_T210K,210.0,210.0,30000.0,30000.0,1.0,10000000000.0,-1.8444928721,0.15810548026258667,11.615293186,-12.537851269,110779.07547971953,110779.07547971953,3.5882308764543586e-06,3.5882308764543586e-06,1.5215027286,5.557074633689324e-12,True,,120,raw/bs2026_T210K/b.bs2026_T210K,1,121,0,0,17.158896258
auto,figure1-branch-schema-v1,figure1_T210K,210.0,210.0,30000.0,30000.0,1.0,10000000000.0,-1.8155671977,0.16274557329168843,11.644069861,-12.508951417,114013.24000185373,114013.24000185373,3.6934432054045e-06,3.6934432054045e-06,1.5215883851,3.337465735608034e-12,True,,121,raw/bs2026_T210K/b.bs2026_T210K,1,122,0,0,17.157315049
auto,figure1-branch-schema-v1,figure1_T210K,210.0,210.0,30000.0,30000.0,1.0,10000000000.0,-1.7866415368,0.16752184190256209,11.672846554,-12.480051568,117341.82717640015,117341.82717640015,3.8017405067601737e-06,3.8017405067601737e-06,1.5216740416,3.5637934749355337e-12,True,,122,raw/bs2026_T210K/b.bs2026_T210K,1,123,0,0,17.155830661
auto,figure1-branch-schema-v1,figure1_T210K,210.0,210.0,30000.0,30000.0,1.0,10000000000.0,-1.7577158895,0.17243828243773016,11.701623263,-12.451151722,120767.59352841813,120767.59352841813,3.913213235885812e-06,3.913213235885812e-06,1.5217596981,5.305150701415824e-12,True,,123,raw/bs2026_T210K/b.bs2026_T210K,1,124,0,0,17.15444312
auto,figure1-branch-schema-v1,figure1_T210K,210.0,210.0,30000.0,30000.0,1.0,10000000000.0,-1.7287902558,0.17749900853510236,11.730399989,-12.422251879,124293.37641608088,124293.37641608088,4.027954500403839e-06,4.027954500403839e-06,1.5218453546,9.379037046213262e-12,True,,124,raw/bs2026_T210K/b.bs2026_T210K,1,125,0,0,17.153152449
auto,figure1-branch-schema-v1,figure1_T210K,210.0,210.0,30000.0,30000.0,1.0,10000000000.0,-1.6998646356,0.18270825457213613,11.759176733,-12.39335204,127922.09604933004,127922.09604933004,4.1460601338156336e-06,4.1460601338156336e-06,1.5219310112,3.812079828230703e-12,True,,125,raw/bs2026_T210K/b.bs2026_T210K,1,126,0,0,17.15195867
auto,figure1-branch-schema-v1,figure1_T210K,210.0,210.0,30000.0,30000.0,1.0,10000000000.0,-1.6709390291,0.18807037913598937,11.787953493,-12.364452204,131656.75751456904,131656.75751456904,4.267628787743868e-06,4.267628787743868e-06,1.5220166677,3.94686491234198e-12,True,,126,raw/bs2026_T210K/b.bs2026_T210K,1,127,0,0,17.150861803
auto,figure1-branch-schema-v1,figure1_T210K,210.0,210.0,30000.0,30000.0,1.0,10000000000.0,-1.642013436,0.19358986881693238,11.81673027,-12.335552371,135500.4540203543,135500.4540203543,4.392762002364163e-06,4.392762002364163e-06,1.5221023243,5.236530721972747e-12,True,,127,raw/bs2026_T210K/b.bs2026_T210K,1,128,0,0,17.149861867
auto,figure1-branch-schema-v1,figure1_T210K,210.0,210.0,30000.0,30000.0,1.0,10000000000.0,-1.6130878566,0.19927134175670963,11.845507064,-12.306652542,139456.3689586287,139456.3689586287,4.521564290606974e-06,4.521564290606974e-06,1.5221879808,6.286122831505925e-12,True,,128,raw/bs2026_T210K/b.bs2026_T210K,1,129,0,0,17.148958879
auto,figure1-branch-schema-v1,figure1_T210K,210.0,210.0,30000.0,30000.0,1.0,10000000000.0,-1.5841622906,0.20511955174146332,11.874283875,-12.277752716,143527.77866575372,143527.77866575372,4.65414323875397e-06,4.65414323875397e-06,1.5222736374,9.734684139510351e-13,True,,129,raw/bs2026_T210K/b.bs2026_T210K,1,130,0,0,17.148152854
auto,figure1-branch-schema-v1,figure1_T210K,210.0,210.0,30000.0,30000.0,1.0,10000000000.0,-1.5552367383,0.21113939194313655,11.903060703,-12.248852893,147718.05513623165,147718.05513623165,4.790609583248536e-06,4.790609583248536e-06,1.522359294,2.5259504532973467e-12,True,,130,raw/bs2026_T210K/b.bs2026_T210K,1,131,0,0,17.147443807
auto,figure1-branch-schema-v1,figure1_T210K,210.0,210.0,30000.0,30000.0,1.0,10000000000.0,-1.5263111994,0.2173358992561414,11.931837547,-12.219953073,152030.6686636353,152030.6686636353,4.9310773074545925e-06,4.9310773074545925e-06,1.5224449506,4.049123529702473e-12,True,,131,raw/bs2026_T210K/b.bs2026_T210K,1,132,0,0,17.146831748
auto,figure1-branch-schema-v1,figure1_T210K,210.0,210.0,30000.0,30000.0,1.0,10000000000.0,-1.4973856741,0.223714258283941,11.960614409,-12.191053257,156469.1913187985,156469.1913187985,5.075663731784006e-06,5.075663731784006e-06,1.5225306072,3.509835779768698e-12,True,,132,raw/bs2026_T210K/b.bs2026_T210K,1,-133,0,0,17.146316689
auto,figure1-branch-schema-v1,figure1_T210K,210.0,210.0,30000.0,30000.0,1.0,10000000000.0,-1.4684601624,0.23027980582212024,11.989391287,-12.162153444,161037.2988482198,161037.2988482198,5.224489626620548e-06,5.224489626620548e-06,1.5226162638,1.2689714287679832e-12,True,,133,raw/bs2026_T210K/b.bs2026_T210K,1,-134,0,0,17.145898638
auto,figure1-branch-schema-v1,figure1_T210K,210.0,210.0,30000.0,30000.0,1.0,10000000000.0,-1.4395346641,0.23703803532979473,12.018168183,-12.133253634,165738.7749533887,165738.7749533887,5.3776792985428866e-06,5.3776792985428866e-06,1.5227019204,3.3533703257489794e-12,True,,134,raw/bs2026_T210K/b.bs2026_T210K,1,-135,0,0,17.145577603
auto,figure1-branch-schema-v1,figure1_T210K,210.0,210.0,30000.0,30000.0,1.0,10000000000.0,-1.4106091794,0.2439946013862245,12.046945095,-12.104353827,170577.51315395426,170577.51315395426,5.535360698940642e-06,5.535360698940642e-06,1.5227875771,9.228598360204727e-12,True,,135,raw/bs2026_T210K/b.bs2026_T210K,1,-136,0,0,17.145353589
auto,figure1-branch-schema-v1,figure1_T210K,210.0,210.0,30000.0,30000.0,1.0,10000000000.0,-1.3816837082,0.25115532458363676,12.075722024,-12.075454024,175557.52114503135,175557.52114503135,5.697665525186281e-06,5.697665525186281e-06,1.5228732337,1.1162491724048932e-12,True,,136,raw/bs2026_T210K/b.bs2026_T210K,1,-137,0,0,17.1452266
auto,figure1-branch-schema-v1,figure1_T210K,210.0,210.0,30000.0,30000.0,1.0,10000000000.0,-1.3527582505,0.2585261963042221,12.10449897,-12.046554224,180682.9234678712,180682.9234678712,5.864729347397178e-06,5.864729347397178e-06,1.5229588903,9.055647450700613e-12,True,,137,raw/bs2026_T210K/b.bs2026_T210K,1,-138,0,0,17.145196638
auto,figure1-branch-schema-v1,figure1_T210K,210.0,210.0,30000.0,30000.0,1.0,10000000000.0,-1.3238328063,0.2661133837558323,12.133275933,-12.017654427,185957.96508720514,185957.96508720514,6.036691705224656e-06,6.036691705224656e-06,1.523044547,2.3483793224493447e-12,True,,138,raw/bs2026_T210K/b.bs2026_T210K,1,-139,0,0,17.145263704
auto,figure1-branch-schema-v1,figure1_T210K,210.0,210.0,30000.0,30000.0,1.0,10000000000.0,-1.2949073756,0.27392323513175,12.162052912,-11.988754634,191387.0147159151,191387.0147159151,6.213696223566528e-06,6.213696223566528e-06,1.5231302037,2.9300458526936947e-12,True,,139,raw/bs2026_T210K/b.bs2026_T210K,1,-140,4,8,17.145427796
auto,figure1-branch-schema-v1,figure1_T210K,210.0,210.0,30000.0,30000.0,1.0,10000000000.0,-1.2659819584,0.28196228492187336,12.190829909,-11.959854843,196974.56919371278,196974.56919371278,6.395890757205388e-06,6.395890757205388e-06,1.5232158604,5.517239460596325e-12,True,,140,raw/bs2026_T210K/b.bs2026_T210K,1,-141,0,0,17.145688913
auto,figure1-branch-schema-v1,figure1_T210K,210.0,210.0,30000.0,30000.0,1.0,10000000000.0,-1.2370565547,0.2902372593797606,12.219606922,-11.930955056,202725.25587707022,202725.25587707022,6.5834274709676295e-06,6.5834274709676295e-06,1.5233015171,6.617972971291368e-12,True,,141,raw/bs2026_T210K/b.bs2026_T210K,1,-142,0,0,17.146047049
auto,figure1-branch-schema-v1,figure1_T210K,210.0,210.0,30000.0,30000.0,1.0,10000000000.0,-1.2081311645,0.2987550821501062,12.248383952,-11.902055272,208643.8378177872,208643.8378177872,6.7764630105102456e-06,6.7764630105102456e-06,1.5233871738,5.690141931528017e-12,True,,142,raw/bs2026_T210K/b.bs2026_T210K,1,-143,0,0,17.146502198
auto,figure1-branch-schema-v1,figure1_T210K,210.0,210.0,30000.0,30000.0,1.0,10000000000.0,-1.1792057878,0.30752288006135886,12.277160999,-11.873155492,214735.21693705875,214735.21693705875,6.975158601144639e-06,6.975158601144639e-06,1.5234728305,3.0187206016568567e-12,True,,143,raw/bs2026_T210K/b.bs2026_T210K,1,-144,0,0,17.147054353
auto,figure1-branch-schema-v1,figure1_T210K,210.0,210.0,30000.0,30000.0,1.0,10000000000.0,-1.1502804245,0.31654798911998017,12.305938063,-11.844255715,221004.43827708988,221004.43827708988,7.179680209233549e-06,7.179680209233549e-06,1.5235584872,2.0614503080566806e-12,True,,144,raw/bs2026_T210K/b.bs2026_T210K,1,-145,0,0,17.147703505
auto,figure1-branch-schema-v1,figure1_T210K,210.0,210.0,30000.0,30000.0,1.0,10000000000.0,-1.1213550747,0.3258379605549172,12.334715143,-11.815355941,227456.69395242186,227456.69395242186,7.390198660680957e-06,7.390198660680957e-06,1.5236441439,8.319000931870337e-12,True,,145,raw/bs2026_T210K/b.bs2026_T210K,1,-146,0,0,17.148449643
auto,figure1-branch-schema-v1,figure1_T210K,210.0,210.0,30000.0,30000.0,1.0,10000000000.0,-1.0924297384,0.3354005672266215,12.363492241,-11.78645617,234097.32835391056,234097.32835391056,7.60688979019525e-06,7.60688979019525e-06,1.5237298007,2.1397819514036632e-12,True,,146,raw/bs2026_T210K/b.bs2026_T210K,1,-147,0,0,17.149292753
auto,figure1-branch-schema-v1,figure1_T210K,210.0,210.0,30000.0,30000.0,1.0,10000000000.0,-1.0635044155,0.34524381013478056,12.392269355,-11.757556402,240931.8409891543,240931.8409891543,7.829934588152256e-06,7.829934588152256e-06,1.5238154574,8.911488742669112e-12,True,,147,raw/bs2026_T210K/b.bs2026_T210K,1,-148,0,0,17.150232822
auto,figure1-branch-schema-v1,figure1_T210K,210.0,210.0,30000.0,30000.0,1.0,10000000000.0,-1.0345791061,0.35537592501069093,12.421046486,-11.728656638,247965.89263711695,247965.89263711695,8.059519343705124e-06,8.059519343705124e-06,1.5239011142,2.454679471838288e-12,True,,148,raw/bs2026_T210K/b.bs2026_T210K,1,-149,0,0,17.151269834
auto,figure1-branch-schema-v1,figure1_T210K,210.0,210.0,30000.0,30000.0,1.0,10000000000.0,-1.0056538102,0.36580538930722073,12.449823633,-11.699756877,255205.30886527125,255205.30886527125,8.295835824091868e-06,8.295835824091868e-06,1.523986771,2.359571039316413e-12,True,,149,raw/bs2026_T210K/b.bs2026_T210K,1,-150,0,0,17.152403772
auto,figure1-branch-schema-v1,figure1_T210K,210.0,210.0,30000.0,30000.0,1.0,10000000000.0,-0.97672852769,0.37654092930019917,12.478600798,-11.670857119,262656.0860959516,262656.0860959516,8.539081411545439e-06,8.539081411545439e-06,1.5240724278,4.7795563914850595e-12,True,,150,raw/bs2026_T210K/b.bs2026_T210K,1,-151,0,0,17.153634616
auto,figure1-branch-schema-v1,figure1_T210K,210.0,210.0,30000.0,30000.0,1.0,10000000000.0,-0.94780325864,0.38759152728277957,12.507377979,-11.641957365,270324.39479335357,270324.39479335357,8.789459266971365e-06,8.789459266971365e-06,1.5241580846,5.738823137043646e-12,True,,151,raw/bs2026_T210K/b.bs2026_T210K,1,-152,0,0,17.154962345
auto,figure1-branch-schema-v1,figure1_T210K,210.0,210.0,30000.0,30000.0,1.0,10000000000.0,-0.91887800302,0.3989664291821968,12.536155177,-11.613057613,278216.5863690568,278216.5863690568,9.04717853454188e-06,9.04717853454188e-06,1.5242437414,4.22089398161998e-12,True,,152,raw/bs2026_T210K/b.bs2026_T210K,1,-153,0,0,17.156386937
auto,figure1-branch-schema-v1,figure1_T210K,210.0,210.0,30000.0,30000.0,1.0,10000000000.0,-0.88995276083,0.41067515224746565,12.564932392,-11.584157865,286339.19741463865,286339.19741463865,9.312454455082053e-06,9.312454455082053e-06,1.5243293982,1.0137075728599674e-12,True,,153,raw/bs2026_T210K/b.bs2026_T210K,1,-154,0,0,17.157908368
auto,figure1-branch-schema-v1,figure1_T210K,210.0,210.0,30000.0,30000.0,1.0,10000000000.0,-0.86102753207,0.42272749302281565,12.593709623,-11.555258121,294698.9550764635,294698.9550764635,9.585508598066107e-06,9.585508598066107e-06,1.524415055,3.740994429962495e-12,True,,154,raw/bs2026_T210K/b.bs2026_T210K,1,-155,0,0,17.159526613
auto,figure1-branch-schema-v1,figure1_T210K,210.0,210.0,30000.0,30000.0,1.0,10000000000.0,-0.83210231674,0.43513353554381295,12.622486872,-11.526358379,303302.7837982404,303302.7837982404,9.866569049332945e-06,9.866569049332945e-06,1.5245007119,7.97146222678369e-12,True,,155,raw/bs2026_T210K/b.bs2026_T210K,1,-156,0,0,17.161241643
auto,figure1-branch-schema-v1,figure1_T210K,210.0,210.0,30000.0,30000.0,1.0,10000000000.0,-0.80317711483,0.44790365977847746,12.651264137,-11.497458641,312157.80900130735,312157.80900130735,1.0155870543530515e-05,1.0155870543530515e-05,1.5245863687,1.4083604848979638e-12,True,,156,raw/bs2026_T210K/b.bs2026_T210K,1,-157,0,0,17.16305343
auto,figure1-branch-schema-v1,figure1_T210K,210.0,210.0,30000.0,30000.0,1.0,10000000000.0,-0.77425192633,0.46104855030754344,12.680041418,-11.468558906,321271.3647376089,321271.3647376089,1.0453654727577143e-05,1.0453654727577143e-05,1.5246720256,7.370645288457931e-12,True,,157,raw/bs2026_T210K/b.bs2026_T210K,1,-158,0,0,17.164961944
auto,figure1-branch-schema-v1,figure1_T210K,210.0,210.0,30000.0,30000.0,1.0,10000000000.0,-0.74532675123,0.4745792052635519,12.708818717,-11.439659174,330650.99985311803,330650.99985311803,1.0760170323869675e-05,1.0760170323869675e-05,1.5247576824,5.6299751164893594e-12,True,,158,raw/bs2026_T210K/b.bs2026_T210K,1,-159,0,0,17.166967152
auto,figure1-branch-schema-v1,figure1_T210K,210.0,210.0,30000.0,30000.0,1.0,10000000000.0,-0.71640158955,0.48850694551760826,12.737596032,-11.410759445,340304.4822947138,340304.4822947138,1.1075673347609864e-05,1.1075673347609864e-05,1.5248433393,1.5827965033216777e-12,True,,159,raw/bs2026_T210K/b.bs2026_T210K,1,-160,4,9,17.16906902
auto,figure1-branch-schema-v1,figure1_T210K,210.0,210.0,30000.0,30000.0,1.0,10000000000.0,-0.68747644126,0.5028434241888906,12.766373364,-11.38185972,350239.8078035096,350239.8078035096,1.1400427309235875e-05,1.1400427309235875e-05,1.5249289962,9.799751906470457e-13,True,,160,raw/bs2026_T210K/b.bs2026_T210K,1,-161,0,0,17.171267513
auto,figure1-branch-schema-v1,figure1_T210K,210.0,210.0,30000.0,30000.0,1.0,10000000000.0,-0.65855130636,0.5176006363561781,12.795150713,-11.352959998,360465.20524334477,360465.20524334477,1.1734703468056813e-05,1.1734703468056813e-05,1.5250146531,1.5403228608259459e-12,True,,161,raw/bs2026_T210K/b.bs2026_T210K,1,-162,0,0,17.173562594
auto,figure1-branch-schema-v1,figure1_T210K,210.0,210.0,30000.0,30000.0,1.0,10000000000.0,-0.62962618486,0.5327909291017829,12.823928078,-11.324060279,370989.14336712146,370989.14336712146,1.207878102591441e-05,1.207878102591441e-05,1.52510031,2.338483997530805e-13,True,,162,raw/bs2026_T210K/b.bs2026_T210K,1,-163,0,0,17.175954224
auto,figure1-branch-schema-v1,figure1_T210K,210.0,210.0,30000.0,30000.0,1.0,10000000000.0,-0.60070107674,0.5484270118626245,12.85270546,-11.295160563,381820.3389231885,381820.3389231885,1.2432947371141251e-05,1.2432947371141251e-05,1.5251859669,3.817193570703091e-12,True,,163,raw/bs2026_T210K/b.bs2026_T210K,1,-164,0,0,17.178442363
auto,figure1-branch-schema-v1,figure1_T210K,210.0,210.0,30000.0,30000.0,1.0,10000000000.0,-0.571775982,0.5645219670374245,12.881482859,-11.266260851,392967.762804657,392967.762804657,1.2797498305798886e-05,1.2797498305798886e-05,1.5252716238,8.980464483414627e-12,True,,164,raw/bs2026_T210K/b.bs2026_T210K,1,-165,0,0,17.18102697
auto,figure1-branch-schema-v1,figure1_T210K,210.0,210.0,30000.0,30000.0,1.0,10000000000.0,-0.54285090064,0.5810892609418451,12.910260275,-11.237361142,404440.64783035323,404440.64783035323,1.317273833039352e-05,1.317273833039352e-05,1.5253572808,2.965553867245268e-12,True,,165,raw/bs2026_T210K/b.bs2026_T210K,1,-166,0,0,17.183708
auto,figure1-branch-schema-v1,figure1_T210K,210.0,210.0,30000.0,30000.0,1.0,10000000000.0,-0.51392583265,0.5981427550807374,12.939037707,-11.208461436,416248.4959762534,416248.4959762534,1.3558980861269442e-05,1.3558980861269442e-05,1.5254429377,6.551728666651796e-12,True,,166,raw/bs2026_T210K/b.bs2026_T210K,1,-167,0,0,17.186485408
auto,figure1-branch-schema-v1,figure1_T210K,210.0,210.0,30000.0,30000.0,1.0,10000000000.0,-0.48500077802,0.6156967177397384,12.967815156,-11.179561733,428401.08747090533,428401.08747090533,1.3956548504462795e-05,1.3956548504462795e-05,1.5255285947,1.3796145776821412e-12,True,,167,raw/bs2026_T210K/b.bs2026_T210K,1,-168,0,0,17.189359149
auto,figure1-branch-schema-v1,figure1_T210K,210.0,210.0,30000.0,30000.0,1.0,10000000000.0,-0.45607573676,0.6337658359098342,12.996592621,-11.150662034,440908.4872541237,440908.4872541237,1.436577331078592e-05,1.436577331078592e-05,1.5256142517,7.459246908880348e-12,True,,168,raw/bs2026_T210K/b.bs2026_T210K,1,-169,0,0,17.192329173
auto,figure1-branch-schema-v1,figure1_T210K,210.0,210.0,30000.0,30000.0,1.0,10000000000.0,-0.42715070885,0.6523652276056587,13.025370103,-11.121762337,453781.05500427255,453781.05500427255,1.4786997110220107e-05,1.4786997110220107e-05,1.5256999086,7.891199511793384e-12,True,,169,raw/bs2026_T210K/b.bs2026_T210K,1,-170,0,0,17.195395431
auto,figure1-branch-schema-v1,figure1_T210K,210.0,210.0,30000.0,30000.0,1.0,10000000000.0,-0.39822569429,0.6715104544828006,13.054147602,-11.092862644,467029.45244667184,467029.45244667184,1.5220571697234617e-05,1.5220571697234617e-05,1.5257855656,5.797340988731381e-12,True,,170,raw/bs2026_T210K/b.bs2026_T210K,1,-171,0,0,17.198557872
auto,figure1-branch-schema-v1,figure1_T210K,210.0,210.0,30000.0,30000.0,1.0,10000000000.0,-0.36930069308,0.6912175348689906,13.082925118,-11.063962955,480664.65260116477,480664.65260116477,1.5666859209966276e-05,1.5666859209966276e-05,1.5258712226,5.387237295295422e-12,True,,171,raw/bs2026_T210K/b.bs2026_T210K,1,-172,0,0,17.201816441
auto,figure1-branch-schema-v1,figure1_T210K,210.0,210.0,30000.0,30000.0,1.0,10000000000.0,-0.34037570521,0.711502957172492,13.11170265,-11.035063268,494697.9483765979,494697.9483765979,1.612623243702462e-05,1.612623243702462e-05,1.5259568796,7.178576845374708e-12,True,,172,raw/bs2026_T210K/b.bs2026_T210K,1,-173,0,0,17.205171086
auto,figure1-branch-schema-v1,figure1_T210K,210.0,210.0,30000.0,30000.0,1.0,10000000000.0,-0.31145073068,0.7323836936630316,13.140480199,-11.006163585,509140.9633806002,509140.9633806002,1.65990750339604e-05,1.65990750339604e-05,1.5260425367,8.328275526954908e-12,True,,173,raw/bs2026_T210K/b.bs2026_T210K,1,-174,0,0,17.20862175
auto,figure1-branch-schema-v1,figure1_T210K,210.0,210.0,30000.0,30000.0,1.0,10000000000.0,-0.28252576948,0.7538772146852003,13.169257764,-10.977263905,524005.6595956974,524005.6595956974,1.7085781953871943e-05,1.7085781953871943e-05,1.5261281937,2.8568019879080222e-12,True,,174,raw/bs2026_T210K/b.bs2026_T210K,1,-175,0,0,17.212168375
auto,figure1-branch-schema-v1,figure1_T210K,210.0,210.0,30000.0,30000.0,1.0,10000000000.0,-0.2536008216,0.7760015032678167,13.198035346,-10.948364228,539304.3492965932,539304.3492965932,1.7586759714154573e-05,1.7586759714154573e-05,1.5262138507,4.69572391304614e-12,True,,175,raw/bs2026_T210K/b.bs2026_T210K,1,-176,0,0,17.215810901
auto,figure1-branch-schema-v1,figure1_T210K,210.0,210.0,30000.0,30000.0,1.0,10000000000.0,-0.22467588705,0.7987750701529404,13.226812945,-10.919464554,555049.7037361512,555049.7037361512,1.8102426751702593e-05,1.8102426751702593e-05,1.5262995078,4.816219192443885e-12,True,,176,raw/bs2026_T210K/b.bs2026_T210K,1,-177,0,0,17.219549269
auto,figure1-branch-schema-v1,figure1_T210K,210.0,210.0,30000.0,30000.0,1.0,10000000000.0,-0.19575096582,0.8222169693129024,13.25559056,-10.890564884,571254.7635647586,571254.7635647586,1.863321375376616e-05,1.863321375376616e-05,1.5263851648,6.357886326688257e-12,True,,177,raw/bs2026_T210K/b.bs2026_T210K,1,-178,0,0,17.223383415
auto,figure1-branch-schema-v1,figure1_T210K,210.0,210.0,30000.0,30000.0,1.0,10000000000.0,-0.1668260579,0.8463468138765917,13.284368192,-10.861665217,587932.9513131282,587932.9513131282,1.917956407249627e-05,1.917956407249627e-05,1.5264708219,7.260348187321231e-13,True,,178,raw/bs2026_T210K/b.bs2026_T210K,1,-179,0,0,17.227313276
auto,figure1-branch-schema-v1,figure1_T210K,210.0,210.0,30000.0,30000.0,1.0,10000000000.0,-0.13790116329,0.8711847925294648,13.313145841,-10.832765553,605098.080861583,605098.080861583,1.9741934041467854e-05,1.9741934041467854e-05,1.526556479,3.3679762149300597e-12,True,,179,raw/bs2026_T210K/b.bs2026_T210K,1,-180,4,10,17.231338787
auto,figure1-branch-schema-v1,figure1_T210K,210.0,210.0,30000.0,30000.0,1.0,10000000000.0,-0.10897628199,0.8967516864114721,13.341923506,-10.803865892,622764.3687990276,622764.3687990276,2.032079337440901e-05,2.032079337440901e-05,1.5266421361,5.2966517896352976e-12,True,,180,raw/bs2026_T210K/b.bs2026_T210K,1,-181,0,0,17.23545988
auto,figure1-branch-schema-v1,figure1_T210K,210.0,210.0,30000.0,30000.0,1.0,10000000000.0,-0.08005141398,0.9230688865213257,13.370701188,-10.774966235,640946.4480314091,640946.4480314091,2.091662553660235e-05,2.091662553660235e-05,1.5267277932,5.5235556953141994e-12,True,,181,raw/bs2026_T210K/b.bs2026_T210K,1,-182,0,0,17.239676487
auto,figure1-branch-schema-v1,figure1_T210K,210.0,210.0,30000.0,30000.0,1.0,10000000000.0,-0.051126559267,0.9501584115705421,13.399478886,-10.74606658,659659.3774452939,659659.3774452939,2.1529928231759292e-05,2.1529928231759292e-05,1.5268134503,3.68049067984469e-12,True,,182,raw/bs2026_T210K/b.bs2026_T210K,1,-183,0,0,17.243988538
auto,figure1-branch-schema-v1,figure1_T210K,210.0,210.0,30000.0,30000.0,1.0,10000000000.0,-0.022201717843,0.9780429264420623,13.428256601,-10.717166929,678918.6569105475,678918.6569105475,2.216121367184218e-05,2.216121367184218e-05,1.5268991074,1.2965044819048033e-12,True,,183,raw/bs2026_T210K/b.bs2026_T210K,1,-184,0,0,17.248395961
auto,figure1-branch-schema-v1,figure1_T210K,210.0,210.0,30000.0,30000.0,1.0,10000000000.0,0.0067231102966,1.0067457611355406,13.457034333,-10.688267282,698740.2382152401,698740.2382152401,2.281100912914817e-05,2.281100912914817e-05,1.5269847645,5.7579508809099205e-12,True,,184,raw/bs2026_T210K/b.bs2026_T210K,1,-185,0,0,17.252898684
auto,figure1-branch-schema-v1,figure1_T210K,210.0,210.0,30000.0,30000.0,1.0,10000000000.0,0.035647925156,1.0362909302881658,13.485812081,-10.659367637,719140.5381826571,719140.5381826571,2.3479857383015916e-05,2.3479857383015916e-05,1.5270704217,5.641635465188144e-12,True,,185,raw/bs2026_T210K/b.bs2026_T210K,1,-186,0,0,17.257496631
auto,figure1-branch-schema-v1,figure1_T210K,210.0,210.0,30000.0,30000.0,1.0,10000000000.0,0.06457272674,1.0667031532666102,13.514589846,-10.630467996,740136.4543859382,740136.4543859382,2.4168317035000906e-05,2.4168317035000906e-05,1.5271560788,3.837235128187286e-12,True,,186,raw/bs2026_T210K/b.bs2026_T210K,1,-187,0,0,17.262189728
auto,figure1-branch-schema-v1,figure1_T210K,210.0,210.0,30000.0,30000.0,1.0,10000000000.0,0.093497515054,1.098007874847633,13.543367627,-10.601568357,761745.3763073527,761745.3763073527,2.487696316071376e-05,2.487696316071376e-05,1.527241736,3.7621452704581154e-12,True,,187,raw/bs2026_T210K/b.bs2026_T210K,1,-188,0,0,17.266977895
auto,figure1-branch-schema-v1,figure1_T210K,210.0,210.0,30000.0,30000.0,1.0,10000000000.0,0.1224222901,1.1302312865010353,13.572145425,-10.572668722,783985.2026629305,783985.2026629305,2.5606387599426525e-05,2.5606387599426525e-05,1.5273273932,9.37664700436333e-12,True,,188,raw/bs2026_T210K/b.bs2026_T210K,1,-189,0,0,17.271861056
auto,figure1-branch-schema-v1,figure1_T210K,210.0,210.0,30000.0,30000.0,1.0,10000000000.0,0.15134705189,1.1634003483167488,13.60092324,-10.543769091,806874.3540298151,806874.3540298151,2.6357199591982002e-05,2.6357199591982002e-05,1.5274130503,5.813623315205048e-12,True,,189,raw/bs2026_T210K/b.bs2026_T210K,1,-190,0,0,17.276839127
auto,figure1-branch-schema-v1,figure1_T210K,210.0,210.0,30000.0,30000.0,1.0,10000000000.0,0.18027180042,1.1975428115304414,13.629701071,-10.514869462,830431.7879934323,830431.7879934323,2.71300262969436e-05,2.71300262969436e-05,1.5274987075,4.042294324546591e-12,True,,190,raw/bs2026_T210K/b.bs2026_T210K,1,-191,0,0,17.281912029
auto,figure1-branch-schema-v1,figure1_T210K,210.0,210.0,30000.0,30000.0,1.0,10000000000.0,0.2091965357,1.2326872417746955,13.658478918,-10.485969837,854677.0164396114,854677.0164396114,2.792551315476643e-05,2.792551315476643e-05,1.5275843647,3.73760379090637e-12,True,,191,raw/bs2026_T210K/b.bs2026_T210K,1,-192,0,0,17.287079677
auto,figure1-branch-schema-v1,figure1_T210K,210.0,210.0,30000.0,30000.0,1.0,10000000000.0,0.23812125773,1.268863042949233,13.687256782,-10.457070215,879630.1218347996,879630.1218347996,2.8744324612224404e-05,2.8744324612224404e-05,1.5276700219,5.589894687841646e-12,True,,192,raw/bs2026_T210K/b.bs2026_T210K,1,-193,0,0,17.292341987
auto,figure1-branch-schema-v1,figure1_T210K,210.0,210.0,30000.0,30000.0,1.0,10000000000.0,0.26704596653,1.3061004818578137,13.716034663,-10.428170596,905311.7721781048,905311.7721781048,2.958714457117132e-05,2.958714457117132e-05,1.5277556791,9.485679972273854e-12,True,,193,raw/bs2026_T210K/b.bs2026_T210K,1,-194,0,0,17.297698872
auto,figure1-branch-schema-v1,figure1_T210K,210.0,210.0,30000.0,30000.0,1.0,10000000000.0,0.29597066208,1.3444307134527453,13.74481256,-10.39927098,931743.2379965897,931743.2379965897,3.045467698611026e-05,3.045467698611026e-05,1.5278413364,3.8005566132481204e-12,True,,194,raw/bs2026_T210K/b.bs2026_T210K,1,-195,0,0,17.303150244
auto,figure1-branch-schema-v1,figure1_T210K,210.0,210.0,30000.0,30000.0,1.0,10000000000.0,0.3248953444,1.3838858070023152,13.773590474,-10.370371368,958946.4127061532,958946.4127061532,3.1347646420806595e-05,3.1347646420806595e-05,1.5279269936,3.844837823789977e-12,True,,195,raw/bs2026_T210K/b.bs2026_T210K,1,-196,0,0,17.308696015
auto,figure1-branch-schema-v1,figure1_T210K,210.0,210.0,30000.0,30000.0,1.0,10000000000.0,0.3538200135,1.4244987728567045,13.802368404,-10.341471759,986943.8270703235,986943.8270703235,3.2266798745692254e-05,3.2266798745692254e-05,1.5280126509,6.0557979729169336e-12,True,,196,raw/bs2026_T210K/b.bs2026_T210K,1,-197,0,0,17.314336093
auto,figure1-branch-schema-v1,figure1_T210K,210.0,210.0,30000.0,30000.0,1.0,10000000000.0,0.38274466937,1.4663035900480115,13.831146351,-10.312572153,1015758.6716471545,1015758.6716471545,3.3212901670363326e-05,3.3212901670363326e-05,1.5280983081,5.698813521951251e-12,True,,197,raw/bs2026_T210K/b.bs2026_T210K,1,-198,0,0,17.320070387
auto,figure1-branch-schema-v1,figure1_T210K,210.0,210.0,30000.0,30000.0,1.0,10000000000.0,0.41166931202,1.509335234773387,13.859924314,-10.28367255,1045414.8121047288,1045414.8121047288,3.4186745414377367e-05,3.4186745414377367e-05,1.5281839654,9.641134318614587e-13,True,,198,raw/bs2026_T210K/b.bs2026_T210K,1,-199,0,0,17.325898803
auto,figure1-branch-schema-v1,figure1_T210K,210.0,210.0,30000.0,30000.0,1.0,10000000000.0,0.44059394146,1.5536297096293934,13.888702293,-10.25477295,1075936.811922071,1075936.811922071,3.518914336726388e-05,3.518914336726388e-05,1.5282696227,4.1860838003778875e-12,True,,199,raw/bs2026_T210K/b.bs2026_T210K,1,-200,4,11,17.331821246
auto,figure1-branch-schema-v1,figure1_T210K,210.0,210.0,30000.0,30000.0,1.0,10000000000.0,0.46951855769,1.5992240737159222,13.91748029,-10.225873354,1107349.9539918331,1107349.9539918331,3.6220932731665764e-05,3.6220932731665764e-05,1.52835528,6.1166873780523655e-12,True,,200,raw/bs2026_T210K/b.bs2026_T210K,1,-201,0,0,17.337837619
auto,figure1-branch-schema-v1,figure1_T210K,210.0,210.0,30000.0,30000.0,1.0,10000000000.0,0.49844316072,1.6461564736705463,13.946258302,-10.19697376,1139680.2539068505,1139680.2539068505,3.728297536644346e-05,3.728297536644346e-05,1.5284409373,5.998273208703878e-12,True,,201,raw/bs2026_T210K/b.bs2026_T210K,1,-202,0,0,17.343947826
auto,figure1-branch-schema-v1,figure1_T210K,210.0,210.0,30000.0,30000.0,1.0,10000000000.0,0.52736775054,1.694466175533535,13.975036332,-10.16807417,1172954.4936021573,1172954.4936021573,3.837615825391316e-05,3.837615825391316e-05,1.5285265946,4.1174140271216345e-12,True,,202,raw/bs2026_T210K/b.bs2026_T210K,1,-203,0,0,17.350151767
auto,figure1-branch-schema-v1,figure1_T210K,210.0,210.0,30000.0,30000.0,1.0,10000000000.0,0.55629232717,1.7441935976801572,14.003814377,-10.139174584,1207200.2300491522,1207200.2300491522,3.9501394455872784e-05,3.9501394455872784e-05,1.5286122519,1.0109394977193484e-12,True,,203,raw/bs2026_T210K/b.bs2026_T210K,1,-204,0,0,17.356449342
auto,figure1-branch-schema-v1,figure1_T210K,210.0,210.0,30000.0,30000.0,1.0,10000000000.0,0.58521689062,1.7953803445702936,14.032592439,-10.110275,1242445.8307243392,1242445.8307243392,4.065962388714681e-05,4.065962388714681e-05,1.5286979092,5.405662457701304e-12,True,,204,raw/bs2026_T210K/b.bs2026_T210K,1,-205,0,0,17.362840449
auto,figure1-branch-schema-v1,figure1_T210K,210.0,210.0,30000.0,30000.0,1.0,10000000000.0,0.61414144087,1.8480692415152884,14.061370518,-10.08137542,1278720.4890309367,1278720.4890309367,4.185181386136185e-05,4.185181386136185e-05,1.5287835666,6.3396106477676066e-12,True,,205,raw/bs2026_T210K/b.bs2026_T210K,1,-206,0,0,17.369324984
auto,figure1-branch-schema-v1,figure1_T210K,210.0,210.0,30000.0,30000.0,1.0,10000000000.0,0.64306597795,1.9023043706496832,14.090148613,-10.052475843,1316054.2494446337,1316054.2494446337,4.307896017663513e-05,4.307896017663513e-05,1.5288692239,3.234934887620463e-12,True,,206,raw/bs2026_T210K/b.bs2026_T210K,1,-207,0,0,17.375902843
auto,figure1-branch-schema-v1,figure1_T210K,210.0,210.0,30000.0,30000.0,1.0,10000000000.0,0.67199050185,1.958131107647499,14.118926725,-10.023576269,1354478.0362734564,1354478.0362734564,4.434208778812382e-05,4.434208778812382e-05,1.5289548813,4.783510271985664e-12,True,,207,raw/bs2026_T210K/b.bs2026_T210K,1,-208,0,0,17.38257392
auto,figure1-branch-schema-v1,figure1_T210K,210.0,210.0,30000.0,30000.0,1.0,10000000000.0,0.69314718108,2.0000000010401093,14.13997633,-10.002437832,1383291.4555719297,1383291.4555719297,4.5289387157808084e-05,4.5289387157808084e-05,1.5290175349,9.547277609983974e-13,True,,208,raw/bs2026_T210K/b.bs2026_T210K,1,-209,-4,12,17.387512411
