T_K,p_Pa,F,log_w,w_m_s,log_n,log_q,n,q,s,converged,iterations,message,residual_norm
190.0,30000.0,1.0,-5.298317366548036,0.005000000000000002,9.17344339163619,-17.307286553191897,9637.754180508224,3.0446750841640194e-08,1.580218871340339,True,8,The solution converged.,2.5112833680256943e-18
190.0,30000.0,1.0,-5.273352930935086,0.005126393282345247,9.198278832380897,-17.282341522652953,9880.109091995431,3.121579804601622e-08,1.5803036599248057,True,10,The solution converged.,1.3749365735951455e-18
190.0,30000.0,1.0,-5.2483884953221365,0.005255981617054892,9.223114296863974,-17.257396484328936,10128.558599721548,3.200427067912229e-08,1.5803884485538746,True,7,The solution converged.,4.954333802822322e-18
190.0,30000.0,1.0,-5.2234240597091866,0.00538884577076006,9.247949785078003,-17.23245143822264,10383.25597291335,3.281265941571617e-08,1.580473237227531,True,7,The solution converged.,4.023097477595638e-18
190.0,30000.0,1.0,-5.198459624096237,0.00552506855176379,9.272785297015556,-17.207506384336853,10644.35833541857,3.3641467324862146e-08,1.58055802594576,True,7,The solution converged.,3.6925932237346694e-18
190.0,30000.0,1.0,-5.173495188483287,0.005664734861651773,9.297620832669212,-17.18256132267437,10912.026762650908,3.4491210183011224e-08,1.5806428147085465,True,7,The solution converged.,7.532643849065503e-18
190.0,30000.0,1.0,-5.148530752870337,0.005807931748207713,9.322456392031555,-17.15761625323798,11186.426380973195,3.536241679499079e-08,1.5807276035158764,True,7,The solution converged.,4.698711203693149e-18
190.0,30000.0,1.0,-5.123566317257387,0.005954748459666339,9.34729197509517,-17.132671176030474,11467.726469580135,3.625562932310119e-08,1.5808123923677344,True,7,The solution converged.,7.77065857480306e-18
190.0,30000.0,1.0,-5.098601881644437,0.006105276500337843,9.372127581852645,-17.107726091054637,11756.1005649436,3.717140362452711e-08,1.5808971812641062,True,7,The solution converged.,5.8595485005098666e-18
190.0,30000.0,1.0,-5.073637446031487,0.00625960968763844,9.396963212296574,-17.082780998313254,12051.726567884823,3.811030959727052e-08,1.5809819702049768,True,7,The solution converged.,4.61565472345779e-18
190.0,30000.0,1.0,-5.048673010418537,0.006417844210562584,9.421798866419556,-17.057835897809113,12354.78685333963,3.9072931534822615e-08,1.5810667591903314,True,7,The solution converged.,9.363608931317748e-18
190.0,30000.0,1.0,-5.023708574805587,0.006580078689633269,9.446634544214186,-17.032890789544997,12665.468382884332,4.0059868489795386e-08,1.5811515482201557,True,7,The solution converged.,2.4362307516045232e-18
190.0,30000.0,1.0,-4.998744139192637,0.006746414238367819,9.471470245673066,-17.007945673523686,12983.96282009188,4.107173464673791e-08,1.5812363372944345,True,7,The solution converged.,5.354123436115256e-18
190.0,30000.0,1.0,-4.973779703579687,0.006916954526297419,9.496305970788805,-16.98300054974796,13310.466648789481,4.210915970437061e-08,1.5813211264131533,True,7,The solution converged.,9.117872303236408e-18
190.0,30000.0,1.0,-4.948815267966737,0.007091805843579725,9.521141719554013,-16.958055418220603,13645.1812942903,4.3172789267474226e-08,1.5814059155762976,True,7,The solution converged.,3.580201872937872e-18
190.0,30000.0,1.0,-4.9238508323537875,0.007271077167244771,9.545977491961297,-16.93311027894439,13988.31324767448,4.426328524867935e-08,1.5814907047838525,True,7,The solution converged.,4.220612584805382e-18
190.0,30000.0,1.0,-4.898886396740838,0.007454880229115496,9.570813288003277,-16.908165131922104,14340.074193196144,4.5381326280403745e-08,1.581575494035803,True,7,The solution converged.,9.543669899052492e-18
190.0,30000.0,1.0,-4.873921961127888,0.007643329585445212,9.595649107672571,-16.88321997715651,14700.68113889456,4.6527608137197115e-08,1.5816602833321354,True,7,The solution converged.,3.3397073980576717e-18
190.0,30000.0,1.0,-4.848957525514938,0.0078365426883154,9.620484950961801,-16.858274814650393,15070.356550490646,4.7702844168752253e-08,1.581745072672834,True,7,The solution converged.,8.724124179509633e-18
190.0,30000.0,1.0,-4.823993089901988,0.008034639958838363,9.645320817863594,-16.83332964440652,15449.328488651043,4.890776574385679e-08,1.5818298620578848,True,7,The solution converged.,1.940291741132851e-18
190.0,30000.0,1.0,-4.799028654289038,0.008237744862210331,9.670156708370577,-16.80838446642766,15837.83074970461,5.0143122705557124e-08,1.5819146514872726,True,7,The solution converged.,7.170028603835102e-18
190.0,30000.0,1.0,-4.774064218676088,0.008445983984661818,9.694992622475382,-16.783439280716596,16236.103009898196,5.140968383782124e-08,1.5819994409609832,True,7,The solution converged.,7.65703819658003e-18
190.0,30000.0,1.0,-4.749099783063138,0.008659487112353174,9.719828560170646,-16.758494087276084,16644.390973280668,5.2708237343990116e-08,1.582084230479002,True,7,The solution converged.,5.0502616409023416e-18
190.0,30000.0,1.0,-4.724135347450188,0.008878387312264506,9.744664521449007,-16.7335488861089,17062.946523306484,5.4039591337312784e-08,1.5821690200413139,True,7,The solution converged.,7.313698821891295e-18
190.0,30000.0,1.0,-4.699170911837238,0.009102821015130404,9.769500506303105,-16.708603677217805,17492.027878252196,5.540457434387535e-08,1.5822538096479046,True,7,The solution converged.,7.97250895055551e-18
190.0,30000.0,1.0,-4.674206476224288,0.009332928100471125,9.79433651472559,-16.68365846060557,17931.899750542278,5.680403581823211e-08,1.5823385992987595,True,7,The solution converged.,7.920588632831209e-18
190.0,30000.0,1.0,-4.649242040611338,0.009568851983773267,9.819172546709106,-16.65871323627496,18382.833510081804,5.8238846672063006e-08,1.582423388993864,True,7,The solution converged.,8.576032641473723e-18
190.0,30000.0,1.0,-4.6242776049983885,0.00981073970587425,9.844008602246307,-16.63376800422873,18845.10735169763,5.970989981618475e-08,1.5825081787332034,True,7,The solution converged.,3.726881752575572e-18
190.0,30000.0,1.0,-4.5993131693854385,0.010058742024606302,9.868844681329847,-16.60882276446965,19319.006466790845,6.121811071625303e-08,1.582592968516763,True,7,The solution converged.,3.451815189238696e-18
190.0,30000.0,1.0,-4.574348733772489,0.010313013508757112,9.893680783952385,-16.583877517000474,19804.82321930656,6.276441796250315e-08,1.5826777583445284,True,7,The solution converged.,1.901138474579643e-18
190.0,30000.0,1.0,-4.549384298159539,0.010573712634405643,9.918516910106584,-16.558932261823966,20302.8573261297,6.434978385388095e-08,1.5827625482164847,True,7,The solution converged.,9.628944046135633e-18
190.0,30000.0,1.0,-4.524419862546589,0.010841001883693226,9.943353059785107,-16.53398699894288,20813.416042018027,6.597519499693133e-08,1.5828473381326178,True,7,The solution converged.,4.764378216063971e-18
190.0,30000.0,1.0,-4.499455426933639,0.01111504784609142,9.96818923298062,-16.509041728359975,21336.81434918666,6.764166291981267e-08,1.5829321280929127,True,7,The solution converged.,6.5362420595422646e-18
190.0,30000.0,1.0,-4.474490991320689,0.011396021322229808,9.9930254296858,-16.484096450078003,21873.375151661017,6.935022470182388e-08,1.5830169180973552,True,7,The solution converged.,2.4522591717440294e-18
190.0,30000.0,1.0,-4.449526555707739,0.01168409743034841,10.017861649893318,-16.459151164099723,22423.42947451786,7.110194361883108e-08,1.5831017081459304,True,7,The solution converged.,3.2992662255689275e-18
190.0,30000.0,1.0,-4.424562120094789,0.011979455715441087,10.042697893595852,-16.43420587042788,22987.31666813786,7.289790980500128e-08,1.583186498238624,True,7,The solution converged.,4.9657446434492345e-18
190.0,30000.0,1.0,-4.399597684481839,0.012282280261157907,10.067534160786083,-16.409260569065236,23565.384617595508,7.473924093124826e-08,1.5832712883754212,True,7,The solution converged.,3.0744854992428852e-18
190.0,30000.0,1.0,-4.374633248868889,0.012592759804536299,10.092370451456697,-16.38431526001453,24157.989957315494,7.662708290081977e-08,1.5833560785563077,True,7,The solution converged.,1.8868555203679577e-18
190.0,30000.0,1.0,-4.349668813255939,0.01291108785363242,10.11720676560038,-16.359369943278523,24765.498291128162,7.856261056245277e-08,1.5834408687812687,True,7,The solution converged.,5.593043410560106e-18
190.0,30000.0,1.0,-4.324704377642989,0.013237462808126103,10.142043103209824,-16.334424618859952,25388.284417859697,8.054702844154599e-08,1.58352565905029,True,7,The solution converged.,3.0063757682402937e-18
190.0,30000.0,1.0,-4.2997399420300395,0.013572088082974535,10.166879464277724,-16.309479286761565,26026.732562596662,8.258157148980001e-08,1.5836104493633567,True,7,The solution converged.,6.7586887621512396e-18
190.0,30000.0,1.0,-4.27477550641709,0.013915172235191722,10.191715848796774,-16.284533946986112,26681.2366137668,8.466750585379466e-08,1.5836952397204547,True,7,The solution converged.,5.767193138952674e-18
190.0,30000.0,1.0,-4.24981107080414,0.014266929093832781,10.216552256759678,-16.259588599536333,27352.20036618357,8.680612966298241e-08,1.5837800301215692,True,7,The solution converged.,5.447830035574411e-18
190.0,30000.0,1.0,-4.22484663519119,0.01462757789326406,10.24138868815914,-16.23464324441497,28040.03777020302,8.899877383758452e-08,1.5838648205666859,True,7,The solution converged.,3.405301980597345e-18
190.0,30000.0,1.0,-4.19988219957824,0.014997343409802136,10.266225142987864,-16.209697881624766,28745.17318714815,9.124680291689642e-08,1.58394961105579,True,7,The solution converged.,4.9378624420742745e-18
190.0,30000.0,1.0,-4.17491776396529,0.015376456101806879,10.291061621238562,-16.18475251116846,29468.04165115729,9.355161590851807e-08,1.5840344015888672,True,7,The solution converged.,8.65761669092764e-18
190.0,30000.0,1.0,-4.14995332835234,0.015765152253315866,10.315898122903949,-16.15980713304879,30209.089137618812,9.591464715903238e-08,1.5841191921659032,True,7,The solution converged.,4.149054740420466e-18
190.0,30000.0,1.0,-4.12498889273939,0.01616367412130969,10.34073464797674,-16.134861747268495,30968.77283835725,9.833736724668263e-08,1.5842039827868832,True,7,The solution converged.,6.41848739655613e-18
190.0,30000.0,1.0,-4.10002445712644,0.016572270086699935,10.365571196449658,-16.10991635383031,31747.561443741386,1.0082128389659492e-07,1.584288773451793,True,7,The solution converged.,5.869788576773883e-18
190.0,30000.0,1.0,-4.07506002151349,0.01699119480913392,10.390407768315422,-16.084970952736974,32545.93543188743,1.0336794291912266e-07,1.5843735641606178,True,7,The solution converged.,9.087907214458586e-18
190.0,30000.0,1.0,-4.05009558590054,0.017420709385712704,10.41524436356676,-16.060025543991213,33364.38736513691,1.0597892917189384e-07,1.5844583549133435,True,7,The solution converged.,8.022528979538438e-18
190.0,30000.0,1.0,-4.02513115028759,0.01786108151372127,10.440080982196404,-16.035080127595766,34203.42219399125,1.0865586754615775e-07,1.5845431457099555,True,7,The solution converged.,9.16679393652386e-18
190.0,30000.0,1.0,-4.0001667146746405,0.018312585657472312,10.464917624197085,-16.01013470355336,35063.55756869098,1.114004239780522e-07,1.5846279365504394,True,7,The solution converged.,4.767866128546662e-18
190.0,30000.0,1.0,-3.9752022790616905,0.01877550321936759,10.489754289561539,-15.985189271866725,35945.32415863216,1.1421430648541076e-07,1.5847127274347808,True,7,The solution converged.,2.4944587600118873e-18
190.0,30000.0,1.0,-3.9502378434487406,0.019250122715283504,10.514590978282506,-15.960243832538591,36849.26597981672,1.1709926623076475e-07,1.584797518362965,True,7,The solution converged.,2.437681214871483e-18
190.0,30000.0,1.0,-3.9252734078357907,0.01973673995439019,10.53942769035273,-15.935298385571686,37775.940730538896,1.200570986111947e-07,1.5848823093349778,True,7,The solution converged.,4.8200275348592844e-18
190.0,30000.0,1.0,-3.900308972222841,0.020235658223516174,10.564264425764955,-15.910352930968735,38725.92013551497,1.230896443757138e-07,1.5849671003508048,True,7,The solution converged.,2.532006977405536e-18
190.0,30000.0,1.0,-3.875344536609891,0.020747188476173524,10.589101184511929,-15.885407468732462,39699.790298668726,1.2619879077087617e-07,1.5850518914104315,True,7,The solution converged.,3.983881083249287e-18
190.0,30000.0,1.0,-3.850380100996941,0.021271649526361326,10.613937966586407,-15.86046199886559,40698.15206479077,1.2938647271532473e-07,1.5851366825138435,True,7,The solution converged.,2.3872963854890436e-18
190.0,30000.0,1.0,-3.825415665383991,0.021809368247268222,10.638774771981144,-15.835516521370844,41721.621390293396,1.3265467400400856e-07,1.5852214736610264,True,7,The solution converged.,7.132330004705596e-18
190.0,30000.0,1.0,-3.800451229771041,0.022360679774997897,10.663611600688897,-15.810571036250943,42770.82972329199,1.360054285428199e-07,1.585306264851966,True,7,The solution converged.,3.527646997248035e-18
190.0,30000.0,1.0,-3.775486794158091,0.02292592771744448,10.68844845270243,-15.785625543508607,43846.42439324569,1.3944082161441946e-07,1.5853910560866475,True,7,The solution converged.,9.412927226157065e-18
190.0,30000.0,1.0,-3.7505223585451413,0.02350546436844801,10.713285328014505,-15.760680043146554,44949.06901039882,1.42962991176036e-07,1.5854758473650572,True,7,The solution converged.,2.642861923528048e-18
190.0,30000.0,1.0,-3.7255579229321913,0.024099650927363474,10.738122226617895,-15.7357345351675,46079.44387526933,1.46574129190051e-07,1.5855606386871801,True,7,The solution converged.,1.748695171016281e-18
190.0,30000.0,1.0,-3.7005934873192414,0.024708857724180293,10.762959148505367,-15.710789019574165,47238.2463984364,1.5027648298819344e-07,1.5856454300530018,True,7,The solution converged.,8.732885623293896e-18
190.0,30000.0,1.0,-3.6756290517062915,0.025333464450332452,10.787796093669698,-15.68584349636926,48426.19153088771,1.540723566701965e-07,1.5857302214625086,True,7,The solution converged.,2.2027339470015547e-18
190.0,30000.0,1.0,-3.6506646160933416,0.02597386039534327,10.812633062103666,-15.6608979655555,49644.012205190105,1.5796411253778472e-07,1.5858150129156856,True,7,The solution converged.,1.6587532620406543e-18
190.0,30000.0,1.0,-3.6257001804803917,0.02663044468945219,10.837470053800052,-15.6359524271356,50892.45978775745,1.6195417256488417e-07,1.5858998044125185,True,7,The solution converged.,1.6069969736030778e-18
190.0,30000.0,1.0,-3.6007357448674417,0.02730362655237486,10.86230706875164,-15.611006881112264,52172.30454249408,1.6604501990497346e-07,1.585984595952993,True,7,The solution converged.,5.941499575641521e-18
190.0,30000.0,1.0,-3.575771309254492,0.027993825548351548,10.887144106951217,-15.586061327488206,53484.33610609997,1.7023920043650814e-07,1.586069387537095,True,7,The solution converged.,1.7691149241952923e-18
190.0,30000.0,1.0,-3.550806873641542,0.028701471847642813,10.911981168391575,-15.561115766266136,54829.36397533152,1.7453932434738725e-07,1.5861541791648097,True,7,The solution converged.,9.428020577614405e-18
190.0,30000.0,1.0,-3.525842438028592,0.029427006494635453,10.936818253065507,-15.536170197448758,56208.218006517556,1.789480677594433e-07,1.5862389708361233,True,7,The solution converged.,8.48694619975345e-18
190.0,30000.0,1.0,-3.500878002415642,0.030170881682725817,10.96165536096581,-15.511224621038778,57621.74892764039,1.834681743939677e-07,1.5863237625510214,True,7,The solution converged.,3.561421065193363e-18
190.0,30000.0,1.0,-3.475913566802692,0.030933561036151764,10.986492492085285,-15.486279037038903,59070.8288632963,1.8810245727930884e-07,1.5864085543094892,True,7,The solution converged.,7.158690792815808e-18
190.0,30000.0,1.0,-3.4509491311897422,0.031715519898949,11.011329646416733,-15.461333445451835,60556.35187286099,1.9285380050160722e-07,1.586493346111513,True,7,The solution converged.,7.96501366925136e-18
190.0,30000.0,1.0,-3.4259846955767923,0.03251724563121182,11.036166823952964,-15.436387846280276,62079.23450219088,1.9772516099975341e-07,1.5865781379570782,True,7,The solution converged.,2.883567204373422e-18
190.0,30000.0,1.0,-3.4010202599638424,0.033339237912842906,11.061004024686786,-15.411442239526927,63640.416349201354,2.0271957040568908e-07,1.5866629298461705,True,7,The solution converged.,5.340083750137455e-18
190.0,30000.0,1.0,-3.3760558243508925,0.03418200905498155,11.085841248611015,-15.38649662519449,65240.86064367119,2.0784013693119592e-07,1.5867477217787758,True,7,The solution converged.,4.730768999863615e-18
190.0,30000.0,1.0,-3.3510913887379425,0.03504608431930435,11.110678495718462,-15.361551003285658,66881.55484163006,2.1309004730234663e-07,1.5868325137548795,True,7,The solution converged.,6.827752941627625e-18
190.0,30000.0,1.0,-3.3261269531249926,0.03593200224539737,11.135515766001948,-15.336605373803133,68563.51123469764,2.184725687428202e-07,1.5869173057744677,True,7,The solution converged.,9.342616770611417e-18
190.0,30000.0,1.0,-3.3011625175120427,0.03684031498640387,11.160353059454298,-15.311659736749611,70287.76757474865,2.2399105100731898e-07,1.587002097837526,True,7,The solution converged.,2.2912747702936377e-18
190.0,30000.0,1.0,-3.2761980818990923,0.03777158865315674,11.185190376068336,-15.286714092127783,72055.38771428981,2.2964892846635347e-07,1.58708688994404,True,7,The solution converged.,8.805663399466162e-18
190.0,30000.0,1.0,-3.2512336462861424,0.03872640366701012,11.21002771583689,-15.261768439940345,73867.46226294491,2.3544972224368424e-07,1.5871716820939958,True,7,The solution converged.,2.7031490169994042e-18
190.0,30000.0,1.0,-3.2262692106731925,0.03970535512159018,11.234865078752794,-15.236822780189991,75725.10926045208,2.413970424077657e-07,1.5872564742873787,True,7,The solution converged.,7.178963319791533e-18
190.0,30000.0,1.0,-3.2013047750602426,0.04070905315369045,11.259702464808882,-15.211877112879408,77629.47486658893,2.4749459021854236e-07,1.5873412665241748,True,7,The solution converged.,5.2633922441772455e-18
190.0,30000.0,1.0,-3.1763403394472927,0.04173812332354285,11.284539873997991,-15.186931438011289,79581.73406845116,2.5374616043100213e-07,1.5874260588043698,True,7,The solution converged.,4.180806585409132e-18
190.0,30000.0,1.0,-3.1513759038343427,0.04279320700470149,11.309377306312966,-15.16198575558832,81583.09140552237,2.6015564365692105e-07,1.5875108511279494,True,7,The solution converged.,3.637950869905116e-18
190.0,30000.0,1.0,-3.126411468221393,0.04387496178378224,11.334214761746647,-15.13704006561319,83634.78171297988,2.6672702878626625e-07,1.5875956434948995,True,7,The solution converged.,3.401949741679805e-18
190.0,30000.0,1.0,-3.101447032608443,0.04498406187030712,11.359052240291888,-15.112094368088584,85738.07088369923,2.7346440546976654e-07,1.5876804359052057,True,7,The solution converged.,3.3203326402697626e-18
190.0,30000.0,1.0,-3.076482596995493,0.04612119851690905,11.383889741941534,-15.087148663017189,87894.25664942282,2.8037196666419506e-07,1.587765228358854,True,7,The solution converged.,3.681072247402416e-18
190.0,30000.0,1.0,-3.051518161382543,0.04728708045015881,11.408727266688441,-15.062202950401685,90104.6693815801,2.874540112419485e-07,1.58785002085583,True,7,The solution converged.,4.97351051387911e-18
190.0,30000.0,1.0,-3.026553725769593,0.048482434312282656,11.433564814525468,-15.037257230244757,92370.67291224915,2.9471494666654565e-07,1.5879348133961195,True,7,The solution converged.,7.905263801696845e-18
190.0,30000.0,1.0,-3.001589290156643,0.04970800511404608,11.458402385445474,-15.012311502549085,94693.66537576822,3.021592917357125e-07,1.5880196059797087,True,7,The solution converged.,5.329961217234907e-18
190.0,30000.0,1.0,-2.9766248545436933,0.050964556699085777,11.483239979441324,-14.987365767317348,97075.08007151734,3.0979167939376156e-07,1.588104398606583,True,7,The solution converged.,6.66199180520087e-18
190.0,30000.0,1.0,-2.9516604189307434,0.05225287221997933,11.508077596505881,-14.962420024552227,99516.3863484006,3.1761685961501e-07,1.5881891912767285,True,7,The solution converged.,4.8187943368020634e-18
190.0,30000.0,1.0,-2.9266959833177935,0.0535737546263493,11.53291523663202,-14.937474274256399,102019.09051157751,3.256397023600424e-07,1.588273983990131,True,7,The solution converged.,1.5387501453454823e-18
190.0,30000.0,1.0,-2.9017315477048435,0.054928027165305905,11.557752899812611,-14.912528516432538,104584.73675199962,3.3386520060664787e-07,1.588358776746776,True,7,The solution converged.,7.034864502321065e-18
190.0,30000.0,1.0,-2.8767671120918936,0.05631653389454026,11.58259058604053,-14.88758275108332,107214.90809932962,3.422984734573194e-07,1.5884435695466497,True,7,The solution converged.,6.977443509279316e-18
190.0,30000.0,1.0,-2.8518026764789437,0.0577401402083879,11.607428295308656,-14.862636978211418,109911.22739882933,3.509447693252579e-07,1.588528362389738,True,7,The solution converged.,3.8832623033538434e-18
190.0,30000.0,1.0,-2.826838240865994,0.05919973337719046,11.632266027609875,-14.837691197819508,112675.35831281905,3.598094692008501e-07,1.5886131552760263,True,7,The solution converged.,8.017539137546721e-18
190.0,30000.0,1.0,-2.801873805253044,0.06069622310029174,11.657103782937067,-14.812745409910256,115509.00634732685,3.6889809000067184e-07,1.588697948205501,True,7,The solution converged.,6.353407960873269e-18
190.0,30000.0,1.0,-2.776909369640094,0.06223054207301277,11.681941561283127,-14.787799614486335,118413.91990456331,3.782162880010778e-07,1.5887827411781479,True,7,The solution converged.,1.8809131395642248e-18
190.0,30000.0,1.0,-2.751944934027144,0.06380364656795916,11.70677936264094,-14.762853811550414,121391.89136186655,3.877698623585363e-07,1.5888675341939524,True,7,The solution converged.,5.770158678386589e-18
190.0,30000.0,1.0,-2.726980498414194,0.0654165170310232,11.731617187003406,-14.73790800110516,124444.75817778996,3.9756475871888985e-07,1.588952327252901,True,7,The solution converged.,5.393659217859054e-18
190.0,30000.0,1.0,-2.702016062801244,0.06707015869245214,11.756455034363423,-14.712962183153238,127574.4040260089,4.0760707291778656e-07,1.5890371203549791,True,7,The solution converged.,4.593264594726966e-18
190.0,30000.0,1.0,-2.6770516271882943,0.06876560219336322,11.78129290471389,-14.688016357697316,130782.75995775036,4.179030547745894e-07,1.5891219135001728,True,7,The solution converged.,6.964980009244707e-18
190.0,30000.0,1.0,-2.6520871915753443,0.07050390422809653,11.806130798047711,-14.663070524740055,134071.80559346196,4.28459111982129e-07,1.589206706688468,True,7,The solution converged.,8.907701844042841e-18
190.0,30000.0,1.0,-2.6271227559623944,0.07228614820280532,11.830968714357796,-14.638124684284119,137443.57034445577,4.3928181409470497e-07,1.5892914999198509,True,7,The solution converged.,6.721983052253377e-18
190.0,30000.0,1.0,-2.6021583203494445,0.0741134449106948,11.855806653637055,-14.61317883633217,140900.13466527927,4.5037789661683764e-07,1.589376293194307,True,7,The solution converged.,4.759234259764388e-18
190.0,30000.0,1.0,-2.5771938847364946,0.07598693322433003,11.8806446158784,-14.588232980886865,144443.6313375896,4.6175426519530476e-07,1.5894610865118222,True,7,The solution converged.,8.267511076717297e-18
190.0,30000.0,1.0,-2.5522294491235447,0.07790778080544443,11.905482601074748,-14.563287117950868,148076.24678632183,4.734179999170669e-07,1.5895458798723827,True,7,The solution converged.,5.742293200923782e-18
190.0,30000.0,1.0,-2.5272650135105947,0.07987718483269123,11.93032060921902,-14.538341247526832,151800.22242896163,4.853763597157752e-07,1.5896306732759744,True,7,The solution converged.,2.841031020363381e-18
190.0,30000.0,1.0,-2.502300577897645,0.08189637274779156,11.95515864030414,-14.513395369617417,155617.85605875988,4.97636786889578e-07,1.589715466722583,True,7,The solution converged.,4.9348705498733776e-18
190.0,30000.0,1.0,-2.477336142284695,0.08396660302054416,11.979996694323033,-14.488449484225276,159531.5032627378,5.102069117330656e-07,1.5898002602121948,True,7,The solution converged.,1.784452750376583e-18
190.0,30000.0,1.0,-2.452371706671745,0.0860891659331735,12.004834771268627,-14.463503591353065,163543.57887536084,5.23094557286213e-07,1.5898850537447953,True,7,The solution converged.,7.175576526198107e-18
190.0,30000.0,1.0,-2.427407271058795,0.08826538438450515,12.029672871133856,-14.438557691003435,167656.55846877943,5.363077442032948e-07,1.589969847320371,True,7,The solution converged.,3.507334968205792e-18
190.0,30000.0,1.0,-2.402442835445845,0.09049661471446961,12.054510993911656,-14.413611783179041,171872.97988055163,5.498546957447839e-07,1.5900546409389074,True,7,The solution converged.,4.827529401206984e-18
190.0,30000.0,1.0,-2.377478399832895,0.09278424754944857,12.079349139594964,-14.388665867882528,176195.44477979676,5.637438428953667e-07,1.5901394346003908,True,7,The solution converged.,2.337142305745743e-18
190.0,30000.0,1.0,-2.3525139642199453,0.09512970866899027,12.104187308176723,-14.36371994511655,180626.62027274215,5.779838296112248e-07,1.590224228304807,True,7,The solution converged.,2.2333964980819765e-18
190.0,30000.0,1.0,-2.3275495286069954,0.09753445989443438,12.129025499649877,-14.338774014883754,185169.2405486554,5.925835181998898e-07,1.5903090220521419,True,7,The solution converged.,3.8718896227238505e-18
190.0,30000.0,1.0,-2.3025850929940455,0.10000000000000002,12.153863714007375,-14.313828077186784,189826.1085671787,6.075519948359865e-07,1.5903938158423816,True,7,The solution converged.,6.826684341652246e-18
190.0,30000.0,1.0,-2.2776206573810955,0.10252786564690491,12.178701951242168,-14.28888213202829,194600.09778810592,6.228985752163112e-07,1.5904786096755124,True,7,The solution converged.,2.0846992303611115e-18
190.0,30000.0,1.0,-2.2526562217681456,0.10511963234109784,12.203540211347208,-14.263936179410912,199494.1539446698,6.386328103577722e-07,1.5905634035515197,True,7,The solution converged.,5.9721758743878075e-18
190.0,30000.0,1.0,-2.2276917861551957,0.10777691541520117,12.228378494315455,-14.238990219337296,204511.29686143505,6.547644925417821e-07,1.59064819747039,True,7,The solution converged.,1.9519980012061613e-18
190.0,30000.0,1.0,-2.2027273505422458,0.11050137103527578,12.253216800139867,-14.214044251810083,209654.62231791718,6.713036614088209e-07,1.5907329914321091,True,7,The solution converged.,6.46564651963861e-18
190.0,30000.0,1.0,-2.177762914929296,0.11329469723303544,12.278055128813408,-14.189098276831913,214927.30395908022,6.88260610206952e-07,1.5908177854366632,True,7,The solution converged.,3.998241219252349e-18
190.0,30000.0,1.0,-2.152798479316346,0.11615863496415425,12.302893480329045,-14.164152294405428,220332.59525389023,7.056458921981811e-07,1.5909025794840381,True,7,The solution converged.,3.0593935030824976e-18
190.0,30000.0,1.0,-2.127834043703396,0.11909496919332677,12.32773185467975,-14.139206304533264,225873.83150313393,7.234703272266524e-07,1.59098737357422,True,7,The solution converged.,4.711887437499116e-18
190.0,30000.0,1.0,-2.102869608090446,0.12210553000675683,12.35257025185849,-14.114260307218059,231554.43189774096,7.417450084527623e-07,1.5910721677071948,True,7,The solution converged.,1.826082934769007e-18
190.0,30000.0,1.0,-2.077905172477496,0.1251921937527688,12.377408671858245,-14.089314302462448,237377.90162888507,7.604813092573844e-07,1.5911569618829486,True,7,The solution converged.,3.93890709688127e-18
190.0,30000.0,1.0,-2.0529407368645463,0.12835688421125166,12.40224711467199,-14.064368290269067,243347.8340511575,7.796908903205045e-07,1.5912417561014676,True,7,The solution converged.,4.440365880526069e-18
190.0,30000.0,1.0,-2.0279763012515963,0.13160157379266538,12.427085580292713,-14.039422270640548,249467.9129001587,7.993857068786753e-07,1.5913265503627376,True,7,The solution converged.,5.298921320800775e-18
190.0,30000.0,1.0,-2.0030118656386464,0.13492828476735635,12.451924068713394,-14.014476243579525,255741.9145658641,8.195780161657929e-07,1.5914113446667448,True,7,The solution converged.,8.382260363131524e-18
190.0,30000.0,1.0,-1.9780474300256965,0.13833909052594837,12.476762579927023,-13.989530209088628,262173.71042318305,8.40280385041848e-07,1.5914961390134754,True,7,The solution converged.,7.899963063068134e-18
190.0,30000.0,1.0,-1.9530829944127466,0.14183611687159448,12.50160111392659,-13.964584167170488,268767.2692211337,8.615056978143818e-07,1.5915809334029154,True,7,The solution converged.,6.116288325265729e-18
190.0,30000.0,1.0,-1.9281185587997967,0.1454215433448954,12.526439670705091,-13.93963811782773,275526.65953212,8.832671642575283e-07,1.5916657278350508,True,7,The solution converged.,6.345512039207458e-18
190.0,30000.0,1.0,-1.9031541231868467,0.14909760458230992,12.551278250255521,-13.914692061062986,282456.052262814,9.055783278336145e-07,1.5917505223098678,True,7,The solution converged.,2.8106490847018476e-18
190.0,30000.0,1.0,-1.8781896875738968,0.1528665917089042,12.576116852570882,-13.889745996878881,289559.7232282035,9.284530741224673e-07,1.5918353168273522,True,7,The solution converged.,6.97954462546849e-18
190.0,30000.0,1.0,-1.853225251960947,0.15673085376630796,12.600955477644177,-13.864799925278039,296842.0557903811,9.519056394636436e-07,1.5919201113874906,True,7,The solution converged.,6.092727657946611e-18
190.0,30000.0,1.0,-1.828260816347997,0.1606927991767672,12.625794125468413,-13.839853846263084,304307.5435637142,9.759506198169726e-07,1.5920049059902688,True,7,The solution converged.,3.671366002897812e-18
190.0,30000.0,1.0,-1.803296380735047,0.16475489724420658,12.650632796036598,-13.814907759836638,311960.7931880598,1.000602979846939e-06,1.592089700635673,True,7,The solution converged.,3.780438705154473e-18
190.0,30000.0,1.0,-1.7783319451220971,0.16891967969323635,12.675471489341747,-13.789961666001325,319806.5271717396,1.0258780622365319e-06,1.5921744953236892,True,7,The solution converged.,2.1737277219464e-18
190.0,30000.0,1.0,-1.7533675095091472,0.17318974224706346,12.700310205376873,-13.765015564759763,327849.5868060228,1.0517915972363962e-06,1.5922592900543036,True,7,The solution converged.,3.0532794974154403e-18
190.0,30000.0,1.0,-1.7284030738961973,0.1775677462452901,12.725148944134997,-13.74006945611457,336094.9351529295,1.0783597124551867e-06,1.5923440848275023,True,7,The solution converged.,3.229871292961988e-18
190.0,30000.0,1.0,-1.7034386382832474,0.18205642030260805,12.749987705609138,-13.715123340068367,344547.66010818013,1.1055989428972504e-06,1.5924288796432715,True,7,The solution converged.,7.187839837497962e-18
190.0,30000.0,1.0,-1.6784742026702975,0.18665856200942246,12.774826489792325,-13.69017721662377,353212.9775412007,1.133526241253874e-06,1.5925136745015975,True,7,The solution converged.,3.3918850173302503e-18
190.0,30000.0,1.0,-1.6535097670573475,0.19137703967546532,12.799665296677581,-13.665231085783391,362096.23451410444,1.162158988454507e-06,1.5925984694024662,True,7,The solution converged.,5.755297130514899e-18
190.0,30000.0,1.0,-1.6285453314443976,0.19621479411748496,12.824504126257942,-13.64028494754985,371202.9125816541,1.1915150044845013e-06,1.592683264345864,True,7,The solution converged.,3.144274043557599e-18
190.0,30000.0,1.0,-1.6035808958314477,0.20117484049212603,12.849342978526439,-13.615338801925754,380538.63117422303,1.221612559476155e-06,1.5927680593317766,True,7,The solution converged.,9.491264801532554e-18
190.0,30000.0,1.0,-1.5786164602184978,0.2062602701751422,12.874181853476108,-13.59039264891372,390109.1510658608,1.2524703850798952e-06,1.5928528543601908,True,7,The solution converged.,5.853414027671316e-18
190.0,30000.0,1.0,-1.5536520246055479,0.21147425268811285,12.899020751099991,-13.565446488516356,399920.37792959326,1.284107686122752e-06,1.5929376494310923,True,7,The solution converged.,7.118973373941878e-18
190.0,30000.0,1.0,-1.528687588992598,0.21682003767386449,12.923859671391133,-13.540500320736271,409978.3659821527,1.3165441525613002e-06,1.5930224445444676,True,7,The solution converged.,3.09128508836632e-18
190.0,30000.0,1.0,-1.503723153379648,0.22230095692182836,12.948698614342575,-13.515554145576074,420289.3217203893,1.3497999717365805e-06,1.5931072397003025,True,7,The solution converged.,8.554692407926272e-18
190.0,30000.0,1.0,-1.478758717766698,0.22792042644459612,12.97353757994737,-13.490607963038373,430859.6077516769,1.3838958409385783e-06,1.5931920348985837,True,7,The solution converged.,5.581297415440122e-18
190.0,30000.0,1.0,-1.4537942821537482,0.2336819486069682,12.998376568198571,-13.465661773125774,441695.74672066147,1.4188529802881168e-06,1.5932768301392972,True,7,The solution converged.,1.5929184726167791e-18
190.0,30000.0,1.0,-1.4288298465407983,0.23958911430882168,13.023215579089232,-13.44071557584088,452804.42533479043,1.4546931459441466e-06,1.593361625422429,True,7,The solution converged.,3.7182583091872604e-18
190.0,30000.0,1.0,-1.4038654109278483,0.2456456052231581,13.04805461261241,-13.415769371186295,464192.49849110126,1.4914386436446775e-06,1.5934464207479655,True,7,The solution converged.,3.0426746535608276e-18
190.0,30000.0,1.0,-1.3789009753148984,0.25185519609072593,13.072893668761168,-13.390823159164624,475866.9935068218,1.529112342589775e-06,1.5935312161158928,True,7,The solution converged.,7.396419722928367e-18
190.0,30000.0,1.0,-1.3539365397019485,0.25822175707264833,13.097732747528568,-13.365876939778463,487835.1144563797,1.5677376896752702e-06,1.5936160115261973,True,7,The solution converged.,8.435144244386299e-18
190.0,30000.0,1.0,-1.3289721040889986,0.26474925616252204,13.122571848907683,-13.340930713030417,500104.2466175239,1.6073387240860015e-06,1.5937008069788652,True,7,The solution converged.,6.1439633929315184e-18
190.0,30000.0,1.0,-1.3040076684760487,0.2714417616594907,13.147410972891576,-13.315984478923081,512681.96102926467,1.647940092257752e-06,1.5937856024738826,True,7,The solution converged.,8.947833747994466e-18
190.0,30000.0,1.0,-1.2790432328630983,0.2783034447038345,13.172250119473327,-13.291038237459055,525576.019164494,1.6895670632170947e-06,1.5938703980112359,True,7,The solution converged.,9.027799208185098e-18
190.0,30000.0,1.0,-1.2540787972501484,0.28533858187665573,13.197089288646008,-13.266091988640936,538794.3777201185,1.7322455443087898e-06,1.5939551935909113,True,7,The solution converged.,7.223523176714782e-18
190.0,30000.0,1.0,-1.2291143616371984,0.29255155786528125,13.221928480402703,-13.241145732471317,552345.193527708,1.776002097320449e-06,1.5940399892128951,True,7,The solution converged.,4.311193013997458e-18
190.0,30000.0,1.0,-1.2041499260242485,0.2999468681960428,13.24676769473649,-13.21619946895279,566236.8285876545,1.8208639550145501e-06,1.5941247848771736,True,7,The solution converged.,1.7159977468082257e-18
190.0,30000.0,1.0,-1.1791854904112986,0.3075291220361377,13.271606931640457,-13.191253198087955,580477.8552299746,1.866859038078052e-06,1.5942095805837326,True,7,The solution converged.,8.542050911626179e-18
190.0,30000.0,1.0,-1.1542210547983487,0.31530304506631746,13.296446191107693,-13.166306919879398,595077.0614049278,1.914015972500219e-06,1.5942943763325592,True,7,The solution converged.,2.274404604546669e-18
190.0,30000.0,1.0,-1.1292566191853988,0.3232734824261939,13.321285473131288,-13.14136063432971,610043.4561067171,1.9623641073894064e-06,1.5943791721236389,True,7,The solution converged.,9.022821826463219e-18
190.0,30000.0,1.0,-1.1042921835724488,0.33144540173399883,13.346124777704338,-13.116414341441482,625386.2749336247,2.0119335332399167e-06,1.5944639679569585,True,7,The solution converged.,6.3403067268538206e-18
190.0,30000.0,1.0,-1.079327747959499,0.3398238961826785,13.37096410481994,-13.0914680412173,641114.9857880122,2.0627551006603496e-06,1.5945487638325042,True,7,The solution converged.,4.7192832946260394e-18
190.0,30000.0,1.0,-1.054363312346549,0.3484141877142542,13.395803454471196,-13.066521733659753,657239.2947197022,2.114860439575002e-06,1.594633559750262,True,7,The solution converged.,6.5827153246571246e-18
190.0,30000.0,1.0,-1.029398876733599,0.35722163027442555,13.420642826651207,-13.041575418771428,673769.1519163498,2.1682819789103602e-06,1.5947183557102187,True,7,The solution converged.,6.524431515628708e-18
190.0,30000.0,1.0,-1.0044344411206492,0.3662517131494464,13.445482221353082,-13.016629096554905,690714.7578445048,2.2230529667789122e-06,1.5948031517123602,True,7,The solution converged.,7.535528519685138e-18
190.0,30000.0,1.0,-0.9794700055076992,0.37551006438735185,13.47032163856993,-12.99168276701277,708086.5695451471,2.2792074911727785e-06,1.594887947756673,True,7,The solution converged.,4.552489707071525e-18
190.0,30000.0,1.0,-0.9545055698947493,0.3850024543056702,13.495161078294863,-12.966736430147607,725895.3070875899,2.3367805011801687e-06,1.5949727438431434,True,7,The solution converged.,9.007403808117527e-18
190.0,30000.0,1.0,-0.9295411342817994,0.39473479908780396,13.520000540520998,-12.941790085961994,744151.9601857283,2.395807828737752e-06,1.5950575399717577,True,7,The solution converged.,8.54315351197766e-18
190.0,30000.0,1.0,-0.9045766986688495,0.40471316447032357,13.544840025241454,-12.916843734458512,762867.794980724,2.4563262109325304e-06,1.5951423361425023,True,7,The solution converged.,6.564307725531305e-18
190.0,30000.0,1.0,-0.8796122630558996,0.4149437695234706,13.569679532449351,-12.89189737563974,782054.360994302,2.518373312867107e-06,1.5952271323553635,True,7,The solution converged.,7.408970573927848e-18
190.0,30000.0,1.0,-0.8546478274429496,0.42543299052722666,13.594519062137815,-12.866951009508256,801723.4982569655,2.581987751102562e-06,1.5953119286103277,True,7,The solution converged.,6.944641392304333e-18
190.0,30000.0,1.0,-0.8296833918299997,0.43618736494536453,13.619358614299973,-12.842004636066635,821887.3446155161,2.6472091176935296e-06,1.5953967249073813,True,7,The solution converged.,1.7826354112155602e-18
190.0,30000.0,1.0,-0.8047189562170498,0.4472135954999581,13.644198188928955,-12.817058255317454,842558.3432243984,2.7140780048304364e-06,1.5954815212465103,True,7,The solution converged.,4.5770463143164426e-18
190.0,30000.0,1.0,-0.7797545206040999,0.4585185543488898,13.669037786017896,-12.792111867263285,863749.2502254882,2.7826360301042506e-06,1.5955663176277015,True,7,The solution converged.,4.358726649473543e-18
190.0,30000.0,1.0,-0.75479008499115,0.4701092873689603,13.693877405559933,-12.7671654719067,885473.1426210735,2.852925862409459e-06,1.595651114050941,True,7,The solution converged.,5.650185394397148e-18
190.0,30000.0,1.0,-0.7298256493782,0.48199301854726967,13.718717047548205,-12.742219069250275,907743.4263448681,2.924991248501366e-06,1.5957359105162154,True,7,The solution converged.,5.984521126988649e-18
190.0,30000.0,1.0,-0.7048612137652501,0.494177154483606,13.743556711975854,-12.717272659296578,930573.844536067,2.9988770402243324e-06,1.595820707023511,True,7,The solution converged.,3.1661069011617595e-18
190.0,30000.0,1.0,-0.6798967781523002,0.5066692890066492,13.768396398836028,-12.692326242048177,953978.486021535,3.07462922242779e-06,1.5959055035728142,True,7,The solution converged.,2.331956837666976e-18
190.0,30000.0,1.0,-0.6549323425393503,0.5194772079068656,13.793236108121873,-12.66737981750764,977971.7940113549,3.1522949415874746e-06,1.5959903001641114,True,7,The solution converged.,2.167129129646403e-18
190.0,30000.0,1.0,-0.6299679069264004,0.532608893789044,13.818075839826541,-12.642433385677538,1002568.5750131347,3.231922535149687e-06,1.5960750967973887,True,7,The solution converged.,8.166582632418419e-18
190.0,30000.0,1.0,-0.6050034713134504,0.5460725310474974,13.84291559394319,-12.617486946560433,1027784.0079705395,3.3135615616168476e-06,1.596159893472633,True,7,The solution converged.,2.8427601213196542e-18
190.0,30000.0,1.0,-0.5800390357005005,0.5598765109670312,13.867755370464971,-12.59254050015889,1053633.6536317081,3.397262831393027e-06,1.5962446901898304,True,7,The solution converged.,9.049693954837812e-18
190.0,30000.0,1.0,-0.5550746000875506,0.5740294369528565,13.89259516938505,-12.567594046475474,1080133.4641533513,3.48307843840871e-06,1.5963294869489675,True,7,The solution converged.,9.649769374141112e-18
190.0,30000.0,1.0,-0.5301101644746007,0.5885401298927092,13.91743499069659,-12.542647585512746,1107299.7929464243,3.571061792544464e-06,1.5964142837500308,True,7,The solution converged.,3.1840961368812903e-18
190.0,30000.0,1.0,-0.5051457288616508,0.6034176336545165,13.942274834392757,-12.517701117273269,1135149.4047694802,3.6612676528736585e-06,1.5964990805930064,True,7,The solution converged.,4.850940387858022e-18
190.0,30000.0,1.0,-0.48018129324870085,0.6186712207230355,13.967114700466718,-12.4927546417596,1163699.4860759221,3.7537521617449748e-06,1.5965838774778809,True,7,The solution converged.,6.771434217530085e-18
190.0,30000.0,1.0,-0.4552168576357509,0.6343103979789803,13.991954588911648,-12.4678081589743,1192967.655621558,3.8485728797258575e-06,1.5966686744046408,True,7,The solution converged.,8.25395515243687e-18
190.0,30000.0,1.0,-0.430252422022801,0.6503449126242365,14.016794499720723,-12.442861668919926,1222971.9753389712,3.945788821428762e-06,1.5967534713732725,True,7,The solution converged.,9.092885368135928e-18
190.0,30000.0,1.0,-0.4052879864098511,0.6667847582568583,14.04163443288712,-12.417915171599036,1253730.9614854592,4.045460492242364e-06,1.5968382683837625,True,7,The solution converged.,9.461847968570427e-18
190.0,30000.0,1.0,-0.38032355079690117,0.6836401810996313,14.06647438840402,-12.392968667014182,1285263.5960713893,4.147649925990728e-06,1.5969230654360973,True,7,The solution converged.,9.748257362081179e-18
190.0,30000.0,1.0,-0.35535911518395125,0.7009216863860872,14.091314366264607,-12.368022155167923,1317589.33857606,4.2524207235437325e-06,1.5970078625302635,True,7,The solution converged.,3.2019116746750883e-18
190.0,30000.0,1.0,-0.3303946795710013,0.7186400449079476,14.116154366462071,-12.343075636062807,1350728.1379582633,4.359838092402962e-06,1.5970926596662471,True,7,The solution converged.,4.3649478237263054e-18
190.0,30000.0,1.0,-0.3054302439580514,0.7368062997280775,14.1409943889896,-12.318129109701388,1384700.4449689789,4.469968887287493e-06,1.597177456844035,True,7,The solution converged.,8.390224485347956e-18
190.0,30000.0,1.0,-0.2804658083451015,0.7554317730631347,14.165834433840388,-12.293182576086217,1419527.2247738172,4.582881651745054e-06,1.5972622540636134,True,7,The solution converged.,7.880375545305607e-18
190.0,30000.0,1.0,-0.25550137273215157,0.7745280733402022,14.190674501007631,-12.268236035219845,1455229.969892977,4.698646660814261e-06,1.5973470513249692,True,7,The solution converged.,4.065670440188621e-18
190.0,30000.0,1.0,-0.23053693711920165,0.7941071024318036,14.215514590484528,-12.243289487104816,1491830.7134667078,4.817335964764685e-06,1.5974318486280885,True,7,The solution converged.,6.274510364811096e-18
190.0,30000.0,1.0,-0.20557250150625173,0.814181063073809,14.24035470226428,-12.218342931743681,1529352.0428544933,4.939023433941731e-06,1.597516645972958,True,7,The solution converged.,9.226294410030282e-18
190.0,30000.0,1.0,-0.1806080658933018,0.8347624664708568,14.265194836340095,-12.193396369138984,1567817.113576313,5.063784804744516e-06,1.5976014433595642,True,7,The solution converged.,5.791120365748615e-18
190.0,30000.0,1.0,-0.15564363028035189,0.8558641400940297,14.290034992705179,-12.168449799293272,1607249.6636046125,5.191697726765123e-06,1.5976862407878936,True,7,The solution converged.,7.189546360679842e-18
190.0,30000.0,1.0,-0.13067919466740197,0.8774992356756446,14.314875171352742,-12.143503222209088,1647674.0280158005,5.322841811118761e-06,1.5977710382579327,True,7,The solution converged.,7.664757160445212e-18
190.0,30000.0,1.0,-0.10571475905445205,0.8996812374061423,14.339715372276,-12.118556637888972,1689115.1540103138,5.457298679994762e-06,1.597855835769668,True,7,The solution converged.,9.476845318549619e-18
190.0,30000.0,1.0,-0.08075032344150213,0.922423970338181,14.36455559546817,-12.093610046335469,1731598.616310521,5.595152017459347e-06,1.5979406333230861,True,7,The solution converged.,7.665216138812987e-18
190.0,30000.0,1.0,-0.055785887828552205,0.945741609003176,14.389395840922468,-12.068663447551119,1775150.632945964,5.736487621541793e-06,1.5980254309181736,True,7,The solution converged.,6.829226804405101e-18
190.0,30000.0,1.0,-0.030821452215602285,0.9696486862456529,14.414236108632123,-12.043716841538458,1819798.081435725,5.881393457636367e-06,1.598110228554917,True,7,The solution converged.,7.093108705110545e-18
190.0,30000.0,1.0,-0.005857016602652365,0.9941601022809214,14.439076398590354,-12.018770228300026,1865568.5153778086,6.029959713253258e-06,1.5981950262333027,True,7,The solution converged.,6.829815801989306e-18
190.0,30000.0,1.0,0.019107419010297555,1.0192911339817154,14.463916710790393,-11.993823607838362,1912490.1814559218,6.1822788541526445e-06,1.5982798239533174,True,7,The solution converged.,9.261559900260198e-18
190.0,30000.0,1.0,0.044071854623247475,1.0450574443995866,14.488757045225471,-11.968876980155997,1960592.036874009,6.338445681896876e-06,1.5983646217149476,True,7,The solution converged.,9.932633561205299e-18
190.0,30000.0,1.0,0.0690362902361974,1.0714750925269858,14.513597401888823,-11.94393034525547,2009903.7672294073,6.498557392856368e-06,1.5984494195181802,True,7,The solution converged.,5.148689138377347e-18
190.0,30000.0,1.0,0.09400072584914732,1.098560543306118,14.538437780773688,-11.918983703139311,2060455.8048355964,6.662713638706293e-06,1.5985342173630013,True,7,The solution converged.,6.445767445085644e-18
190.0,30000.0,1.0,0.11896516146209724,1.126330677890805,14.563278181873303,-11.894037053810054,2112279.3475058815,6.831016588451334e-06,1.5986190152493978,True,7,The solution converged.,3.835503229107487e-18
190.0,30000.0,1.0,0.14392959707504716,1.1548028041677578,14.588118605180911,-11.86909039727023,2165406.3778096,7.0035709920174505e-06,1.5987038131773559,True,7,The solution converged.,1.0303486131852789e-17
190.0,30000.0,1.0,0.16889403268799708,1.1839946675438089,14.612959050689762,-11.84414373352237,2219869.6828127378,7.180484245450021e-06,1.5987886111468628,True,7,The solution converged.,6.039792912430055e-18
190.0,30000.0,1.0,0.193858468300947,1.2139244620058347,14.637799518393104,-11.819197062569,2275702.874315128,7.361866457759034e-06,1.5988734091579047,True,7,The solution converged.,2.675049678045233e-18
190.0,30000.0,1.0,0.21882290391389692,1.2446108414602552,14.662640008284185,-11.79425038441265,2332940.4095967365,7.547830519452845e-06,1.598958207210468,True,7,The solution converged.,9.342247343834405e-18
190.0,30000.0,1.0,0.24378733952684684,1.276072931359183,14.687480520356266,-11.769303699055845,2391617.612685877,7.738492172803351e-06,1.59904300530454,True,7,The solution converged.,5.3774955496726915e-18
190.0,30000.0,1.0,0.26875177513979676,1.308330340620464,14.7123210546026,-11.744357006501112,2451770.6961623942,7.933970083886106e-06,1.5991278034401066,True,7,The solution converged.,4.7846227601799434e-18
190.0,30000.0,1.0,0.2937162107527467,1.3414031738490426,14.737161611016452,-11.719410306750973,2513436.783509371,8.13438591644032e-06,1.5992126016171548,True,7,The solution converged.,6.40132088901004e-18
190.0,30000.0,1.0,0.3186806463656966,1.3753120438672644,14.762002189591081,-11.694463599807953,2576653.932027097,8.339864407594696e-06,1.5992973998356712,True,7,The solution converged.,8.629836401026516e-18
190.0,30000.0,1.0,0.3436450819786465,1.4100780845619305,14.786842790319758,-11.669516885674573,2641461.1563234855,8.550533445506305e-06,1.5993821980956424,True,7,The solution converged.,8.875517446364974e-18
190.0,30000.0,1.0,0.36860951759159644,1.4457229640561062,14.81168341319575,-11.644570164353354,2707898.4523953795,8.766524148960678e-06,1.5994669963970551,True,7,The solution converged.,6.93065316384785e-18
190.0,30000.0,1.0,0.39357395320454636,1.4822688982138956,14.83652405821233,-11.619623435846815,2776006.822315693,8.9879709489828e-06,1.5995517947398958,True,7,The solution converged.,1.0361825000508669e-17
190.0,30000.0,1.0,0.4185383888174963,1.5197386644866004,14.861364725362774,-11.594676700157477,2845828.2995415605,9.215011672509768e-06,1.5996365931241514,True,7,The solution converged.,8.756760229930968e-18
190.0,30000.0,1.0,0.4435028244304462,1.5581556161088883,14.886205414640362,-11.569729957287855,2917405.9748591483,9.44778762817715e-06,1.5997213915498083,True,7,The solution converged.,9.489280062605003e-18
190.0,30000.0,1.0,0.4684672600433961,1.5975436966538243,14.911046126038372,-11.544783207240465,2990784.022981137,9.686443694272499e-06,1.5998061900168534,True,7,The solution converged.,5.760106220428223e-18
190.0,30000.0,1.0,0.49343169565634604,1.637927454955831,14.935886859550088,-11.519836450017824,3066007.729813307,9.931128408910712e-06,1.5998909885252732,True,7,The solution converged.,6.3652998463472694e-18
190.0,30000.0,1.0,0.518396131269296,1.679332060410883,14.960727615168802,-11.494889685622443,3143123.520407054,1.0181994062487427e-05,1.5999757870750544,True,7,The solution converged.,2.9339882470108372e-18
190.0,30000.0,1.0,0.5433605668822459,1.72178331866347,14.985568392887796,-11.469942914056837,3222178.9876150275,1.0439196792467946e-05,1.6000605856661836,True,7,The solution converged.,8.674829144956263e-18
190.0,30000.0,1.0,0.5683250024951958,1.7653076876901026,15.01040919270037,-11.44499613532352,3303222.9214677606,1.070289668057073e-05,1.6001453842986477,True,7,The solution converged.,6.3364366204173765e-18
190.0,30000.0,1.0,0.5932894381081457,1.8099322942893918,15.035250014599818,-11.420049349424996,3386305.3392891577,1.0973257852406012e-05,1.6002301829724332,True,7,The solution converged.,7.317288660878556e-18
190.0,30000.0,1.0,0.6182538737210956,1.855684950988971,15.060090858579436,-11.395102556363781,3471477.516569692,1.1250448579631254e-05,1.600314981687527,True,7,The solution converged.,7.976332099177768e-18
190.0,30000.0,1.0,0.6432183093340456,1.902594173379805,15.084931724632527,-11.37015575614238,3558792.018616224,1.1534641384687579e-05,1.6003997804439158,True,7,The solution converged.,3.2690506713460414e-18
190.0,30000.0,1.0,0.6681827449469955,1.9506891978886873,15.109772612752396,-11.345208948763299,3648302.7329979907,1.1826013148181752e-05,1.600484579241586,True,7,The solution converged.,8.051248952517018e-18
190.0,30000.0,1.0,0.6931471805599453,2.0,15.13461352293235,-11.320262134229047,3740064.9028088604,1.2124745218981e-05,1.6005693780805248,True,7,The solution converged.,6.7717994233993496e-18
