backend_step_index,T,log_w,log_n,log_q,s,residual_norm,converged,newton_iterations,continuation_status,step_size,loca_continuation_mode,hopf_frequency,lambda1_real,lambda1_imag,lambda2_real,lambda2_imag,lambda3_real,lambda3_imag,eigenvalue_regime,stability_classification,eigenvalue_source,jacobian_coordinate_system
0,2.30000000000000000e+02,-2.63080520917861438e-01,1.24428803104128640e+01,-9.85238144114934222e+00,1.45481839814213765e+00,4.89093781025722196e-17,true,0,converged,0.00000000000000000e+00,nox_loca_native_moore_spence_hopf_continuation,2.33690772311891150e-02,9.05270355975717339e-09,2.33690777442770239e-02,9.05270355975717339e-09,-2.33690777442770239e-02,-7.48334241275997857e-03,0.00000000000000000e+00,complex_pair,unstable,teuchos_lapack_geev,physical_ode_state
1,2.29500000000000000e+02,-2.89333994611751744e-01,1.24308654637104947e+01,-9.90484272990399006e+00,1.45667509236182791e+00,1.89537857619709022e-11,true,0,converged,-5.00000000000000000e-01,nox_loca_native_moore_spence_hopf_continuation,2.27992903826514069e-02,-3.89522832044963963e-09,2.27993180815661244e-02,-3.89522832044963963e-09,-2.27993180815661244e-02,-7.29120545084748373e-03,0.00000000000000000e+00,complex_pair,stable,teuchos_lapack_geev,physical_ode_state
2,2.29000000000000000e+02,-3.15876951821865093e-01,1.24188615646314062e+01,-9.95762575701326469e+00,1.45852353690869285e+00,1.66515834260293490e-13,true,0,converged,-5.00000000000000000e-01,nox_loca_native_moore_spence_hopf_continuation,2.22382869799951609e-02,-5.70140684121554775e-09,2.22377434666714766e-02,-5.70140684121554775e-09,-2.22377434666714766e-02,-7.10241900004124870e-03,0.00000000000000000e+00,complex_pair,stable,teuchos_lapack_geev,physical_ode_state
3,2.28500000000000000e+02,-3.42693433699797323e-01,1.24068776498779325e+01,-1.00107182337876797e+01,1.46036374957130866e+00,1.81440230351342091e-13,true,0,converged,-5.00000000000000000e-01,nox_loca_native_moore_spence_hopf_continuation,2.16851785781564735e-02,-5.80550700839555650e-09,2.16846287205497562e-02,-5.80550700839555650e-09,-2.16846287205497562e-02,-6.91699801966102860e-03,0.00000000000000000e+00,complex_pair,stable,teuchos_lapack_geev,physical_ode_state
4,2.28000000000000000e+02,-3.69779342878302608e-01,1.23949110716684689e+01,-1.00641197255401273e+01,1.46219571694498396e+00,1.86741113858657516e-13,true,0,converged,-5.00000000000000000e-01,nox_loca_native_moore_spence_hopf_continuation,2.11406082110826253e-02,-5.34529589915708897e-09,2.11400981401182880e-02,-5.34529589915708897e-09,-2.11400981401182880e-02,-6.73494968337743413e-03,0.00000000000000000e+00,complex_pair,stable,teuchos_lapack_geev,physical_ode_state
5,2.27500000000000000e+02,-3.97131453018512104e-01,1.23829585173939183e+01,-1.01178305850487646e+01,1.46401942347849667e+00,1.90590444902715238e-13,true,0,converged,-5.00000000000000000e-01,nox_loca_native_moore_spence_hopf_continuation,2.06047229965731875e-02,-4.89260290327487787e-09,2.06042524112052157e-02,-4.89260290327487787e-09,-2.06042524112052157e-02,-6.55627690491514432e-03,0.00000000000000000e+00,complex_pair,stable,teuchos_lapack_geev,physical_ode_state
6,2.27000000000000000e+02,-4.24747502323507109e-01,1.23710159008501321e+01,-1.01718520628886839e+01,1.46583485114917145e+00,1.93787781323694459e-13,true,0,converged,-5.00000000000000000e-01,nox_loca_native_moore_spence_hopf_continuation,2.00776004055846502e-02,-4.44648758009822190e-09,2.00771691234930653e-02,-4.44648758009822190e-09,-2.00771691234930653e-02,-6.38097853745464138e-03,0.00000000000000000e+00,complex_pair,stable,teuchos_lapack_geev,physical_ode_state
7,2.26500000000000000e+02,-4.52625251335340595e-01,1.23590793003895367e+01,-1.02261853659163648e+01,1.46764198195162376e+00,1.95344128148115330e-13,true,0,converged,-5.00000000000000000e-01,nox_loca_native_moore_spence_hopf_continuation,1.95593088330329387e-02,-4.04548022021173313e-09,1.95589133789177277e-02,-4.04548022021173313e-09,-1.95589133789177277e-02,-6.20904983054074416e-03,0.00000000000000000e+00,complex_pair,stable,teuchos_lapack_geev,physical_ode_state
8,2.26000000000000000e+02,-4.80762629952704912e-01,1.23471448131864125e+01,-1.02808318040265014e+01,1.46944079750381706e+00,1.97171767880295234e-13,true,0,converged,-5.00000000000000000e-01,nox_loca_native_moore_spence_hopf_continuation,1.90498992946244589e-02,-3.68009618327449876e-09,1.90495369051604246e-02,-3.68009618327449876e-09,-1.90495369051604246e-02,-6.04048258547230498e-03,0.00000000000000000e+00,complex_pair,stable,teuchos_lapack_geev,physical_ode_state
9,2.25500000000000000e+02,-5.09157643193335563e-01,1.23352086489642634e+01,-1.03357926961162381e+01,1.47123127929521580e+00,1.97678502789534531e-13,true,0,converged,-5.00000000000000000e-01,nox_loca_native_moore_spence_hopf_continuation,1.85494117123975039e-02,-3.35019265820346406e-09,1.85490795502073515e-02,-3.35019265820346406e-09,-1.85490795502073515e-02,-5.87526536906972027e-03,0.00000000000000000e+00,complex_pair,stable,teuchos_lapack_geev,physical_ode_state
10,2.25000000000000000e+02,-5.37808393835582432e-01,1.23232671070308140e+01,-1.03910693929747353e+01,1.47301340862286168e+00,1.98086154687048033e-13,true,0,converged,-5.00000000000000000e-01,nox_loca_native_moore_spence_hopf_continuation,1.80578740981796153e-02,-3.05164560884373798e-09,1.80575696105015615e-02,-3.05164560884373798e-09,-1.80575696105015615e-02,-5.71338369386908528e-03,0.00000000000000000e+00,complex_pair,stable,teuchos_lapack_geev,physical_ode_state
11,2.24500000000000000e+02,-5.66713072668545426e-01,1.23113165851022544e+01,-1.04466632679955822e+01,1.47478716661336229e+00,1.97696711989823333e-13,true,0,converged,-5.00000000000000000e-01,nox_loca_native_moore_spence_hopf_continuation,1.75753036474215474e-02,-2.78169194563348057e-09,1.75750244608400656e-02,-2.78169194563348057e-09,-1.75750244608400656e-02,-5.55482020219041743e-03,0.00000000000000000e+00,complex_pair,stable,teuchos_lapack_geev,physical_ode_state
12,2.24000000000000000e+02,-5.95869960523802589e-01,1.22993535760352266e+01,-1.05025757198043141e+01,1.47655253421265664e+00,1.97110337750616488e-13,true,0,converged,-5.00000000000000000e-01,nox_loca_native_moore_spence_hopf_continuation,1.71017071252007845e-02,-2.53747404723369749e-09,1.71014510651274834e-02,-2.53747404723369749e-09,-1.71014510651274834e-02,-5.39955484293764242e-03,0.00000000000000000e+00,complex_pair,stable,teuchos_lapack_geev,physical_ode_state
13,2.23500000000000000e+02,-6.25277426707417816e-01,1.22873746677843094e+01,-1.05588081714372777e+01,1.47830949218481478e+00,1.95865668206692361e-13,true,0,converged,-5.00000000000000000e-01,nox_loca_native_moore_spence_hopf_continuation,1.66370814404678061e-02,-2.31649679668412267e-09,1.66368465100589502e-02,-2.31649679668412267e-09,-1.66368465100589502e-02,-5.24756504448139777e-03,0.00000000000000000e+00,complex_pair,stable,teuchos_lapack_geev,physical_ode_state
14,2.23000000000000000e+02,-6.54933928466748583e-01,1.22753765420190302e+01,-1.06153620706772394e+01,1.48005802110747720e+00,1.94584964423516100e-13,true,0,converged,-5.00000000000000000e-01,nox_loca_native_moore_spence_hopf_continuation,1.61814141485665912e-02,-2.11646894086002513e-09,1.61811985187901054e-02,-2.11646894086002513e-09,-1.61811985187901054e-02,-5.09882588229148594e-03,0.00000000000000000e+00,complex_pair,stable,teuchos_lapack_geev,physical_ode_state
15,2.22500000000000000e+02,-6.84838009988561702e-01,1.22633559729167168e+01,-1.06722388900414611e+01,1.48179810136801571e+00,1.92928407132088291e-13,true,0,converged,-5.00000000000000000e-01,nox_loca_native_moore_spence_hopf_continuation,1.57346839597551150e-02,-1.93533215484247706e-09,1.57344859568052144e-02,-1.93533215484247706e-09,-1.57344859568052144e-02,-4.95331024143994599e-03,0.00000000000000000e+00,complex_pair,stable,teuchos_lapack_geev,physical_ode_state
16,2.22000000000000000e+02,-7.14988301447540553e-01,1.22513098256534647e+01,-1.07294401269200055e+01,1.48352971315906901e+00,1.90959569029439857e-13,true,0,converged,-5.00000000000000000e-01,nox_loca_native_moore_spence_hopf_continuation,1.52968612310667718e-02,-1.77122269314541197e-09,1.52966793248120996e-02,-1.77122269314541197e-09,-1.52966793248120996e-02,-4.81098897369630282e-03,0.00000000000000000e+00,complex_pair,stable,teuchos_lapack_geev,physical_ode_state
17,2.21500000000000000e+02,-7.45383517920620631e-01,1.22392350547989626e+01,-1.07869673036746505e+01,1.48525283647398165e+00,1.88866397540385238e-13,true,0,converged,-5.00000000000000000e-01,nox_loca_native_moore_spence_hopf_continuation,1.48679084465578298e-02,-1.62245945888386811e-09,1.48677412394690022e-02,-1.62245945888386811e-09,-1.48677412394690022e-02,-4.67183104912786799e-03,0.00000000000000000e+00,complex_pair,stable,teuchos_lapack_geev,physical_ode_state
18,2.21000000000000000e+02,-7.76022458234568724e-01,1.22271287025763726e+01,-1.08448219677534148e+01,1.48696745110201145e+00,1.86474704844652984e-13,true,0,converged,-5.00000000000000000e-01,nox_loca_native_moore_spence_hopf_continuation,1.44477806841177333e-02,-1.48753096580918343e-09,1.44476269008488520e-02,-1.48753096580918343e-09,-1.44476269008488520e-02,-4.53580370210626953e-03,0.00000000000000000e+00,complex_pair,stable,teuchos_lapack_geev,physical_ode_state
19,2.20500000000000000e+02,-8.06904003780278267e-01,1.22149878969808832e+01,-1.09030056918425196e+01,1.48867353662324731e+00,1.83780101828524101e-13,true,0,converged,-5.00000000000000000e-01,nox_loca_native_moore_spence_hopf_continuation,1.40364260684791402e-02,-1.36507296417086310e-09,1.40362845459799865e-02,-1.36507296417086310e-09,-1.40362845459799865e-02,-4.40287257166440543e-03,0.00000000000000000e+00,complex_pair,stable,teuchos_lapack_geev,physical_ode_state
20,2.20000000000000000e+02,-8.38027117254204201e-01,1.22028098498182871e+01,-1.09615200740083090e+01,1.49037107240338051e+00,1.81154775792398077e-13,true,0,converged,-5.00000000000000000e-01,nox_loca_native_moore_spence_hopf_continuation,1.36337862102323577e-02,-1.25385748962411614e-09,1.36336558884168051e-02,-1.25385748962411614e-09,-1.36336558884168051e-02,-4.27300183619377851e-03,0.00000000000000000e+00,complex_pair,stable,teuchos_lapack_geev,physical_ode_state
21,2.19500000000000000e+02,-8.69390841358955058e-01,1.21905918546527641e+01,-1.10203667378537045e+01,1.49206003758826933e+00,1.78361443646911288e-13,true,0,converged,-5.00000000000000000e-01,nox_loca_native_moore_spence_hopf_continuation,1.32397966303235259e-02,-1.15278148474489556e-09,1.32396765433651434e-02,-1.15278148474489556e-09,-1.32396765433651434e-02,-4.14615434248649228e-03,0.00000000000000000e+00,complex_pair,stable,teuchos_lapack_geev,physical_ode_state
22,2.19000000000000000e+02,-9.00994297488008189e-01,1.21783312846641554e+01,-1.10795473327012850e+01,1.49374041109827083e+00,1.75491278091322983e-13,true,0,converged,-5.00000000000000000e-01,nox_loca_native_moore_spence_hopf_continuation,1.28543871696919498e-02,-1.06085175485739341e-09,1.28542764380869950e-02,-1.06085175485739341e-09,-1.28542764380869950e-02,-4.02229172915598808e-03,0.00000000000000000e+00,complex_pair,stable,teuchos_lapack_geev,physical_ode_state
23,2.18500000000000000e+02,-9.32836684372454372e-01,1.21660255904515680e+01,-1.11390635337779322e+01,1.49541217162241602e+00,1.72484816339568526e-13,true,0,converged,-5.00000000000000000e-01,nox_loca_native_moore_spence_hopf_continuation,1.24774823846827004e-02,-9.77175469989328971e-10,1.24773802076457285e-02,-9.77175469989328971e-10,-1.24773802076457285e-02,-3.90137454449820042e-03,0.00000000000000000e+00,complex_pair,stable,teuchos_lapack_geev,physical_ode_state
24,2.18000000000000000e+02,-9.64917276718755823e-01,1.21536722977756444e+01,-1.11989170424195361e+01,1.49707529761238400e+00,1.69468482086234202e-13,true,0,converged,-5.00000000000000000e-01,nox_loca_native_moore_spence_hopf_continuation,1.21090019272197640e-02,-9.00949412839004149e-10,1.21089075758385976e-02,-9.00949412839004149e-10,-1.21089075758385976e-02,-3.78336235886841303e-03,0.00000000000000000e+00,complex_pair,stable,teuchos_lapack_geev,physical_ode_state
25,2.17500000000000000e+02,-9.97235423828648715e-01,1.21412690052630072e+01,-1.12591095862824115e+01,1.49872976727631513e+00,1.66462826311338068e-13,true,0,converged,-5.00000000000000000e-01,nox_loca_native_moore_spence_hopf_continuation,1.17488609105684989e-02,-8.31452757338313475e-10,1.17487737214313007e-02,-8.31452757338313475e-10,-1.17487737214313007e-02,-3.66821387167046240e-03,0.00000000000000000e+00,complex_pair,stable,teuchos_lapack_geev,physical_ode_state
26,2.17000000000000000e+02,-1.02979054822929528e+00,1.21288133820616117e+01,-1.13196429195819999e+01,1.50037555857241500e+00,1.63343749604501400e-13,true,0,converged,-5.00000000000000000e-01,nox_loca_native_moore_spence_hopf_continuation,1.13969702603924812e-02,-7.68036258940243965e-10,1.13968896296753278e-02,-7.68036258940243965e-10,-1.13968896296753278e-02,-3.55588701306556705e-03,0.00000000000000000e+00,complex_pair,stable,teuchos_lapack_geev,physical_ode_state
27,2.16500000000000000e+02,-1.06258214429172382e+00,1.21163031654835542e+01,-1.13805188233307870e+01,1.50201264920242883e+00,1.60274308341172511e-13,true,0,converged,-5.00000000000000000e-01,nox_loca_native_moore_spence_hopf_continuation,1.10532370512052315e-02,-7.10118072959516067e-10,1.10531624294219998e-02,-7.10118072959516067e-10,-1.10531624294219998e-02,-3.44633904052699981e-03,0.00000000000000000e+00,complex_pair,stable,teuchos_lapack_geev,physical_ode_state
28,2.16000000000000000e+02,-1.09560977687171657e+00,1.21037361586120333e+01,-1.14417391056068229e+01,1.50364101660490257e+00,1.57159488411178790e-13,true,0,converged,-5.00000000000000000e-01,nox_loca_native_moore_spence_hopf_continuation,1.07175648288659071e-02,-6.57174851429603857e-10,1.07174957158501609e-02,-6.57174851429603857e-10,-1.07174957158501609e-02,-3.33952663036871881e-03,0.00000000000000000e+00,complex_pair,stable,teuchos_lapack_geev,physical_ode_state
29,2.15500000000000000e+02,-1.12887307997355135e+00,1.20911102278872402e+01,-1.15033056018451401e+01,1.50526063794825560e+00,1.54112609850062315e-13,true,0,converged,-5.00000000000000000e-01,nox_loca_native_moore_spence_hopf_continuation,1.03898539187236676e-02,-6.08732272813598818e-10,1.03897898591065983e-02,-6.08732272813598818e-10,-1.03897898591065983e-02,-3.23540596439088812e-03,0.00000000000000000e+00,complex_pair,stable,teuchos_lapack_geev,physical_ode_state
30,2.15000000000000000e+02,-1.16237175539701987e+00,1.20784233007181001e+01,-1.15652201751115928e+01,1.50687149012378252e+00,1.50963485863232331e-13,true,0,converged,-5.00000000000000000e-01,nox_loca_native_moore_spence_hopf_continuation,1.00700017201417504e-02,-5.64366879835312418e-10,1.00699422993321755e-02,-5.64366879835312418e-10,-1.00699422993321755e-02,-3.13393281179489983e-03,0.00000000000000000e+00,complex_pair,stable,teuchos_lapack_geev,physical_ode_state
31,2.14500000000000000e+02,-1.19610557144354845e+00,1.20656733630578898e+01,-1.16274847164272668e+01,1.50847354973839276e+00,1.47875155504226327e-13,true,0,converged,-5.00000000000000000e-01,nox_loca_native_moore_spence_hopf_continuation,9.75790298762267694e-03,-5.23698204376796261e-10,9.75784782802577647e-03,-5.23698204376796261e-10,-9.75784782802577647e-03,-3.03506260651267889e-03,0.00000000000000000e+00,complex_pair,stable,teuchos_lapack_geev,physical_ode_state
32,2.14000000000000000e+02,-1.23007436164799411e+00,1.20528584569818129e+01,-1.16901011451107539e+01,1.51006679310718317e+00,1.44781965487708808e-13,true,0,converged,-5.00000000000000000e-01,nox_loca_native_moore_spence_hopf_continuation,9.45345009865623115e-03,-4.86382005309392296e-10,9.45339885625361143e-03,-4.86382005309392296e-10,-9.45339885625361143e-03,-2.93875052011116807e-03,0.00000000000000000e+00,complex_pair,stable,teuchos_lapack_geev,physical_ode_state
33,2.13500000000000000e+02,-1.26427802353091900e+00,1.20399766782835282e+01,-1.17530714091258641e+01,1.51165119624587518e+00,1.41787329419464217e-13,true,0,converged,-5.00000000000000000e-01,nox_loca_native_moore_spence_hopf_continuation,9.15653330882119573e-03,-4.52108547539624428e-10,9.15648567010793682e-03,-4.52108547539624428e-10,-9.15648567010793682e-03,-2.84495153043325209e-03,0.00000000000000000e+00,complex_pair,stable,teuchos_lapack_geev,physical_ode_state
34,2.13000000000000000e+02,-1.29871651739534855e+00,1.20270261740705298e+01,-1.18163974854595022e+01,1.51322673486305326e+00,1.38709747046020603e-13,true,0,converged,-5.00000000000000000e-01,nox_loca_native_moore_spence_hopf_continuation,8.86704099453815113e-03,-4.20598343642535760e-10,8.86699667366346207e-03,-4.20598343642535760e-10,-8.86699667366346207e-03,-2.75362048613256739e-03,0.00000000000000000e+00,complex_pair,stable,teuchos_lapack_geev,physical_ode_state
35,2.12500000000000000e+02,-1.33338986515957925e+00,1.20140051403770691e+01,-1.18800813805146923e+01,1.51479338435224409e+00,1.35794544432203395e-13,true,0,converged,-5.00000000000000000e-01,nox_loca_native_moore_spence_hopf_continuation,8.58485988364710538e-03,-3.91600586701658371e-10,8.58481861987578886e-03,-3.91600586701658371e-10,-8.58481861987578886e-03,-2.66471216726518571e-03,0.00000000000000000e+00,complex_pair,stable,teuchos_lapack_geev,physical_ode_state
36,2.12000000000000000e+02,-1.36829814923937332e+00,1.20009118197813205e+01,-1.19441251305355269e+01,1.51635111978378490e+00,1.32808308093849248e-13,true,0,converged,-5.00000000000000000e-01,nox_loca_native_moore_spence_hopf_continuation,8.30987527429168267e-03,-3.64889103741244947e-10,8.30983682973705264e-03,-3.64889103741244947e-10,-8.30983682973705264e-03,-2.57818134209698109e-03,0.00000000000000000e+00,complex_pair,stable,teuchos_lapack_geev,physical_ode_state
37,2.11500000000000000e+02,-1.40344151148884322e+00,1.19877444990293949e+01,-1.20085308020644597e+01,1.51789991589648321e+00,1.29895238377548520e-13,true,0,converged,-5.00000000000000000e-01,nox_loca_native_moore_spence_hopf_continuation,8.04197124267496365e-03,-3.40257662540324746e-10,8.04193540008798537e-03,-3.40257662540324746e-10,-8.04193540008798537e-03,-2.49398282028608000e-03,0.00000000000000000e+00,complex_pair,stable,teuchos_lapack_geev,physical_ode_state
38,2.11000000000000000e+02,-1.43882015215746129e+00,1.19745015067061793e+01,-1.20733004923944165e+01,1.51943974708917184e+00,1.27001746191892841e-13,true,0,converged,-5.00000000000000000e-01,nox_loca_native_moore_spence_hopf_continuation,7.78103083966715306e-03,-3.17522740359791472e-10,7.78099740063135752e-03,-3.17522740359791472e-10,-7.78099740063135752e-03,-2.41207150260119635e-03,0.00000000000000000e+00,complex_pair,stable,teuchos_lapack_geev,physical_ode_state
39,2.10500000000000000e+02,-1.47443432894352111e+00,1.19611812108815503e+01,-1.21384363300895775e+01,1.52097058741194369e+00,1.24174680876804134e-13,true,0,converged,-5.00000000000000000e-01,nox_loca_native_moore_spence_hopf_continuation,7.52693627710247868e-03,-2.96516963109796916e-10,7.52690506024593104e-03,-2.96516963109796916e-10,-7.52690506024593104e-03,-2.33240242732375355e-03,0.00000000000000000e+00,complex_pair,stable,teuchos_lapack_geev,physical_ode_state
40,2.10000000000000000e+02,-1.51028435607631084e+00,1.19477820167995858e+01,-1.22039404755090910e+01,1.52249241055725482e+00,1.21352337846056714e-13,true,0,converged,-5.00000000000000000e-01,nox_loca_native_moore_spence_hopf_continuation,7.27956910380311590e-03,-2.77089197208780016e-10,7.27953994326759665e-03,-2.77089197208780016e-10,-7.27953994326759665e-03,-2.25493081349153459e-03,0.00000000000000000e+00,complex_pair,stable,teuchos_lapack_geev,physical_ode_state
41,2.09500000000000000e+02,-1.54637060346873523e+00,1.19343023645739041e+01,-1.22698151213721314e+01,1.52400518985077982e+00,1.18592790681262694e-13,true,0,converged,-5.00000000000000000e-01,nox_loca_native_moore_spence_hopf_continuation,7.03881037198900682e-03,-2.59102696953004627e-10,7.03878311597567943e-03,-2.59102696953004627e-10,-7.03878311597567943e-03,-2.17961210112879071e-03,0.00000000000000000e+00,complex_pair,stable,teuchos_lapack_geev,physical_ode_state
42,2.09000000000000000e+02,-1.58269349592602171e+00,1.19207407269034995e+01,-1.23360624933512337e+01,1.52550889824205438e+00,1.15857119509175401e-13,true,0,converged,-5.00000000000000000e-01,nox_loca_native_moore_spence_hopf_continuation,6.80454079420947464e-03,-2.42434456631222556e-10,6.80451530372806930e-03,-2.42434456631222556e-10,-6.80451530372806930e-03,-2.10640198860852137e-03,0.00000000000000000e+00,complex_pair,stable,teuchos_lapack_geev,physical_ode_state
43,2.08500000000000000e+02,-1.61925351243514348e+00,1.19070956067882978e+01,-1.24026848507159890e+01,1.52700350829483678e+00,1.13175597776483344e-13,true,0,converged,-5.00000000000000000e-01,nox_loca_native_moore_spence_hopf_continuation,6.57664089135714947e-03,-2.26972000794963902e-10,6.57661703905382082e-03,-2.26972000794963902e-10,-6.57661703905382082e-03,-2.03525646728535672e-03,0.00000000000000000e+00,complex_pair,stable,teuchos_lapack_geev,physical_ode_state
44,2.08000000000000000e+02,-1.65605118550440311e+00,1.18933655352744214e+01,-1.24696844869975649e+01,1.52848899217726819e+00,1.10527284318654058e-13,true,0,converged,-5.00000000000000000e-01,nox_loca_native_moore_spence_hopf_continuation,6.35499113209372739e-03,-2.12613905386240486e-10,6.35496880118439304e-03,-2.12613905386240486e-10,-6.35496880118439304e-03,-1.96613185353806388e-03,0.00000000000000000e+00,complex_pair,stable,teuchos_lapack_geev,physical_ode_state
45,2.07500000000000000e+02,-1.69308710058578304e+00,1.18795490691989727e+01,-1.25370637307051762e+01,1.52996532165173793e+00,1.07930079656272792e-13,true,0,converged,-5.00000000000000000e-01,nox_loca_native_moore_spence_hopf_continuation,6.13947206394453802e-03,-1.99268325933943738e-10,6.13945114728811289e-03,-1.99268325933943738e-10,-6.13945114728811289e-03,-1.89898481835062776e-03,0.00000000000000000e+00,complex_pair,stable,teuchos_lapack_geev,physical_ode_state
46,2.07000000000000000e+02,-1.73036189557327114e+00,1.18656447889406245e+01,-1.26048249460885220e+01,1.53143246806446198e+00,1.05336300265840287e-13,true,0,converged,-5.00000000000000000e-01,nox_loca_native_moore_spence_hopf_continuation,5.92996443659470854e-03,-1.86851387742317451e-10,5.92994483579515567e-03,-1.86851387742317451e-10,-5.92994483579515567e-03,-1.83377241455987688e-03,0.00000000000000000e+00,complex_pair,stable,teuchos_lapack_geev,physical_ode_state
47,2.06500000000000000e+02,-1.76787626037566037e+00,1.18516512961790816e+01,-1.26729705339432854e+01,1.53289040233477936e+00,1.02799263773951208e-13,true,0,converged,-5.00000000000000000e-01,nox_loca_native_moore_spence_hopf_continuation,5.72634931753676201e-03,-1.75286630181440209e-10,5.72633094217696228e-03,-1.75286630181440209e-10,-5.72633094217696228e-03,-1.77045210189256236e-03,0.00000000000000000e+00,complex_pair,stable,teuchos_lapack_geev,physical_ode_state
48,2.06000000000000000e+02,-1.80563093655944806e+00,1.18375672116661033e+01,-1.27415029324572178e+01,1.53433909494416798e+00,1.00289025457883571e-13,true,0,converged,-5.00000000000000000e-01,nox_loca_native_moore_spence_hopf_continuation,5.52850820058566582e-03,-1.64506085701321067e-10,5.52849096752809199e-03,-1.64506085701321067e-10,-5.52849096752809199e-03,-1.70898176990977617e-03,0.00000000000000000e+00,complex_pair,stable,teuchos_lapack_geev,physical_ode_state
49,2.05500000000000000e+02,-1.84362671710970827e+00,1.18233911729621539e+01,-1.28104246181426511e+01,1.53577851592482761e+00,9.78399811164167474e-14,true,0,converged,-5.00000000000000000e-01,nox_loca_native_moore_spence_hopf_continuation,5.33632310742196674e-03,-1.54446239814236969e-10,5.33630694015707532e-03,-1.54446239814236969e-10,-5.33630694015707532e-03,-1.64931975896920693e-03,0.00000000000000000e+00,complex_pair,stable,teuchos_lapack_geev,physical_ode_state
50,2.05000000000000000e+02,-1.88186444624173999e+00,1.18091218322033118e+01,-1.28797381067905352e+01,1.53720863484803161e+00,9.54065421731336742e-14,true,0,converged,-5.00000000000000000e-01,nox_loca_native_moore_spence_hopf_continuation,5.14967668264713734e-03,-1.45050237066682991e-10,5.14966151069956319e-03,-1.45050237066682991e-10,-5.14966151069956319e-03,-1.59142487931814491e-03,0.00000000000000000e+00,complex_pair,stable,teuchos_lapack_geev,physical_ode_state
51,2.04500000000000000e+02,-1.92034501933601853e+00,1.17947578538274804e+01,-1.29494459545167331e+01,1.53862942081200726e+00,9.30220970185421302e-14,true,0,converged,-5.00000000000000000e-01,nox_loca_native_moore_spence_hopf_continuation,4.96845228245449983e-03,-1.36265500144954095e-10,4.96843804086828655e-03,-1.36265500144954095e-10,-4.96843804086828655e-03,-1.53525642841675740e-03,0.00000000000000000e+00,complex_pair,stable,teuchos_lapack_geev,physical_ode_state
52,2.04000000000000000e+02,-1.95906938294541089e+00,1.17802979123079972e+01,-1.30195507588520165e+01,1.54004084242949713e+00,9.06650016688842280e-14,true,0,converged,-5.00000000000000000e-01,nox_loca_native_moore_spence_hopf_continuation,4.79253405742265104e-03,-1.28045088231389451e-10,4.79252068627831953e-03,-1.28045088231389451e-10,-4.79252068627831953e-03,-1.48077420659419663e-03,0.00000000000000000e+00,complex_pair,stable,teuchos_lapack_geev,physical_ode_state
53,2.03500000000000000e+02,-1.99803853493331851e+00,1.17657406898369281e+01,-1.30900551599330033e+01,1.54144286781481044e+00,8.83363336878438991e-14,true,0,converged,-5.00000000000000000e-01,nox_loca_native_moore_spence_hopf_continuation,4.62180702952490977e-03,-1.20345067936076904e-10,4.62179447349965987e-03,-1.20345067936076904e-10,-4.62179447349965987e-03,-1.42793853112938387e-03,0.00000000000000000e+00,complex_pair,stable,teuchos_lapack_geev,physical_ode_state
54,2.03000000000000000e+02,-2.03725352468734711e+00,1.17510848740112444e+01,-1.31609618417402494e+01,1.54283546457051557e+00,8.60637852079632052e-14,true,0,converged,-5.00000000000000000e-01,nox_loca_native_moore_spence_hopf_continuation,4.45615716377260017e-03,-1.13126514490117895e-10,4.45614537174985562e-03,-1.13126514490117895e-10,-4.45614537174985562e-03,-1.37671024885009283e-03,0.00000000000000000e+00,complex_pair,stable,teuchos_lapack_geev,physical_ode_state
55,2.02500000000000000e+02,-2.07671545348042574e+00,1.17363291554488427e+01,-1.32322735334558637e+01,1.54421859977354936e+00,8.38126336302500680e-14,true,0,converged,-5.00000000000000000e-01,nox_loca_native_moore_spence_hopf_continuation,4.29547143463116995e-03,-1.06352703878841159e-10,4.29546035933762137e-03,-1.06352703878841159e-10,-4.29546035933762137e-03,-1.32705074733315692e-03,0.00000000000000000e+00,complex_pair,stable,teuchos_lapack_geev,physical_ode_state
56,2.02000000000000000e+02,-2.11642547492003930e+00,1.17214722253933719e+01,-1.33039930108810207e+01,1.54559223996090234e+00,8.15868213515611830e-14,true,0,converged,-5.00000000000000000e-01,nox_loca_native_moore_spence_hopf_continuation,4.13963788757828501e-03,-9.99908109870079054e-11,4.13962748525471998e-03,-9.99908109870079054e-11,-4.13962748525471998e-03,-1.27892196479104819e-03,0.00000000000000000e+00,complex_pair,mixed,teuchos_lapack_geev,physical_ode_state
57,2.01500000000000000e+02,-2.15638479554512763e+00,1.17065127732457981e+01,-1.33761230979745989e+01,1.54695635111468643e+00,7.93827142758557876e-14,true,0,converged,-5.00000000000000000e-01,nox_loca_native_moore_spence_hopf_continuation,3.98854569592612881e-03,-9.40106064013530168e-11,3.98853592603878870e-03,-9.40106064013530168e-11,-3.98853592603878870e-03,-1.23228639872032539e-03,0.00000000000000000e+00,complex_pair,mixed,teuchos_lapack_geev,physical_ode_state
58,2.01000000000000000e+02,-2.19659467554917320e+00,1.16914494840435772e+01,-1.34486666684913612e+01,1.54831089864663518e+00,7.72245261518113498e-14,true,0,converged,-5.00000000000000000e-01,nox_loca_native_moore_spence_hopf_continuation,3.84208521324411710e-03,-8.83843020744057989e-11,3.84207603820301826e-03,-8.83843020744057989e-11,-3.84207603820301826e-03,-1.18710711338741509e-03,0.00000000000000000e+00,complex_pair,mixed,teuchos_lapack_geev,physical_ode_state
59,2.00500000000000000e+02,-2.23705642964149298e+00,1.16762810358731439e+01,-1.35216266477330649e+01,1.54965584738197615e+00,7.50999743477851151e-14,true,0,converged,-5.00000000000000000e-01,nox_loca_native_moore_spence_hopf_continuation,3.70014802151290680e-03,-8.30867085473575157e-11,3.70013940643938331e-03,-8.30867085473575157e-11,-3.70013940643938331e-03,-1.14334774622187776e-03,0.00000000000000000e+00,complex_pair,mixed,teuchos_lapack_geev,physical_ode_state
60,2.00000000000000000e+02,-2.27777142807076860e+00,1.16610060971910521e+01,-1.35950060144363825e+01,1.55099116154258909e+00,7.29985149059984641e-14,true,0,converged,-5.00000000000000000e-01,nox_loca_native_moore_spence_hopf_continuation,3.56262697529839819e-03,-7.80941636769998115e-11,3.56261888778215251e-03,-7.80941636769998115e-11,-3.56261888778215251e-03,-1.10097251318332025e-03,0.00000000000000000e+00,complex_pair,mixed,teuchos_lapack_geev,physical_ode_state
61,1.99500000000000000e+02,-2.31874109778915871e+00,1.16456233240731226e+01,-1.36688078027772004e+01,1.55231680472949352e+00,7.09185662194493988e-14,true,0,converged,-5.00000000000000000e-01,nox_loca_native_moore_spence_hopf_continuation,3.42941624208318229e-03,-7.33856128263491586e-11,3.42940865198818187e-03,-7.33856128263491586e-11,-3.42940865198818187e-03,-1.05994621316657660e-03,0.00000000000000000e+00,complex_pair,mixed,teuchos_lapack_geev,physical_ode_state
62,1.99000000000000000e+02,-2.35996692380771922e+00,1.16301313573395575e+01,-1.37430351045427095e+01,1.55363273990448403e+00,6.88662003074275170e-14,true,0,converged,-5.00000000000000000e-01,nox_loca_native_moore_spence_hopf_continuation,3.30041133897672478e-03,-6.89414425070547510e-11,3.30040421825326903e-03,-6.89414425070547510e-11,-3.30040421825326903e-03,-1.02023423150329902e-03,0.00000000000000000e+00,complex_pair,mixed,teuchos_lapack_geev,physical_ode_state
63,1.98500000000000000e+02,-2.40145045072220809e+00,1.16145288195751100e+01,-1.38176910714510459e+01,1.55493892937095946e+00,6.68495954303239559e-14,true,0,converged,-5.00000000000000000e-01,nox_loca_native_moore_spence_hopf_continuation,3.17550916599503800e-03,-6.47436235211903272e-11,3.17550248850896437e-03,-6.47436235211903272e-11,-3.17550248850896437e-03,-9.81802542618225244e-04,0.00000000000000000e+00,complex_pair,mixed,teuchos_lapack_geev,physical_ode_state
64,1.98000000000000000e+02,-2.44319328443428274e+00,1.15988143120175557e+01,-1.38927789176444190e+01,1.55623533475384046e+00,6.48420532503863896e-14,true,0,converged,-5.00000000000000000e-01,nox_loca_native_moore_spence_hopf_continuation,3.05460803607758612e-03,-6.07757332958189234e-11,3.05460177744984939e-03,-6.07757332958189234e-11,-3.05460177744984939e-03,-9.44617711893182993e-04,0.00000000000000000e+00,complex_pair,mixed,teuchos_lapack_geev,physical_ode_state
65,1.97500000000000000e+02,-2.48519709408948897e+00,1.15829864112922909e+01,-1.39683019223770124e+01,1.55752191697848175e+00,6.28717782773659395e-14,true,0,converged,-5.00000000000000000e-01,nox_loca_native_moore_spence_hopf_continuation,2.93760770199052654e-03,-5.70223573220784985e-11,2.93760183945052794e-03,-5.70223573220784985e-11,-2.93760183945052794e-03,-9.08646896789430734e-04,0.00000000000000000e+00,complex_pair,mixed,teuchos_lapack_geev,physical_ode_state
66,1.97000000000000000e+02,-2.52746361422392729e+00,1.15670436659976943e+01,-1.40442634328919453e+01,1.55879863624857529e+00,6.09239461249037584e-14,true,0,converged,-5.00000000000000000e-01,nox_loca_native_moore_spence_hopf_continuation,2.82440938030091397e-03,-5.34697235760831641e-11,2.82440389256354571e-03,-5.34697235760831641e-11,-2.82440389256354571e-03,-8.73857847277117517e-04,0.00000000000000000e+00,complex_pair,mixed,teuchos_lapack_geev,physical_ode_state
67,1.96500000000000000e+02,-2.56999464716728987e+00,1.15509845930938972e+01,-1.41206668675339593e+01,1.56006545202286362e+00,5.90007123780841682e-14,true,0,converged,-5.00000000000000000e-01,nox_loca_native_moore_spence_hopf_continuation,2.71491577256739031e-03,-5.01050372524701471e-11,2.71491063970648056e-03,-5.01050372524701471e-11,-2.71491063970648056e-03,-8.40218905616124407e-04,0.00000000000000000e+00,complex_pair,mixed,teuchos_lapack_geev,physical_ode_state
68,1.96000000000000000e+02,-2.61279206569815559e+00,1.15348076740960135e+01,-1.41975157190956907e+01,1.56132232299064477e+00,5.71005756050641981e-14,true,0,converged,-5.00000000000000000e-01,nox_loca_native_moore_spence_hopf_continuation,2.60903108387966313e-03,-4.69163833217295378e-11,2.60902628721619827e-03,-4.69163833217295378e-11,-2.60902628721619827e-03,-8.07699005531954499e-04,0.00000000000000000e+00,complex_pair,mixed,teuchos_lapack_geev,physical_ode_state
69,1.95500000000000000e+02,-2.65585781597523685e+00,1.15185113510470671e+01,-1.42748135584214761e+01,1.56256920704595470e+00,5.52202957601303458e-14,true,0,converged,-5.00000000000000000e-01,nox_loca_native_moore_spence_hopf_continuation,2.50666103890105629e-03,-4.38928588570794420e-11,2.50665656090018384e-03,-4.38928588570794420e-11,-2.50665656090018384e-03,-7.76267670826882297e-04,0.00000000000000000e+00,complex_pair,mixed,teuchos_lapack_geev,physical_ode_state
70,1.95000000000000000e+02,-2.69919392076887243e+00,1.15020940222446111e+01,-1.43525640382938011e+01,1.56380606126031108e+00,5.33595902887384999e-14,true,0,converged,-5.00000000000000000e-01,nox_loca_native_moore_spence_hopf_continuation,2.40771289553605439e-03,-4.10246961185176118e-11,2.40770871971405283e-03,-4.10246961185176118e-11,-2.40770871971405283e-03,-7.45895013464479097e-04,0.00000000000000000e+00,complex_pair,mixed,teuchos_lapack_geev,physical_ode_state
71,1.94500000000000000e+02,-2.74280248302837126e+00,1.14855540376838494e+01,-1.44307708976387747e+01,1.56503284185386882e+00,5.15249801935168670e-14,true,0,converged,-5.00000000000000000e-01,nox_loca_native_moore_spence_hopf_continuation,2.31209545634020273e-03,-3.83025767407372403e-11,2.31209156717724056e-03,-3.83025767407372403e-11,-2.31209156717724056e-03,-7.16551731163198079e-04,0.00000000000000000e+00,complex_pair,mixed,teuchos_lapack_geev,physical_ode_state
72,1.94000000000000000e+02,-2.78668568978260778e+00,1.14688896942179781e+01,-1.45094379660489601e+01,1.56624950416494246e+00,4.97090743190512904e-14,true,0,converged,-5.00000000000000000e-01,nox_loca_native_moore_spence_hopf_continuation,2.21971907782388123e-03,-3.57182265535438415e-11,2.21971546067917507e-03,-3.57182265535438415e-11,-2.21971546067917507e-03,-6.88209104533768642e-04,0.00000000000000000e+00,complex_pair,mixed,teuchos_lapack_geev,physical_ode_state
73,1.93500000000000000e+02,-2.83084581643684885e+00,1.14520992303718430e+01,-1.45885691686867887e+01,1.56745600261765206e+00,4.79129633623214891e-14,true,0,converged,-5.00000000000000000e-01,nox_loca_native_moore_spence_hopf_continuation,2.13049567771088312e-03,-3.32638527182974042e-11,2.13049231875113302e-03,-3.32638527182974042e-11,-2.13049231875113302e-03,-6.60838993791500119e-04,0.00000000000000000e+00,complex_pair,mixed,teuchos_lapack_geev,physical_ode_state
74,1.93000000000000000e+02,-2.87528523146742154e+00,1.14351808208051366e+01,-1.46681685315714461e+01,1.56865229068762857e+00,4.61374899508062650e-14,true,0,converged,-5.00000000000000000e-01,nox_loca_native_moore_spence_hopf_continuation,2.04433874031797070e-03,-3.09324860105382460e-11,2.04433562644392840e-03,-3.09324860105382460e-11,-2.04433562644392840e-03,-6.34413835074448622e-04,0.00000000000000000e+00,complex_pair,mixed,teuchos_lapack_geev,physical_ode_state
75,1.92500000000000000e+02,-2.92000640157448244e+00,1.14181325703637260e+01,-1.47482401873099125e+01,1.56983832086552999e+00,4.43788960934276362e-14,true,0,converged,-5.00000000000000000e-01,nox_loca_native_moore_spence_hopf_continuation,1.96116332010672122e-03,-2.87175253195492974e-11,1.96116043888850929e-03,-2.87175253195492974e-11,-1.96116043888850929e-03,-6.08906636395310677e-04,0.00000000000000000e+00,complex_pair,mixed,teuchos_lapack_geev,physical_ode_state
76,1.92000000000000000e+02,-2.96501189730282277e+00,1.14009525077077480e+01,-1.48287883812827701e+01,1.57101404461827698e+00,4.26430763249132689e-14,true,0,converged,-5.00000000000000000e-01,nox_loca_native_moore_spence_hopf_continuation,1.88088604354564519e-03,-2.66132469794316817e-11,1.88088338316495340e-03,-2.66132469794316817e-11,-1.88088338316495340e-03,-5.84290973254487640e-04,0.00000000000000000e+00,complex_pair,mixed,teuchos_lapack_geev,physical_ode_state
77,1.91500000000000000e+02,-3.01030439920762038e+00,1.13836385784378287e+01,-1.49098174783627808e+01,1.57217941234768199e+00,4.09216322682668303e-14,true,0,converged,-5.00000000000000000e-01,nox_loca_native_moore_spence_hopf_continuation,1.80342510935323089e-03,-2.46141143356087486e-11,1.80342265853847446e-03,-2.46141143356087486e-11,-1.80342265853847446e-03,-5.60540983938803152e-04,0.00000000000000000e+00,complex_pair,mixed,teuchos_lapack_geev,physical_ode_state
78,1.91000000000000000e+02,-3.05588670456924927e+00,1.13661886377145311e+01,-1.49913319701703092e+01,1.57333437334639559e+00,3.92241922731493726e-14,true,0,converged,-5.00000000000000000e-01,nox_loca_native_moore_spence_hopf_continuation,1.72870028721105171e-03,-2.27153545268293094e-11,1.72869803519255880e-03,-2.27153545268293094e-11,-1.72869803519255880e-03,-5.37631364530673228e-04,0.00000000000000000e+00,complex_pair,mixed,teuchos_lapack_geev,physical_ode_state
79,1.90500000000000000e+02,-3.10176173474526662e+00,1.13486004422806950e+01,-1.50733364829554901e+01,1.57447887575079282e+00,3.75399132860671861e-14,true,0,converged,-5.00000000000000000e-01,nox_loca_native_moore_spence_hopf_continuation,1.65663291505206939e-03,-2.09125246958784261e-11,1.65663085150589647e-03,-2.09125246958784261e-11,-1.65663085150589647e-03,-5.15537363649257456e-04,0.00000000000000000e+00,complex_pair,mixed,teuchos_lapack_geev,physical_ode_state
80,1.90000000000000000e+02,-3.14793254318821658e+00,1.13308716418578790e+01,-1.51558357861351585e+01,1.57561286649062837e+00,3.58763709376542253e-14,true,0,converged,-5.00000000000000000e-01,nox_loca_native_moore_spence_hopf_continuation,1.58714589497803145e-03,-1.92016204165709227e-11,1.58714400998097348e-03,-1.92016204165709227e-11,-1.58714400998097348e-03,-4.94234776945411407e-04,0.00000000000000000e+00,complex_pair,mixed,teuchos_lapack_geev,physical_ode_state
