panel,pixel_x,temperature_K,upper_boundary_pixel_y,upper_boundary_w_m_s,upper_boundary_log_w_ln_m_s,lower_boundary_pixel_y,lower_boundary_w_m_s,lower_boundary_log_w_ln_m_s,direct_digitization,validity,edge_detector,vertical_color_run_pixels
upper_period_map,62,190.27173913043478,165,0.042858831102102424,-3.149843561774719,279,0.0026781357276001298,-5.92263435054783,True,direct_edge_detected,largest high-saturation contiguous vertical run,115
upper_period_map,63,190.4076086956522,165,0.042858831102102424,-3.149843561774719,279,0.0026781357276001298,-5.92263435054783,True,direct_edge_detected,largest high-saturation contiguous vertical run,115
upper_period_map,64,190.54347826086956,164,0.04391405566443718,-3.1255208355574107,279,0.0026781357276001298,-5.92263435054783,True,direct_edge_detected,largest high-saturation contiguous vertical run,116
upper_period_map,65,190.67934782608697,163,0.0449952608437958,-3.101198109340103,278,0.002744073937494316,-5.898311624330522,True,direct_edge_detected,largest high-saturation contiguous vertical run,116
upper_period_map,66,190.81521739130434,163,0.0449952608437958,-3.101198109340103,278,0.002744073937494316,-5.898311624330522,True,direct_edge_detected,largest high-saturation contiguous vertical run,116
upper_period_map,67,190.95108695652175,162,0.046103086307302275,-3.076875383122795,277,0.0028116356078723165,-5.873988898113215,True,direct_edge_detected,largest high-saturation contiguous vertical run,116
upper_period_map,68,191.08695652173913,162,0.046103086307302275,-3.076875383122795,276,0.0028808607098517384,-5.849666171895906,True,direct_edge_detected,largest high-saturation contiguous vertical run,115
upper_period_map,69,191.22282608695653,161,0.047238187471284276,-3.052552656905487,276,0.0028808607098517384,-5.849666171895906,True,direct_edge_detected,largest high-saturation contiguous vertical run,116
upper_period_map,70,191.3586956521739,161,0.047238187471284276,-3.052552656905487,275,0.0029517901986765415,-5.825343445678598,True,direct_edge_detected,largest high-saturation contiguous vertical run,115
upper_period_map,71,191.4945652173913,160,0.0484012358890333,-3.0282299306881786,275,0.0029517901986765415,-5.825343445678598,True,direct_edge_detected,largest high-saturation contiguous vertical run,116
upper_period_map,72,191.6304347826087,160,0.0484012358890333,-3.0282299306881786,275,0.0029517901986765415,-5.825343445678598,True,direct_edge_detected,largest high-saturation contiguous vertical run,116
upper_period_map,73,191.7663043478261,159,0.04959291964811185,-3.003907204470871,274,0.0030244660379471476,-5.801020719461291,True,direct_edge_detected,largest high-saturation contiguous vertical run,116
upper_period_map,74,191.90217391304347,159,0.04959291964811185,-3.003907204470871,274,0.0030244660379471476,-5.801020719461291,True,direct_edge_detected,largest high-saturation contiguous vertical run,116
upper_period_map,75,192.03804347826087,158,0.05081394377744267,-2.9795844782535625,273,0.003098931224447125,-5.776697993243983,True,direct_edge_detected,largest high-saturation contiguous vertical run,116
upper_period_map,76,192.17391304347825,158,0.05081394377744267,-2.9795844782535625,272,0.003175229813581123,-5.752375267026674,True,direct_edge_detected,largest high-saturation contiguous vertical run,115
upper_period_map,77,192.30978260869566,157,0.05206503066442089,-2.9552617520362547,272,0.003175229813581123,-5.752375267026674,True,direct_edge_detected,largest high-saturation contiguous vertical run,116
upper_period_map,78,192.44565217391303,157,0.05206503066442089,-2.9552617520362547,272,0.003175229813581123,-5.752375267026674,True,direct_edge_detected,largest high-saturation contiguous vertical run,116
upper_period_map,79,192.58152173913044,156,0.05334692048229593,-2.9309390258189456,271,0.003253406945439113,-5.728052540809366,True,direct_edge_detected,largest high-saturation contiguous vertical run,116
upper_period_map,80,192.7173913043478,156,0.05334692048229593,-2.9309390258189456,271,0.003253406945439113,-5.728052540809366,True,direct_edge_detected,largest high-saturation contiguous vertical run,116
upper_period_map,81,192.85326086956522,155,0.05466037162807569,-2.906616299601638,270,0.0033335088715023605,-5.703729814592059,True,direct_edge_detected,largest high-saturation contiguous vertical run,116
upper_period_map,82,192.9891304347826,155,0.05466037162807569,-2.906616299601638,270,0.0033335088715023605,-5.703729814592059,True,direct_edge_detected,largest high-saturation contiguous vertical run,116
upper_period_map,83,193.125,154,0.05600616117121284,-2.8822935733843296,269,0.0034155829820069175,-5.6794070883747505,True,direct_edge_detected,largest high-saturation contiguous vertical run,116
upper_period_map,84,193.2608695652174,154,0.05600616117121284,-2.8822935733843296,269,0.0034155829820069175,-5.6794070883747505,True,direct_edge_detected,largest high-saturation contiguous vertical run,116
upper_period_map,85,193.39673913043478,153,0.05738508531333775,-2.8579708471670218,268,0.003499677833980831,-5.655084362157442,True,direct_edge_detected,largest high-saturation contiguous vertical run,116
upper_period_map,86,193.5326086956522,153,0.05738508531333775,-2.8579708471670218,268,0.003499677833980831,-5.655084362157442,True,direct_edge_detected,largest high-saturation contiguous vertical run,116
upper_period_map,87,193.66847826086956,152,0.058797959859310515,-2.833648120949715,267,0.003585843179971658,-5.630761635940134,True,direct_edge_detected,largest high-saturation contiguous vertical run,116
upper_period_map,88,193.80434782608697,152,0.058797959859310515,-2.833648120949715,266,0.0036741299974812707,-5.606438909722827,True,direct_edge_detected,largest high-saturation contiguous vertical run,115
upper_period_map,89,193.94021739130434,151,0.06024562069987118,-2.8093253947324066,266,0.0036741299974812707,-5.606438909722827,True,direct_edge_detected,largest high-saturation contiguous vertical run,116
upper_period_map,90,194.07608695652175,151,0.06024562069987118,-2.8093253947324066,265,0.0037645905191253846,-5.582116183505518,True,direct_edge_detected,largest high-saturation contiguous vertical run,115
upper_period_map,91,194.21195652173913,150,0.06172892430617248,-2.785002668515099,265,0.0037645905191253846,-5.582116183505518,True,direct_edge_detected,largest high-saturation contiguous vertical run,116
upper_period_map,92,194.34782608695653,150,0.06172892430617248,-2.785002668515099,265,0.0037645905191253846,-5.582116183505518,True,direct_edge_detected,largest high-saturation contiguous vertical run,116
upper_period_map,93,194.4836956521739,149,0.06324874823648916,-2.7606799422977906,264,0.003857278263535632,-5.55779345728821,True,direct_edge_detected,largest high-saturation contiguous vertical run,116
upper_period_map,94,194.6195652173913,149,0.06324874823648916,-2.7606799422977906,264,0.003857278263535632,-5.55779345728821,True,direct_edge_detected,largest high-saturation contiguous vertical run,116
upper_period_map,95,194.7554347826087,148,0.06480599165540256,-2.7363572160804828,263,0.0039522480670224815,-5.533470731070902,True,direct_edge_detected,largest high-saturation contiguous vertical run,116
upper_period_map,96,194.8913043478261,148,0.06480599165540256,-2.7363572160804828,263,0.0039522480670224815,-5.533470731070902,True,direct_edge_detected,largest high-saturation contiguous vertical run,116
upper_period_map,97,195.02717391304347,147,0.06640157586576818,-2.7120344898631745,263,0.0039522480670224815,-5.533470731070902,True,direct_edge_detected,largest high-saturation contiguous vertical run,117
upper_period_map,98,195.16304347826087,147,0.06640157586576818,-2.7120344898631745,262,0.0040495561160177225,-5.509148004853595,True,direct_edge_detected,largest high-saturation contiguous vertical run,116
upper_period_map,99,195.29891304347825,146,0.06803644485378069,-2.6877117636458667,262,0.0040495561160177225,-5.509148004853595,True,direct_edge_detected,largest high-saturation contiguous vertical run,117
upper_period_map,100,195.43478260869566,146,0.06803644485378069,-2.6877117636458667,261,0.004149259980315721,-5.484825278636286,True,direct_edge_detected,largest high-saturation contiguous vertical run,116
upper_period_map,101,195.57065217391303,145,0.06971156584745897,-2.6633890374285585,260,0.0042514186471330935,-5.460502552418978,True,direct_edge_detected,largest high-saturation contiguous vertical run,116
upper_period_map,102,195.70652173913044,145,0.06971156584745897,-2.6633890374285585,260,0.0042514186471330935,-5.460502552418978,True,direct_edge_detected,largest high-saturation contiguous vertical run,116
upper_period_map,103,195.8423913043478,144,0.07142792988888161,-2.6390663112112507,260,0.0042514186471330935,-5.460502552418978,True,direct_edge_detected,largest high-saturation contiguous vertical run,117
upper_period_map,104,195.97826086956522,144,0.07142792988888161,-2.6390663112112507,259,0.0043560925560069816,-5.43617982620167,True,direct_edge_detected,largest high-saturation contiguous vertical run,116
upper_period_map,105,196.1141304347826,143,0.07318655242051138,-2.6147435849939424,259,0.0043560925560069816,-5.43617982620167,True,direct_edge_detected,largest high-saturation contiguous vertical run,117
upper_period_map,106,196.25,143,0.07318655242051138,-2.6147435849939424,258,0.004463343634552528,-5.411857099984363,True,direct_edge_detected,largest high-saturation contiguous vertical run,116
upper_period_map,107,196.3858695652174,142,0.07498847388595553,-2.5904208587766346,258,0.004463343634552528,-5.411857099984363,True,direct_edge_detected,largest high-saturation contiguous vertical run,117
upper_period_map,108,196.52173913043478,142,0.07498847388595553,-2.5904208587766346,257,0.004573235335100784,-5.387534373767054,True,direct_edge_detected,largest high-saturation contiguous vertical run,116
upper_period_map,109,196.6576086956522,141,0.07683476034551734,-2.5660981325593264,257,0.004573235335100784,-5.387534373767054,True,direct_edge_detected,largest high-saturation contiguous vertical run,117
upper_period_map,110,196.79347826086956,141,0.07683476034551734,-2.5660981325593264,256,0.004685832672238582,-5.363211647549747,True,direct_edge_detected,largest high-saturation contiguous vertical run,116
upper_period_map,111,196.92934782608697,140,0.07872650410690323,-2.5417754063420186,256,0.004685832672238582,-5.363211647549747,True,direct_edge_detected,largest high-saturation contiguous vertical run,117
upper_period_map,112,197.06521739130434,140,0.07872650410690323,-2.5417754063420186,255,0.004801202261272812,-5.338888921332438,True,direct_edge_detected,largest high-saturation contiguous vertical run,116
upper_period_map,113,197.20108695652175,138,0.08265086789631332,-2.4931299539074026,255,0.004801202261272812,-5.338888921332438,True,direct_edge_detected,largest high-saturation contiguous vertical run,118
upper_period_map,114,197.33695652173913,139,0.08066482437145839,-2.5174526801247104,255,0.004801202261272812,-5.338888921332438,True,direct_edge_detected,largest high-saturation contiguous vertical run,117
upper_period_map,115,197.47282608695653,139,0.08066482437145839,-2.5174526801247104,254,0.004919412357641573,-5.314566195115131,True,direct_edge_detected,largest high-saturation contiguous vertical run,116
upper_period_map,116,197.6086956521739,138,0.08265086789631332,-2.4931299539074026,254,0.004919412357641573,-5.314566195115131,True,direct_edge_detected,largest high-saturation contiguous vertical run,117
upper_period_map,117,197.7445652173913,138,0.08265086789631332,-2.4931299539074026,253,0.005040532897295816,-5.290243468897822,True,direct_edge_detected,largest high-saturation contiguous vertical run,116
upper_period_map,118,197.8804347826087,137,0.08468580967283312,-2.4688072276900943,253,0.005040532897295816,-5.290243468897822,True,direct_edge_detected,largest high-saturation contiguous vertical run,117
upper_period_map,119,198.0163043478261,137,0.08468580967283312,-2.4688072276900943,252,0.00516463553807507,-5.265920742680514,True,direct_edge_detected,largest high-saturation contiguous vertical run,116
upper_period_map,120,198.15217391304347,136,0.08677085362177077,-2.4444845014727865,252,0.00516463553807507,-5.265920742680514,True,direct_edge_detected,largest high-saturation contiguous vertical run,117
upper_period_map,121,198.28804347826087,136,0.08677085362177077,-2.4444845014727865,251,0.005291793702102003,-5.241598016463206,True,direct_edge_detected,largest high-saturation contiguous vertical run,116
upper_period_map,122,198.42391304347825,135,0.08890723330553574,-2.4201617752554783,251,0.005291793702102003,-5.241598016463206,True,direct_edge_detected,largest high-saturation contiguous vertical run,117
upper_period_map,123,198.55978260869566,135,0.08890723330553574,-2.4201617752554783,251,0.005291793702102003,-5.241598016463206,True,direct_edge_detected,largest high-saturation contiguous vertical run,117
upper_period_map,124,198.69565217391303,134,0.09109621265799936,-2.3958390490381705,250,0.005422082619220702,-5.217275290245899,True,direct_edge_detected,largest high-saturation contiguous vertical run,117
upper_period_map,125,198.83152173913044,134,0.09109621265799936,-2.3958390490381705,250,0.005422082619220702,-5.217275290245899,True,direct_edge_detected,largest high-saturation contiguous vertical run,117
upper_period_map,126,198.9673913043478,133,0.09333908673226862,-2.371516322820862,249,0.005555579371504494,-5.19295256402859,True,direct_edge_detected,largest high-saturation contiguous vertical run,117
upper_period_map,127,199.10326086956522,133,0.09333908673226862,-2.371516322820862,249,0.005555579371504494,-5.19295256402859,True,direct_edge_detected,largest high-saturation contiguous vertical run,117
upper_period_map,128,199.2391304347826,132,0.09563718246687096,-2.3471935966035544,248,0.005692362938859507,-5.168629837811283,True,direct_edge_detected,largest high-saturation contiguous vertical run,117
upper_period_map,129,199.375,132,0.09563718246687096,-2.3471935966035544,248,0.005692362938859507,-5.168629837811283,True,direct_edge_detected,largest high-saturation contiguous vertical run,117
upper_period_map,130,199.5108695652174,132,0.09563718246687096,-2.3471935966035544,247,0.005832514245751173,-5.144307111593974,True,direct_edge_detected,largest high-saturation contiguous vertical run,116
upper_period_map,131,199.64673913043478,131,0.0979918594708031,-2.322870870386246,247,0.005832514245751173,-5.144307111593974,True,direct_edge_detected,largest high-saturation contiguous vertical run,117
upper_period_map,132,199.7826086956522,131,0.0979918594708031,-2.322870870386246,246,0.005976116209081009,-5.119984385376667,True,direct_edge_detected,largest high-saturation contiguous vertical run,116
upper_period_map,133,199.91847826086956,130,0.10040451082790869,-2.2985481441689384,246,0.005976116209081009,-5.119984385376667,True,direct_edge_detected,largest high-saturation contiguous vertical run,117
upper_period_map,134,200.05434782608697,130,0.10040451082790869,-2.2985481441689384,246,0.005976116209081009,-5.119984385376667,True,direct_edge_detected,largest high-saturation contiguous vertical run,117
upper_period_map,135,200.19021739130434,129,0.1028765639210603,-2.27422541795163,245,0.0061232537872423515,-5.095661659159358,True,direct_edge_detected,largest high-saturation contiguous vertical run,117
upper_period_map,136,200.32608695652175,129,0.1028765639210603,-2.27422541795163,245,0.0061232537872423515,-5.095661659159358,True,direct_edge_detected,largest high-saturation contiguous vertical run,117
upper_period_map,137,200.46195652173913,128,0.1054094812766337,-2.2499026917343223,244,0.006274014030383704,-5.071338932942051,True,direct_edge_detected,largest high-saturation contiguous vertical run,117
upper_period_map,138,200.59782608695653,128,0.1054094812766337,-2.2499026917343223,243,0.006428486131909806,-5.047016206724742,True,direct_edge_detected,largest high-saturation contiguous vertical run,116
upper_period_map,139,200.7336956521739,128,0.1054094812766337,-2.2499026917343223,243,0.006428486131909806,-5.047016206724742,True,direct_edge_detected,largest high-saturation contiguous vertical run,116
upper_period_map,140,200.8695652173913,127,0.10800476142977376,-2.2255799655170145,243,0.006428486131909806,-5.047016206724742,True,direct_edge_detected,largest high-saturation contiguous vertical run,117
upper_period_map,141,201.0054347826087,127,0.10800476142977376,-2.2255799655170145,242,0.006586761481250504,-5.022693480507435,True,direct_edge_detected,largest high-saturation contiguous vertical run,116
upper_period_map,142,201.1413043478261,126,0.11066393981096419,-2.2012572392997063,242,0.006586761481250504,-5.022693480507435,True,direct_edge_detected,largest high-saturation contiguous vertical run,117
upper_period_map,143,201.27717391304347,126,0.11066393981096419,-2.2012572392997063,241,0.006748933717929057,-4.998370754290126,True,direct_edge_detected,largest high-saturation contiguous vertical run,116
upper_period_map,144,201.41304347826087,125,0.11338858965442516,-2.176934513082398,241,0.006748933717929057,-4.998370754290126,True,direct_edge_detected,largest high-saturation contiguous vertical run,117
upper_period_map,145,201.54891304347825,125,0.11338858965442516,-2.176934513082398,240,0.006915098786961429,-4.9740480280728185,True,direct_edge_detected,largest high-saturation contiguous vertical run,116
upper_period_map,146,201.68478260869566,124,0.11618032292887676,-2.152611786865091,240,0.006915098786961429,-4.9740480280728185,True,direct_edge_detected,largest high-saturation contiguous vertical run,117
upper_period_map,147,201.82065217391303,124,0.11618032292887676,-2.152611786865091,240,0.006915098786961429,-4.9740480280728185,True,direct_edge_detected,largest high-saturation contiguous vertical run,117
upper_period_map,148,201.95652173913044,123,0.11904079129121901,-2.1282890606477833,239,0.007085354995619795,-4.94972530185551,True,direct_edge_detected,largest high-saturation contiguous vertical run,117
upper_period_map,149,202.0923913043478,123,0.11904079129121901,-2.1282890606477833,239,0.007085354995619795,-4.94972530185551,True,direct_edge_detected,largest high-saturation contiguous vertical run,117
upper_period_map,150,202.22826086956522,121,0.12497474423509196,-2.0796436082131673,238,0.007259803071593388,-4.925402575638203,True,direct_edge_detected,largest high-saturation contiguous vertical run,118
upper_period_map,151,202.3641304347826,122,0.12197168706369137,-2.103966334430475,238,0.007259803071593388,-4.925402575638203,True,direct_edge_detected,largest high-saturation contiguous vertical run,117
upper_period_map,152,202.5,122,0.12197168706369137,-2.103966334430475,237,0.007438546222581543,-4.901079849420894,True,direct_edge_detected,largest high-saturation contiguous vertical run,116
upper_period_map,153,202.6358695652174,121,0.12497474423509196,-2.0796436082131673,237,0.007438546222581543,-4.901079849420894,True,direct_edge_detected,largest high-saturation contiguous vertical run,117
upper_period_map,154,202.77173913043478,121,0.12497474423509196,-2.0796436082131673,236,0.007621690197353759,-4.8767571232035865,True,direct_edge_detected,largest high-saturation contiguous vertical run,116
upper_period_map,155,202.9076086956522,120,0.12805173948664708,-2.055320881995859,236,0.007621690197353759,-4.8767571232035865,True,direct_edge_detected,largest high-saturation contiguous vertical run,117
upper_period_map,156,203.04347826086956,120,0.12805173948664708,-2.055320881995859,236,0.007621690197353759,-4.8767571232035865,True,direct_edge_detected,largest high-saturation contiguous vertical run,117
upper_period_map,157,203.17934782608697,118,0.13443487074991256,-2.006675429561243,235,0.007809343348313332,-4.852434396986279,True,direct_edge_detected,largest high-saturation contiguous vertical run,118
upper_period_map,158,203.31521739130434,119,0.13120449324313888,-2.0309981557785513,235,0.007809343348313332,-4.852434396986279,True,direct_edge_detected,largest high-saturation contiguous vertical run,117
upper_period_map,159,203.45108695652175,119,0.13120449324313888,-2.0309981557785513,234,0.008001616695601179,-4.828111670768971,True,direct_edge_detected,largest high-saturation contiguous vertical run,116
upper_period_map,160,203.58695652173913,118,0.13443487074991256,-2.006675429561243,234,0.008001616695601179,-4.828111670768971,True,direct_edge_detected,largest high-saturation contiguous vertical run,117
upper_period_map,161,203.72282608695653,118,0.13443487074991256,-2.006675429561243,233,0.008198623992778074,-4.803788944551663,True,direct_edge_detected,largest high-saturation contiguous vertical run,116
upper_period_map,162,203.8586956521739,117,0.1377447831764007,-1.982352703343935,233,0.008198623992778074,-4.803788944551663,True,direct_edge_detected,largest high-saturation contiguous vertical run,117
upper_period_map,163,203.9945652173913,117,0.1377447831764007,-1.982352703343935,232,0.00840048179412399,-4.779466218334355,True,direct_edge_detected,largest high-saturation contiguous vertical run,116
upper_period_map,164,204.1304347826087,116,0.14113618874681724,-1.9580299771266272,232,0.00840048179412399,-4.779466218334355,True,direct_edge_detected,largest high-saturation contiguous vertical run,117
upper_period_map,165,204.2663043478261,116,0.14113618874681724,-1.9580299771266272,232,0.00840048179412399,-4.779466218334355,True,direct_edge_detected,largest high-saturation contiguous vertical run,117
upper_period_map,166,204.40217391304347,115,0.14461109389869037,-1.9337072509093192,231,0.008607309523594444,-4.755143492117047,True,direct_edge_detected,largest high-saturation contiguous vertical run,117
upper_period_map,167,204.53804347826087,115,0.14461109389869037,-1.9337072509093192,231,0.008607309523594444,-4.755143492117047,True,direct_edge_detected,largest high-saturation contiguous vertical run,117
upper_period_map,168,204.67391304347825,114,0.14817155446991928,-1.9093845246920111,230,0.008819229545474582,-4.730820765899739,True,direct_edge_detected,largest high-saturation contiguous vertical run,117
upper_period_map,169,204.80978260869566,114,0.14817155446991928,-1.9093845246920111,230,0.008819229545474582,-4.730820765899739,True,direct_edge_detected,largest high-saturation contiguous vertical run,117
upper_period_map,170,204.94565217391303,114,0.14817155446991928,-1.9093845246920111,230,0.008819229545474582,-4.730820765899739,True,direct_edge_detected,largest high-saturation contiguous vertical run,117
upper_period_map,171,205.08152173913044,113,0.15181967691505793,-1.885061798474702,229,0.009036367236772865,-4.70649803968243,True,direct_edge_detected,largest high-saturation contiguous vertical run,117
upper_period_map,172,205.2173913043478,113,0.15181967691505793,-1.885061798474702,229,0.009036367236772865,-4.70649803968243,True,direct_edge_detected,largest high-saturation contiguous vertical run,117
upper_period_map,173,205.35326086956522,112,0.15555761955154382,-1.860739072257394,228,0.009258851061397087,-4.682175313465122,True,direct_edge_detected,largest high-saturation contiguous vertical run,117
upper_period_map,174,205.4891304347826,112,0.15555761955154382,-1.860739072257394,228,0.009258851061397087,-4.682175313465122,True,direct_edge_detected,largest high-saturation contiguous vertical run,117
upper_period_map,175,205.625,112,0.15555761955154382,-1.860739072257394,227,0.009486812646156839,-4.657852587247814,True,direct_edge_detected,largest high-saturation contiguous vertical run,116
upper_period_map,176,205.7608695652174,111,0.15938759383661155,-1.836416346040086,227,0.009486812646156839,-4.657852587247814,True,direct_edge_detected,largest high-saturation contiguous vertical run,117
upper_period_map,177,205.89673913043478,111,0.15938759383661155,-1.836416346040086,226,0.009720386858636963,-4.633529861030507,True,direct_edge_detected,largest high-saturation contiguous vertical run,116
upper_period_map,178,206.0326086956522,110,0.16331186567564396,-1.8120936198227782,226,0.009720386858636963,-4.633529861030507,True,direct_edge_detected,largest high-saturation contiguous vertical run,117
upper_period_map,179,206.16847826086956,110,0.16331186567564396,-1.8120936198227782,226,0.009720386858636963,-4.633529861030507,True,direct_edge_detected,largest high-saturation contiguous vertical run,117
upper_period_map,180,206.30434782608697,108,0.17145264595426812,-1.763448167388162,225,0.009959711886988631,-4.6092071348131975,True,direct_edge_detected,largest high-saturation contiguous vertical run,118
upper_period_map,181,206.44021739130434,109,0.16733275676273662,-1.78777089360547,225,0.009959711886988631,-4.6092071348131975,True,direct_edge_detected,largest high-saturation contiguous vertical run,117
upper_period_map,182,206.57608695652175,109,0.16733275676273662,-1.78777089360547,224,0.010204929321684653,-4.58488440859589,True,direct_edge_detected,largest high-saturation contiguous vertical run,116
upper_period_map,183,206.71195652173913,108,0.17145264595426812,-1.763448167388162,224,0.010204929321684653,-4.58488440859589,True,direct_edge_detected,largest high-saturation contiguous vertical run,117
upper_period_map,184,206.84782608695653,108,0.17145264595426812,-1.763448167388162,223,0.01045618423928793,-4.560561682378583,True,direct_edge_detected,largest high-saturation contiguous vertical run,116
upper_period_map,185,206.9836956521739,106,0.17999922836656246,-1.714802714953546,223,0.01045618423928793,-4.560561682378583,True,direct_edge_detected,largest high-saturation contiguous vertical run,118
upper_period_map,186,207.1195652173913,107,0.17567397067628912,-1.739125441170854,223,0.01045618423928793,-4.560561682378583,True,direct_edge_detected,largest high-saturation contiguous vertical run,117
upper_period_map,187,207.2554347826087,107,0.17567397067628912,-1.739125441170854,222,0.010713625288282215,-4.536238956161275,True,direct_edge_detected,largest high-saturation contiguous vertical run,116
upper_period_map,188,207.3913043478261,106,0.17999922836656246,-1.714802714953546,222,0.010713625288282215,-4.536238956161275,True,direct_edge_detected,largest high-saturation contiguous vertical run,117
upper_period_map,189,207.52717391304347,106,0.17999922836656246,-1.714802714953546,221,0.010977404777016137,-4.511916229943966,True,direct_edge_detected,largest high-saturation contiguous vertical run,116
upper_period_map,190,207.66304347826087,105,0.18443097795210778,-1.690479988736238,221,0.010977404777016137,-4.511916229943966,True,direct_edge_detected,largest high-saturation contiguous vertical run,117
upper_period_map,191,207.79891304347825,105,0.18443097795210778,-1.690479988736238,221,0.010977404777016137,-4.511916229943966,True,direct_edge_detected,largest high-saturation contiguous vertical run,117
upper_period_map,192,207.93478260869566,104,0.1889718413631245,-1.66615726251893,220,0.011247678763812524,-4.487593503726659,True,direct_edge_detected,largest high-saturation contiguous vertical run,117
upper_period_map,193,208.07065217391303,104,0.1889718413631245,-1.66615726251893,220,0.011247678763812524,-4.487593503726659,True,direct_edge_detected,largest high-saturation contiguous vertical run,117
upper_period_map,194,208.20652173913044,104,0.1889718413631245,-1.66615726251893,219,0.011524607149296274,-4.463270777509351,True,direct_edge_detected,largest high-saturation contiguous vertical run,116
upper_period_map,195,208.3423913043478,103,0.1936245050841893,-1.641834536301622,219,0.011524607149296274,-4.463270777509351,True,direct_edge_detected,largest high-saturation contiguous vertical run,117
upper_period_map,196,208.47826086956522,103,0.1936245050841893,-1.641834536301622,219,0.011524607149296274,-4.463270777509351,True,direct_edge_detected,largest high-saturation contiguous vertical run,117
upper_period_map,197,208.61413043478262,102,0.19839172174364514,-1.6175118100843138,218,0.011808353770995426,-4.4389480512920425,True,direct_edge_detected,largest high-saturation contiguous vertical run,117
upper_period_map,198,208.75,102,0.19839172174364514,-1.6175118100843138,218,0.011808353770995426,-4.4389480512920425,True,direct_edge_detected,largest high-saturation contiguous vertical run,117
upper_period_map,199,208.88586956521738,102,0.19839172174364514,-1.6175118100843138,217,0.012099086500271408,-4.414625325074734,True,direct_edge_detected,largest high-saturation contiguous vertical run,116
upper_period_map,200,209.02173913043478,101,0.20327631174212285,-1.593189083867006,217,0.012099086500271408,-4.414625325074734,True,direct_edge_detected,largest high-saturation contiguous vertical run,117
upper_period_map,201,209.1576086956522,101,0.20327631174212285,-1.593189083867006,218,0.011808353770995426,-4.4389480512920425,True,direct_edge_detected,largest high-saturation contiguous vertical run,118
upper_period_map,202,209.29347826086956,100,0.2082811649211584,-1.568866357649698,216,0.012396977341635789,-4.390302598857427,True,direct_edge_detected,largest high-saturation contiguous vertical run,117
upper_period_map,203,209.42934782608697,100,0.2082811649211584,-1.568866357649698,216,0.012396977341635789,-4.390302598857427,True,direct_edge_detected,largest high-saturation contiguous vertical run,117
upper_period_map,204,209.56521739130434,100,0.2082811649211584,-1.568866357649698,215,0.01270220253451231,-4.365979872640119,True,direct_edge_detected,largest high-saturation contiguous vertical run,116
upper_period_map,205,209.70108695652175,99,0.21340924227289257,-1.5445436314323908,215,0.01270220253451231,-4.365979872640119,True,direct_edge_detected,largest high-saturation contiguous vertical run,117
upper_period_map,206,209.83695652173913,99,0.21340924227289257,-1.5445436314323908,214,0.013014942657504386,-4.34165714642281,True,direct_edge_detected,largest high-saturation contiguous vertical run,116
upper_period_map,207,209.97282608695653,98,0.21866357769186662,-1.520220905215083,214,0.013014942657504386,-4.34165714642281,True,direct_edge_detected,largest high-saturation contiguous vertical run,117
upper_period_map,208,210.1086956521739,98,0.21866357769186662,-1.520220905215083,213,0.013335382735229773,-4.317334420205502,True,direct_edge_detected,largest high-saturation contiguous vertical run,116
upper_period_map,209,210.2445652173913,96,0.22956353363544035,-1.4715754527804668,213,0.013335382735229773,-4.317334420205502,True,direct_edge_detected,largest high-saturation contiguous vertical run,118
upper_period_map,210,210.3804347826087,97,0.2240472797699462,-1.495898178997775,213,0.013335382735229773,-4.317334420205502,True,direct_edge_detected,largest high-saturation contiguous vertical run,117
upper_period_map,211,210.5163043478261,97,0.2240472797699462,-1.495898178997775,212,0.013663712347785607,-4.293011693988195,True,direct_edge_detected,largest high-saturation contiguous vertical run,116
upper_period_map,212,210.65217391304347,96,0.22956353363544035,-1.4715754527804668,212,0.013663712347785607,-4.293011693988195,True,direct_edge_detected,largest high-saturation contiguous vertical run,117
upper_period_map,213,210.78804347826087,96,0.22956353363544035,-1.4715754527804668,211,0.014000125742908572,-4.268688967770887,True,direct_edge_detected,largest high-saturation contiguous vertical run,116
upper_period_map,214,210.92391304347825,94,0.24100683127691344,-1.4229300003458507,211,0.014000125742908572,-4.268688967770887,True,direct_edge_detected,largest high-saturation contiguous vertical run,118
upper_period_map,215,211.05978260869566,95,0.23521560283750018,-1.4472527265631587,211,0.014000125742908572,-4.268688967770887,True,direct_edge_detected,largest high-saturation contiguous vertical run,117
upper_period_map,216,211.19565217391303,95,0.23521560283750018,-1.4472527265631587,210,0.014344821950896557,-4.244366241553578,True,direct_edge_detected,largest high-saturation contiguous vertical run,116
upper_period_map,217,211.33152173913044,93,0.24694064518443717,-1.398607274128543,210,0.014344821950896557,-4.244366241553578,True,direct_edge_detected,largest high-saturation contiguous vertical run,118
upper_period_map,218,211.4673913043478,94,0.24100683127691344,-1.4229300003458507,209,0.01469800490235979,-4.22004351533627,True,direct_edge_detected,largest high-saturation contiguous vertical run,116
upper_period_map,219,211.60326086956522,92,0.25302055514783856,-1.3742845479112347,209,0.01469800490235979,-4.22004351533627,True,direct_edge_detected,largest high-saturation contiguous vertical run,118
upper_period_map,220,211.73913043478262,93,0.24694064518443717,-1.398607274128543,209,0.01469800490235979,-4.22004351533627,True,direct_edge_detected,largest high-saturation contiguous vertical run,117
upper_period_map,221,211.875,93,0.24694064518443717,-1.398607274128543,208,0.015059883548871122,-4.195720789118963,True,direct_edge_detected,largest high-saturation contiguous vertical run,116
upper_period_map,222,212.01086956521738,92,0.25302055514783856,-1.3742845479112347,208,0.015059883548871122,-4.195720789118963,True,direct_edge_detected,largest high-saturation contiguous vertical run,117
upper_period_map,223,212.14673913043478,92,0.25302055514783856,-1.3742845479112347,207,0.015430671986586828,-4.1713980629016545,True,direct_edge_detected,largest high-saturation contiguous vertical run,116
upper_period_map,224,212.2826086956522,90,0.26563313989122167,-1.3256390954766186,207,0.015430671986586828,-4.1713980629016545,True,direct_edge_detected,largest high-saturation contiguous vertical run,118
upper_period_map,225,212.41847826086956,91,0.25925015818884345,-1.3499618216939269,207,0.015430671986586828,-4.1713980629016545,True,direct_edge_detected,largest high-saturation contiguous vertical run,117
upper_period_map,226,212.55434782608697,91,0.25925015818884345,-1.3499618216939269,206,0.015810589582911063,-4.147075336684346,True,direct_edge_detected,largest high-saturation contiguous vertical run,116
upper_period_map,227,212.69021739130434,90,0.26563313989122167,-1.3256390954766186,206,0.015810589582911063,-4.147075336684346,True,direct_edge_detected,largest high-saturation contiguous vertical run,117
upper_period_map,228,212.82608695652175,90,0.26563313989122167,-1.3256390954766186,205,0.016199861106278936,-4.122752610467038,True,direct_edge_detected,largest high-saturation contiguous vertical run,116
upper_period_map,229,212.96195652173913,90,0.26563313989122167,-1.3256390954766186,205,0.016199861106278936,-4.122752610467038,True,direct_edge_detected,largest high-saturation contiguous vertical run,116
upper_period_map,230,213.09782608695653,89,0.27217327658126705,-1.3013163692593108,205,0.016199861106278936,-4.122752610467038,True,direct_edge_detected,largest high-saturation contiguous vertical run,117
upper_period_map,231,213.2336956521739,89,0.27217327658126705,-1.3013163692593108,204,0.01659871685913493,-4.098429884249731,True,direct_edge_detected,largest high-saturation contiguous vertical run,116
upper_period_map,232,213.3695652173913,88,0.27887443756196384,-1.2769936430420028,204,0.01659871685913493,-4.098429884249731,True,direct_edge_detected,largest high-saturation contiguous vertical run,117
upper_period_map,233,213.5054347826087,88,0.27887443756196384,-1.2769936430420028,203,0.017007392814185413,-4.074107158032422,True,direct_edge_detected,largest high-saturation contiguous vertical run,116
upper_period_map,234,213.6413043478261,88,0.27887443756196384,-1.2769936430420028,203,0.017007392814185413,-4.074107158032422,True,direct_edge_detected,largest high-saturation contiguous vertical run,116
upper_period_map,235,213.77717391304347,87,0.2857405874021595,-1.2526709168246948,203,0.017007392814185413,-4.074107158032422,True,direct_edge_detected,largest high-saturation contiguous vertical run,117
upper_period_map,236,213.91304347826087,87,0.2857405874021595,-1.2526709168246948,202,0.017426130754005793,-4.049784431815114,True,direct_edge_detected,largest high-saturation contiguous vertical run,116
upper_period_map,237,214.04891304347825,86,0.2927757882820997,-1.2283481906073865,202,0.017426130754005793,-4.049784431815114,True,direct_edge_detected,largest high-saturation contiguous vertical run,117
upper_period_map,238,214.18478260869566,86,0.2927757882820997,-1.2283481906073865,201,0.01785517841408493,-4.025461705597806,True,direct_edge_detected,largest high-saturation contiguous vertical run,116
upper_period_map,239,214.32065217391303,86,0.2927757882820997,-1.2283481906073865,201,0.01785517841408493,-4.025461705597806,True,direct_edge_detected,largest high-saturation contiguous vertical run,116
upper_period_map,240,214.45652173913044,85,0.29998420239671225,-1.2040254643900787,201,0.01785517841408493,-4.025461705597806,True,direct_edge_detected,largest high-saturation contiguous vertical run,117
upper_period_map,241,214.5923913043478,85,0.29998420239671225,-1.2040254643900787,200,0.018294789629391437,-4.001138979380499,True,direct_edge_detected,largest high-saturation contiguous vertical run,116
upper_period_map,242,214.72826086956522,85,0.29998420239671225,-1.2040254643900787,200,0.018294789629391437,-4.001138979380499,True,direct_edge_detected,largest high-saturation contiguous vertical run,116
upper_period_map,243,214.86413043478262,84,0.30737009441806235,-1.1797027381727707,200,0.018294789629391437,-4.001138979380499,True,direct_edge_detected,largest high-saturation contiguous vertical run,117
upper_period_map,244,215.0,84,0.30737009441806235,-1.1797027381727707,199,0.018745224484548604,-3.9768162531631903,True,direct_edge_detected,largest high-saturation contiguous vertical run,116
upper_period_map,245,215.13586956521738,82,0.32269189845554197,-1.1310572857381547,199,0.018745224484548604,-3.9768162531631903,True,direct_edge_detected,largest high-saturation contiguous vertical run,118
upper_period_map,246,215.27173913043478,83,0.3149378340184356,-1.1553800119554627,198,0.01920674946770672,-3.9524935269458825,True,direct_edge_detected,largest high-saturation contiguous vertical run,116
upper_period_map,247,215.4076086956522,83,0.3149378340184356,-1.1553800119554627,198,0.01920674946770672,-3.9524935269458825,True,direct_edge_detected,largest high-saturation contiguous vertical run,116
upper_period_map,248,215.54347826086956,82,0.32269189845554197,-1.1310572857381547,197,0.019679637628203926,-3.9281708007285747,True,direct_edge_detected,largest high-saturation contiguous vertical run,116
upper_period_map,249,215.67934782608697,82,0.32269189845554197,-1.1310572857381547,197,0.019679637628203926,-3.9281708007285747,True,direct_edge_detected,largest high-saturation contiguous vertical run,116
upper_period_map,250,215.81521739130434,82,0.32269189845554197,-1.1310572857381547,197,0.019679637628203926,-3.9281708007285747,True,direct_edge_detected,largest high-saturation contiguous vertical run,116
upper_period_map,251,215.95108695652175,81,0.3306368752213692,-1.1067345595208467,196,0.020164168738108817,-3.903848074511267,True,direct_edge_detected,largest high-saturation contiguous vertical run,116
upper_period_map,252,216.08695652173913,81,0.3306368752213692,-1.1067345595208467,196,0.020164168738108817,-3.903848074511267,True,direct_edge_detected,largest high-saturation contiguous vertical run,116
upper_period_map,253,216.22282608695653,80,0.3387774647562547,-1.0824118333035386,196,0.020164168738108817,-3.903848074511267,True,direct_edge_detected,largest high-saturation contiguous vertical run,117
upper_period_map,254,216.3586956521739,80,0.3387774647562547,-1.0824118333035386,195,0.020660629457740325,-3.8795253482939587,True,direct_edge_detected,largest high-saturation contiguous vertical run,116
upper_period_map,255,216.4945652173913,80,0.3387774647562547,-1.0824118333035386,195,0.020660629457740325,-3.8795253482939587,True,direct_edge_detected,largest high-saturation contiguous vertical run,116
upper_period_map,256,216.6304347826087,79,0.347118483229779,-1.0580891070862306,194,0.021169313505262913,-3.855202622076651,True,direct_edge_detected,largest high-saturation contiguous vertical run,116
upper_period_map,257,216.7663043478261,79,0.347118483229779,-1.0580891070862306,194,0.021169313505262913,-3.855202622076651,True,direct_edge_detected,largest high-saturation contiguous vertical run,116
upper_period_map,258,216.90217391304347,79,0.347118483229779,-1.0580891070862306,194,0.021169313505262913,-3.855202622076651,True,direct_edge_detected,largest high-saturation contiguous vertical run,116
upper_period_map,259,217.03804347826087,78,0.35566486539012865,-1.0337663808689226,193,0.021690521830457353,-3.8308798958593426,True,direct_edge_detected,largest high-saturation contiguous vertical run,116
upper_period_map,260,217.17391304347825,78,0.35566486539012865,-1.0337663808689226,193,0.021690521830457353,-3.8308798958593426,True,direct_edge_detected,largest high-saturation contiguous vertical run,116
upper_period_map,261,217.30978260869566,78,0.35566486539012865,-1.0337663808689226,192,0.022224562792769877,-3.806557169642035,True,direct_edge_detected,largest high-saturation contiguous vertical run,115
upper_period_map,262,217.44565217391303,77,0.36442166748361216,-1.0094436546516146,192,0.022224562792769877,-3.806557169642035,True,direct_edge_detected,largest high-saturation contiguous vertical run,116
upper_period_map,263,217.58152173913044,77,0.36442166748361216,-1.0094436546516146,192,0.022224562792769877,-3.806557169642035,True,direct_edge_detected,largest high-saturation contiguous vertical run,116
upper_period_map,264,217.7173913043478,75,0.3825873819678621,-0.9607982022169985,191,0.022771752343745087,-3.7822344434247266,True,direct_edge_detected,largest high-saturation contiguous vertical run,117
upper_period_map,265,217.85326086956522,76,0.3733940702460578,-0.9851209284343065,191,0.022771752343745087,-3.7822344434247266,True,direct_edge_detected,largest high-saturation contiguous vertical run,116
upper_period_map,266,217.98913043478262,76,0.3733940702460578,-0.9851209284343065,192,0.022224562792769877,-3.806557169642035,True,direct_edge_detected,largest high-saturation contiguous vertical run,117
upper_period_map,267,218.125,75,0.3825873819678621,-0.9607982022169985,190,0.023332414213950523,-3.757911717207419,True,direct_edge_detected,largest high-saturation contiguous vertical run,116
upper_period_map,268,218.26086956521738,75,0.3825873819678621,-0.9607982022169985,190,0.023332414213950523,-3.757911717207419,True,direct_edge_detected,largest high-saturation contiguous vertical run,116
upper_period_map,269,218.39673913043478,75,0.3825873819678621,-0.9607982022169985,189,0.023906880104503505,-3.7335889909901105,True,direct_edge_detected,largest high-saturation contiguous vertical run,115
upper_period_map,270,218.5326086956522,74,0.3920070416345027,-0.9364754759996905,189,0.023906880104503505,-3.7335889909901105,True,direct_edge_detected,largest high-saturation contiguous vertical run,116
upper_period_map,271,218.66847826086956,74,0.3920070416345027,-0.9364754759996905,189,0.023906880104503505,-3.7335889909901105,True,direct_edge_detected,largest high-saturation contiguous vertical run,116
upper_period_map,272,218.80434782608697,72,0.4115478336058474,-0.8878300235650746,188,0.02449548988331353,-3.7092662647728023,True,direct_edge_detected,largest high-saturation contiguous vertical run,117
upper_period_map,273,218.94021739130434,73,0.40165862214437376,-0.9121527497823825,188,0.02449548988331353,-3.7092662647728023,True,direct_edge_detected,largest high-saturation contiguous vertical run,116
upper_period_map,274,219.07608695652175,73,0.40165862214437376,-0.9121527497823825,188,0.02449548988331353,-3.7092662647728023,True,direct_edge_detected,largest high-saturation contiguous vertical run,116
upper_period_map,275,219.21195652173913,73,0.40165862214437376,-0.9121527497823825,187,0.025098591786156296,-3.684943538555494,True,direct_edge_detected,largest high-saturation contiguous vertical run,115
upper_period_map,276,219.34782608695653,72,0.4115478336058474,-0.8878300235650746,187,0.025098591786156296,-3.684943538555494,True,direct_edge_detected,largest high-saturation contiguous vertical run,116
upper_period_map,277,219.4836956521739,72,0.4115478336058474,-0.8878300235650746,186,0.025716542622698502,-3.6606208123381863,True,direct_edge_detected,largest high-saturation contiguous vertical run,115
upper_period_map,278,219.6195652173913,70,0.4320626962195849,-0.8391845711304584,186,0.025716542622698502,-3.6606208123381863,True,direct_edge_detected,largest high-saturation contiguous vertical run,117
upper_period_map,279,219.7554347826087,71,0.42168052671551143,-0.8635072973477675,186,0.025716542622698502,-3.6606208123381863,True,direct_edge_detected,largest high-saturation contiguous vertical run,116
upper_period_map,280,219.8913043478261,71,0.42168052671551143,-0.8635072973477675,185,0.026349707987595,-3.636298086120878,True,direct_edge_detected,largest high-saturation contiguous vertical run,115
upper_period_map,281,220.02717391304347,70,0.4320626962195849,-0.8391845711304584,185,0.026349707987595,-3.636298086120878,True,direct_edge_detected,largest high-saturation contiguous vertical run,116
upper_period_map,282,220.16304347826087,70,0.4320626962195849,-0.8391845711304584,185,0.026349707987595,-3.636298086120878,True,direct_edge_detected,largest high-saturation contiguous vertical run,116
upper_period_map,283,220.29891304347825,70,0.4320626962195849,-0.8391845711304584,184,0.026998462476783433,-3.6119753599035707,True,direct_edge_detected,largest high-saturation contiguous vertical run,115
upper_period_map,284,220.43478260869566,69,0.44270048446055066,-0.8148618449131504,184,0.026998462476783433,-3.6119753599035707,True,direct_edge_detected,largest high-saturation contiguous vertical run,116
upper_period_map,285,220.57065217391303,69,0.44270048446055066,-0.8148618449131504,183,0.027663189909104317,-3.587652633686263,True,direct_edge_detected,largest high-saturation contiguous vertical run,115
upper_period_map,286,220.70652173913044,67,0.4647682463976509,-0.7662163924785345,183,0.027663189909104317,-3.587652633686263,True,direct_edge_detected,largest high-saturation contiguous vertical run,117
upper_period_map,287,220.8423913043478,68,0.45360018501111815,-0.7905391186958425,183,0.027663189909104317,-3.587652633686263,True,direct_edge_detected,largest high-saturation contiguous vertical run,116
upper_period_map,288,220.97826086956522,68,0.45360018501111815,-0.7905391186958425,182,0.028344283553377453,-3.5633299074689546,True,direct_edge_detected,largest high-saturation contiguous vertical run,115
upper_period_map,289,221.11413043478262,66,0.476211275915271,-0.7418936662612263,182,0.028344283553377453,-3.5633299074689546,True,direct_edge_detected,largest high-saturation contiguous vertical run,117
upper_period_map,290,221.25,67,0.4647682463976509,-0.7662163924785345,182,0.028344283553377453,-3.5633299074689546,True,direct_edge_detected,largest high-saturation contiguous vertical run,116
upper_period_map,291,221.38586956521738,67,0.4647682463976509,-0.7662163924785345,181,0.02904214636106932,-3.5390071812516464,True,direct_edge_detected,largest high-saturation contiguous vertical run,115
upper_period_map,292,221.52173913043478,67,0.4647682463976509,-0.7662163924785345,181,0.02904214636106932,-3.5390071812516464,True,direct_edge_detected,largest high-saturation contiguous vertical run,115
upper_period_map,293,221.6576086956522,66,0.476211275915271,-0.7418936662612263,182,0.028344283553377453,-3.5633299074689546,True,direct_edge_detected,largest high-saturation contiguous vertical run,117
upper_period_map,294,221.79347826086956,66,0.476211275915271,-0.7418936662612263,180,0.02975719120468891,-3.5146844550343386,True,direct_edge_detected,largest high-saturation contiguous vertical run,115
upper_period_map,295,221.92934782608697,66,0.476211275915271,-0.7418936662612263,180,0.02975719120468891,-3.5146844550343386,True,direct_edge_detected,largest high-saturation contiguous vertical run,115
upper_period_map,296,222.06521739130434,65,0.48793604353689457,-0.7175709400439184,179,0.03048984112205306,-3.4903617288170303,True,direct_edge_detected,largest high-saturation contiguous vertical run,115
upper_period_map,297,222.20108695652175,65,0.48793604353689457,-0.7175709400439184,179,0.03048984112205306,-3.4903617288170303,True,direct_edge_detected,largest high-saturation contiguous vertical run,115
upper_period_map,298,222.33695652173913,63,0.5122587105030797,-0.6689254876093025,179,0.03048984112205306,-3.4903617288170303,True,direct_edge_detected,largest high-saturation contiguous vertical run,117
upper_period_map,299,222.47282608695653,64,0.4999494859185118,-0.6932482138266103,178,0.03124052956656587,-3.4660390025997225,True,direct_edge_detected,largest high-saturation contiguous vertical run,115
upper_period_map,300,222.6086956521739,64,0.4999494859185118,-0.6932482138266103,178,0.03124052956656587,-3.4660390025997225,True,direct_edge_detected,largest high-saturation contiguous vertical run,115
upper_period_map,301,222.7445652173913,64,0.4999494859185118,-0.6932482138266103,177,0.03200970066366021,-3.4417162763824147,True,direct_edge_detected,largest high-saturation contiguous vertical run,114
upper_period_map,302,222.8804347826087,63,0.5122587105030797,-0.6689254876093025,177,0.03200970066366021,-3.4417162763824147,True,direct_edge_detected,largest high-saturation contiguous vertical run,115
upper_period_map,303,223.0163043478261,63,0.5122587105030797,-0.6689254876093025,177,0.03200970066366021,-3.4417162763824147,True,direct_edge_detected,largest high-saturation contiguous vertical run,115
upper_period_map,304,223.15217391304347,62,0.524870999725458,-0.6446027613919942,176,0.032797809473553076,-3.4173935501651065,True,direct_edge_detected,largest high-saturation contiguous vertical run,115
upper_period_map,305,223.28804347826087,62,0.524870999725458,-0.6446027613919942,176,0.032797809473553076,-3.4173935501651065,True,direct_edge_detected,largest high-saturation contiguous vertical run,115
upper_period_map,306,223.42391304347825,62,0.524870999725458,-0.6446027613919942,176,0.032797809473553076,-3.4173935501651065,True,direct_edge_detected,largest high-saturation contiguous vertical run,115
upper_period_map,307,223.55978260869566,61,0.5377938153208728,-0.6202800351746864,175,0.033605322260470194,-3.3930708239477982,True,direct_edge_detected,largest high-saturation contiguous vertical run,115
upper_period_map,308,223.69565217391306,61,0.5377938153208728,-0.6202800351746864,175,0.033605322260470194,-3.3930708239477982,True,direct_edge_detected,largest high-saturation contiguous vertical run,115
upper_period_map,309,223.83152173913044,61,0.5377938153208728,-0.6202800351746864,175,0.033605322260470194,-3.3930708239477982,True,direct_edge_detected,largest high-saturation contiguous vertical run,115
upper_period_map,310,223.9673913043478,61,0.5377938153208728,-0.6202800351746864,174,0.03443271676849921,-3.3687480977304904,True,direct_edge_detected,largest high-saturation contiguous vertical run,114
upper_period_map,311,224.10326086956522,60,0.5510348027394603,-0.5959573089573784,174,0.03443271676849921,-3.3687480977304904,True,direct_edge_detected,largest high-saturation contiguous vertical run,115
upper_period_map,312,224.23913043478262,60,0.5510348027394603,-0.5959573089573784,175,0.033605322260470194,-3.3930708239477982,True,direct_edge_detected,largest high-saturation contiguous vertical run,116
upper_period_map,313,224.375,58,0.5785028206720113,-0.5473118565227623,173,0.03528048250423468,-3.3444253715131826,True,direct_edge_detected,largest high-saturation contiguous vertical run,116
upper_period_map,314,224.51086956521738,59,0.5646017956694994,-0.5716345827400703,173,0.03528048250423468,-3.3444253715131826,True,direct_edge_detected,largest high-saturation contiguous vertical run,115
upper_period_map,315,224.64673913043478,59,0.5646017956694994,-0.5716345827400703,173,0.03528048250423468,-3.3444253715131826,True,direct_edge_detected,largest high-saturation contiguous vertical run,115
upper_period_map,316,224.7826086956522,59,0.5646017956694994,-0.5716345827400703,172,0.03614912102638195,-3.3201026452958744,True,direct_edge_detected,largest high-saturation contiguous vertical run,114
upper_period_map,317,224.91847826086956,58,0.5785028206720113,-0.5473118565227623,172,0.03614912102638195,-3.3201026452958744,True,direct_edge_detected,largest high-saturation contiguous vertical run,115
upper_period_map,318,225.05434782608694,58,0.5785028206720113,-0.5473118565227623,173,0.03528048250423468,-3.3444253715131826,True,direct_edge_detected,largest high-saturation contiguous vertical run,116
upper_period_map,319,225.19021739130434,58,0.5785028206720113,-0.5473118565227623,171,0.037039146242491466,-3.2957799190785666,True,direct_edge_detected,largest high-saturation contiguous vertical run,114
upper_period_map,320,225.32608695652175,57,0.5927461019294672,-0.5229891303054542,171,0.037039146242491466,-3.2957799190785666,True,direct_edge_detected,largest high-saturation contiguous vertical run,115
upper_period_map,321,225.46195652173913,57,0.5927461019294672,-0.5229891303054542,171,0.037039146242491466,-3.2957799190785666,True,direct_edge_detected,largest high-saturation contiguous vertical run,115
upper_period_map,322,225.59782608695653,57,0.5927461019294672,-0.5229891303054542,170,0.03795108471299884,-3.271457192861259,True,direct_edge_detected,largest high-saturation contiguous vertical run,114
upper_period_map,323,225.7336956521739,56,0.6073400661114131,-0.4986664040881462,170,0.03795108471299884,-3.271457192861259,True,direct_edge_detected,largest high-saturation contiguous vertical run,115
upper_period_map,324,225.8695652173913,56,0.6073400661114131,-0.4986664040881462,169,0.03888547596275083,-3.247134466643951,True,direct_edge_detected,largest high-saturation contiguous vertical run,114
upper_period_map,325,226.0054347826087,56,0.6073400661114131,-0.4986664040881462,169,0.03888547596275083,-3.247134466643951,True,direct_edge_detected,largest high-saturation contiguous vertical run,114
upper_period_map,326,226.1413043478261,55,0.6222933473598915,-0.4743436778708383,169,0.03888547596275083,-3.247134466643951,True,direct_edge_detected,largest high-saturation contiguous vertical run,115
upper_period_map,327,226.27717391304347,55,0.6222933473598915,-0.4743436778708383,168,0.0398428728002012,-3.2228117404266428,True,direct_edge_detected,largest high-saturation contiguous vertical run,114
upper_period_map,328,226.41304347826087,55,0.6222933473598915,-0.4743436778708383,168,0.0398428728002012,-3.2228117404266428,True,direct_edge_detected,largest high-saturation contiguous vertical run,114
upper_period_map,329,226.54891304347825,54,0.6376147923976088,-0.4500209516535303,168,0.0398428728002012,-3.2228117404266428,True,direct_edge_detected,largest high-saturation contiguous vertical run,115
upper_period_map,330,226.68478260869566,54,0.6376147923976088,-0.4500209516535303,167,0.04082384164446558,-3.198489014209335,True,direct_edge_detected,largest high-saturation contiguous vertical run,114
upper_period_map,331,226.82065217391306,54,0.6376147923976088,-0.4500209516535303,167,0.04082384164446558,-3.198489014209335,True,direct_edge_detected,largest high-saturation contiguous vertical run,114
upper_period_map,332,226.95652173913044,53,0.6533134657618697,-0.4256982254362222,167,0.04082384164446558,-3.198489014209335,True,direct_edge_detected,largest high-saturation contiguous vertical run,115
upper_period_map,333,227.0923913043478,53,0.6533134657618697,-0.4256982254362222,166,0.041828962860428726,-3.1741662879920267,True,direct_edge_detected,largest high-saturation contiguous vertical run,114
upper_period_map,334,227.22826086956522,53,0.6533134657618697,-0.4256982254362222,166,0.041828962860428726,-3.1741662879920267,True,direct_edge_detected,largest high-saturation contiguous vertical run,114
upper_period_map,335,227.36413043478262,53,0.6533134657618697,-0.4256982254362222,166,0.041828962860428726,-3.1741662879920267,True,direct_edge_detected,largest high-saturation contiguous vertical run,114
upper_period_map,336,227.5,52,0.6693986551673771,-0.40137549921891413,165,0.042858831102102424,-3.149843561774719,True,direct_edge_detected,largest high-saturation contiguous vertical run,114
upper_period_map,337,227.63586956521738,52,0.6693986551673771,-0.40137549921891413,165,0.042858831102102424,-3.149843561774719,True,direct_edge_detected,largest high-saturation contiguous vertical run,114
upper_period_map,338,227.77173913043478,52,0.6693986551673771,-0.40137549921891413,165,0.042858831102102424,-3.149843561774719,True,direct_edge_detected,largest high-saturation contiguous vertical run,114
upper_period_map,339,227.9076086956522,51,0.6858798770010686,-0.3770527730016061,164,0.04391405566443718,-3.1255208355574107,True,direct_edge_detected,largest high-saturation contiguous vertical run,114
upper_period_map,340,228.04347826086956,51,0.6858798770010686,-0.3770527730016061,164,0.04391405566443718,-3.1255208355574107,True,direct_edge_detected,largest high-saturation contiguous vertical run,114
upper_period_map,341,228.17934782608694,51,0.6858798770010686,-0.3770527730016061,164,0.04391405566443718,-3.1255208355574107,True,direct_edge_detected,largest high-saturation contiguous vertical run,114
upper_period_map,342,228.31521739130434,50,0.7027668819522409,-0.3527300467842982,163,0.0449952608437958,-3.101198109340103,True,direct_edge_detected,largest high-saturation contiguous vertical run,114
upper_period_map,343,228.45108695652175,50,0.7027668819522409,-0.3527300467842982,163,0.0449952608437958,-3.101198109340103,True,direct_edge_detected,largest high-saturation contiguous vertical run,114
upper_period_map,344,228.58695652173913,50,0.7027668819522409,-0.3527300467842982,164,0.04391405566443718,-3.1255208355574107,True,direct_edge_detected,largest high-saturation contiguous vertical run,115
upper_period_map,345,228.72282608695653,48,0.7377984502305048,-0.3040845943496822,162,0.046103086307302275,-3.076875383122795,True,direct_edge_detected,largest high-saturation contiguous vertical run,115
upper_period_map,346,228.8586956521739,49,0.7200696607812938,-0.32840732056699024,162,0.046103086307302275,-3.076875383122795,True,direct_edge_detected,largest high-saturation contiguous vertical run,114
upper_period_map,347,228.9945652173913,49,0.7200696607812938,-0.32840732056699024,162,0.046103086307302275,-3.076875383122795,True,direct_edge_detected,largest high-saturation contiguous vertical run,114
upper_period_map,348,229.1304347826087,49,0.7200696607812938,-0.32840732056699024,161,0.047238187471284276,-3.052552656905487,True,direct_edge_detected,largest high-saturation contiguous vertical run,113
upper_period_map,349,229.2663043478261,48,0.7377984502305048,-0.3040845943496822,161,0.047238187471284276,-3.052552656905487,True,direct_edge_detected,largest high-saturation contiguous vertical run,114
upper_period_map,350,229.40217391304347,48,0.7377984502305048,-0.3040845943496822,162,0.046103086307302275,-3.076875383122795,True,direct_edge_detected,largest high-saturation contiguous vertical run,115
upper_period_map,351,229.53804347826087,48,0.7377984502305048,-0.3040845943496822,160,0.0484012358890333,-3.0282299306881786,True,direct_edge_detected,largest high-saturation contiguous vertical run,113
upper_period_map,352,229.67391304347825,47,0.7559637390803342,-0.2797618681323742,160,0.0484012358890333,-3.0282299306881786,True,direct_edge_detected,largest high-saturation contiguous vertical run,114
upper_period_map,353,229.80978260869566,47,0.7559637390803342,-0.2797618681323742,159,0.04959291964811185,-3.003907204470871,True,direct_edge_detected,largest high-saturation contiguous vertical run,113
upper_period_map,354,229.94565217391306,47,0.7559637390803342,-0.2797618681323742,159,0.04959291964811185,-3.003907204470871,True,direct_edge_detected,largest high-saturation contiguous vertical run,113
upper_period_map,355,230.08152173913044,47,0.7559637390803342,-0.2797618681323742,159,0.04959291964811185,-3.003907204470871,True,direct_edge_detected,largest high-saturation contiguous vertical run,113
upper_period_map,356,230.2173913043478,46,0.7745762743548398,-0.25543914191506706,159,0.04959291964811185,-3.003907204470871,True,direct_edge_detected,largest high-saturation contiguous vertical run,114
upper_period_map,357,230.35326086956522,46,0.7745762743548398,-0.25543914191506706,158,0.05081394377744267,-2.9795844782535625,True,direct_edge_detected,largest high-saturation contiguous vertical run,113
upper_period_map,358,230.48913043478262,46,0.7745762743548398,-0.25543914191506706,158,0.05081394377744267,-2.9795844782535625,True,direct_edge_detected,largest high-saturation contiguous vertical run,113
upper_period_map,359,230.625,44,0.81318740179785,-0.20679368948045104,158,0.05081394377744267,-2.9795844782535625,True,direct_edge_detected,largest high-saturation contiguous vertical run,115
upper_period_map,360,230.76086956521738,45,0.7936470676798791,-0.23111641569775918,157,0.05206503066442089,-2.9552617520362547,True,direct_edge_detected,largest high-saturation contiguous vertical run,113
upper_period_map,361,230.89673913043478,45,0.7936470676798791,-0.23111641569775918,157,0.05206503066442089,-2.9552617520362547,True,direct_edge_detected,largest high-saturation contiguous vertical run,113
upper_period_map,362,231.0326086956522,45,0.7936470676798791,-0.23111641569775918,157,0.05206503066442089,-2.9552617520362547,True,direct_edge_detected,largest high-saturation contiguous vertical run,113
upper_period_map,363,231.16847826086956,44,0.81318740179785,-0.20679368948045104,156,0.05334692048229593,-2.9309390258189456,True,direct_edge_detected,largest high-saturation contiguous vertical run,113
upper_period_map,364,231.30434782608694,44,0.81318740179785,-0.20679368948045104,156,0.05334692048229593,-2.9309390258189456,True,direct_edge_detected,largest high-saturation contiguous vertical run,113
upper_period_map,365,231.44021739130434,44,0.81318740179785,-0.20679368948045104,156,0.05334692048229593,-2.9309390258189456,True,direct_edge_detected,largest high-saturation contiguous vertical run,113
upper_period_map,366,231.57608695652175,43,0.8332088372428352,-0.18247096326314305,157,0.05206503066442089,-2.9552617520362547,True,direct_edge_detected,largest high-saturation contiguous vertical run,115
upper_period_map,367,231.71195652173913,43,0.8332088372428352,-0.18247096326314305,155,0.05466037162807569,-2.906616299601638,True,direct_edge_detected,largest high-saturation contiguous vertical run,113
upper_period_map,368,231.84782608695653,43,0.8332088372428352,-0.18247096326314305,155,0.05466037162807569,-2.906616299601638,True,direct_edge_detected,largest high-saturation contiguous vertical run,113
upper_period_map,369,231.9836956521739,43,0.8332088372428352,-0.18247096326314305,154,0.05600616117121284,-2.8822935733843296,True,direct_edge_detected,largest high-saturation contiguous vertical run,112
upper_period_map,370,232.1195652173913,42,0.8537232191800945,-0.15814823704583503,154,0.05600616117121284,-2.8822935733843296,True,direct_edge_detected,largest high-saturation contiguous vertical run,113
upper_period_map,371,232.2554347826087,42,0.8537232191800945,-0.15814823704583503,154,0.05600616117121284,-2.8822935733843296,True,direct_edge_detected,largest high-saturation contiguous vertical run,113
upper_period_map,372,232.3913043478261,42,0.8537232191800945,-0.15814823704583503,153,0.05738508531333775,-2.8579708471670218,True,direct_edge_detected,largest high-saturation contiguous vertical run,112
upper_period_map,373,232.52717391304347,41,0.8747426844139501,-0.13382551082852703,153,0.05738508531333775,-2.8579708471670218,True,direct_edge_detected,largest high-saturation contiguous vertical run,113
upper_period_map,374,232.66304347826087,41,0.8747426844139501,-0.13382551082852703,153,0.05738508531333775,-2.8579708471670218,True,direct_edge_detected,largest high-saturation contiguous vertical run,113
upper_period_map,375,232.79891304347825,41,0.8747426844139501,-0.13382551082852703,154,0.05600616117121284,-2.8822935733843296,True,direct_edge_detected,largest high-saturation contiguous vertical run,114
upper_period_map,376,232.93478260869566,41,0.8747426844139501,-0.13382551082852703,152,0.058797959859310515,-2.833648120949715,True,direct_edge_detected,largest high-saturation contiguous vertical run,112
upper_period_map,377,233.07065217391306,40,0.8962796685682136,-0.10950278461121898,152,0.058797959859310515,-2.833648120949715,True,direct_edge_detected,largest high-saturation contiguous vertical run,113
upper_period_map,378,233.20652173913044,40,0.8962796685682136,-0.10950278461121898,151,0.06024562069987118,-2.8093253947324066,True,direct_edge_detected,largest high-saturation contiguous vertical run,112
upper_period_map,379,233.3423913043478,40,0.8962796685682136,-0.10950278461121898,151,0.06024562069987118,-2.8093253947324066,True,direct_edge_detected,largest high-saturation contiguous vertical run,112
upper_period_map,380,233.47826086956522,40,0.8962796685682136,-0.10950278461121898,151,0.06024562069987118,-2.8093253947324066,True,direct_edge_detected,largest high-saturation contiguous vertical run,112
upper_period_map,381,233.61413043478262,39,0.9183469134434018,-0.08518005839391106,151,0.06024562069987118,-2.8093253947324066,True,direct_edge_detected,largest high-saturation contiguous vertical run,113
upper_period_map,382,233.75,39,0.9183469134434018,-0.08518005839391106,150,0.06172892430617248,-2.785002668515099,True,direct_edge_detected,largest high-saturation contiguous vertical run,112
upper_period_map,383,233.88586956521738,39,0.9183469134434018,-0.08518005839391106,150,0.06172892430617248,-2.785002668515099,True,direct_edge_detected,largest high-saturation contiguous vertical run,112
upper_period_map,384,234.02173913043478,39,0.9183469134434018,-0.08518005839391106,151,0.06024562069987118,-2.8093253947324066,True,direct_edge_detected,largest high-saturation contiguous vertical run,113
upper_period_map,385,234.1576086956522,38,0.940957474555094,-0.06085733217660304,149,0.06324874823648916,-2.7606799422977906,True,direct_edge_detected,largest high-saturation contiguous vertical run,112
upper_period_map,386,234.29347826086956,38,0.940957474555094,-0.06085733217660304,149,0.06324874823648916,-2.7606799422977906,True,direct_edge_detected,largest high-saturation contiguous vertical run,112
upper_period_map,387,234.42934782608694,38,0.940957474555094,-0.06085733217660304,149,0.06324874823648916,-2.7606799422977906,True,direct_edge_detected,largest high-saturation contiguous vertical run,112
upper_period_map,388,234.56521739130434,37,0.9641247288578906,-0.036534605959295,148,0.06480599165540256,-2.7363572160804828,True,direct_edge_detected,largest high-saturation contiguous vertical run,112
upper_period_map,389,234.70108695652175,37,0.9641247288578906,-0.036534605959295,148,0.06480599165540256,-2.7363572160804828,True,direct_edge_detected,largest high-saturation contiguous vertical run,112
upper_period_map,390,234.83695652173913,37,0.9641247288578906,-0.036534605959295,148,0.06480599165540256,-2.7363572160804828,True,direct_edge_detected,largest high-saturation contiguous vertical run,112
upper_period_map,391,234.97282608695653,35,1.0121844797299346,0.012110846475320985,147,0.06640157586576818,-2.7120344898631745,True,direct_edge_detected,largest high-saturation contiguous vertical run,113
upper_period_map,392,235.1086956521739,36,0.9878623826595425,-0.012211879741986944,147,0.06640157586576818,-2.7120344898631745,True,direct_edge_detected,largest high-saturation contiguous vertical run,112
upper_period_map,393,235.2445652173913,36,0.9878623826595425,-0.012211879741986944,147,0.06640157586576818,-2.7120344898631745,True,direct_edge_detected,largest high-saturation contiguous vertical run,112
upper_period_map,394,235.3804347826087,36,0.9878623826595425,-0.012211879741986944,148,0.06480599165540256,-2.7363572160804828,True,direct_edge_detected,largest high-saturation contiguous vertical run,113
upper_period_map,395,235.5163043478261,36,0.9878623826595425,-0.012211879741986944,146,0.06803644485378069,-2.6877117636458667,True,direct_edge_detected,largest high-saturation contiguous vertical run,111
upper_period_map,396,235.65217391304347,35,1.0121844797299346,0.012110846475320985,146,0.06803644485378069,-2.6877117636458667,True,direct_edge_detected,largest high-saturation contiguous vertical run,112
upper_period_map,397,235.78804347826087,35,1.0121844797299346,0.012110846475320985,146,0.06803644485378069,-2.6877117636458667,True,direct_edge_detected,largest high-saturation contiguous vertical run,112
upper_period_map,398,235.92391304347825,35,1.0121844797299346,0.012110846475320985,147,0.06640157586576818,-2.7120344898631745,True,direct_edge_detected,largest high-saturation contiguous vertical run,113
upper_period_map,399,236.05978260869566,35,1.0121844797299346,0.012110846475320985,145,0.06971156584745897,-2.6633890374285585,True,direct_edge_detected,largest high-saturation contiguous vertical run,111
upper_period_map,400,236.19565217391306,34,1.0371054096097199,0.03643357269262911,145,0.06971156584745897,-2.6633890374285585,True,direct_edge_detected,largest high-saturation contiguous vertical run,112
upper_period_map,401,236.33152173913044,34,1.0371054096097199,0.03643357269262911,144,0.07142792988888161,-2.6390663112112507,True,direct_edge_detected,largest high-saturation contiguous vertical run,111
upper_period_map,402,236.4673913043478,34,1.0371054096097199,0.03643357269262911,144,0.07142792988888161,-2.6390663112112507,True,direct_edge_detected,largest high-saturation contiguous vertical run,111
upper_period_map,403,236.60326086956522,34,1.0371054096097199,0.03643357269262911,144,0.07142792988888161,-2.6390663112112507,True,direct_edge_detected,largest high-saturation contiguous vertical run,111
upper_period_map,404,236.73913043478262,33,1.0626399161235183,0.06075629890993715,144,0.07142792988888161,-2.6390663112112507,True,direct_edge_detected,largest high-saturation contiguous vertical run,112
upper_period_map,405,236.875,33,1.0626399161235183,0.06075629890993715,143,0.07318655242051138,-2.6147435849939424,True,direct_edge_detected,largest high-saturation contiguous vertical run,111
upper_period_map,406,237.01086956521738,33,1.0626399161235183,0.06075629890993715,143,0.07318655242051138,-2.6147435849939424,True,direct_edge_detected,largest high-saturation contiguous vertical run,111
upper_period_map,407,237.14673913043478,33,1.0626399161235183,0.06075629890993715,143,0.07318655242051138,-2.6147435849939424,True,direct_edge_detected,largest high-saturation contiguous vertical run,111
upper_period_map,408,237.2826086956522,32,1.088803106102721,0.08507902512724502,142,0.07498847388595553,-2.5904208587766346,True,direct_edge_detected,largest high-saturation contiguous vertical run,111
upper_period_map,409,237.41847826086956,32,1.088803106102721,0.08507902512724502,142,0.07498847388595553,-2.5904208587766346,True,direct_edge_detected,largest high-saturation contiguous vertical run,111
upper_period_map,410,237.55434782608694,32,1.088803106102721,0.08507902512724502,142,0.07498847388595553,-2.5904208587766346,True,direct_edge_detected,largest high-saturation contiguous vertical run,111
upper_period_map,411,237.69021739130434,32,1.088803106102721,0.08507902512724502,141,0.07683476034551734,-2.5660981325593264,True,direct_edge_detected,largest high-saturation contiguous vertical run,110
upper_period_map,412,237.82608695652175,31,1.1156104583230573,0.10940175134455304,141,0.07683476034551734,-2.5660981325593264,True,direct_edge_detected,largest high-saturation contiguous vertical run,111
upper_period_map,413,237.96195652173913,31,1.1156104583230573,0.10940175134455304,141,0.07683476034551734,-2.5660981325593264,True,direct_edge_detected,largest high-saturation contiguous vertical run,111
upper_period_map,414,238.09782608695653,31,1.1156104583230573,0.10940175134455304,142,0.07498847388595553,-2.5904208587766346,True,direct_edge_detected,largest high-saturation contiguous vertical run,112
upper_period_map,415,238.2336956521739,31,1.1156104583230573,0.10940175134455304,140,0.07872650410690323,-2.5417754063420186,True,direct_edge_detected,largest high-saturation contiguous vertical run,110
upper_period_map,416,238.3695652173913,30,1.1430778326622113,0.13372447756186118,140,0.07872650410690323,-2.5417754063420186,True,direct_edge_detected,largest high-saturation contiguous vertical run,111
upper_period_map,417,238.5054347826087,30,1.1430778326622113,0.13372447756186118,140,0.07872650410690323,-2.5417754063420186,True,direct_edge_detected,largest high-saturation contiguous vertical run,111
upper_period_map,418,238.6413043478261,30,1.1430778326622113,0.13372447756186118,139,0.08066482437145839,-2.5174526801247104,True,direct_edge_detected,largest high-saturation contiguous vertical run,110
upper_period_map,419,238.77717391304347,30,1.1430778326622113,0.13372447756186118,139,0.08066482437145839,-2.5174526801247104,True,direct_edge_detected,largest high-saturation contiguous vertical run,110
upper_period_map,420,238.91304347826087,30,1.1430778326622113,0.13372447756186118,139,0.08066482437145839,-2.5174526801247104,True,direct_edge_detected,largest high-saturation contiguous vertical run,110
upper_period_map,421,239.04891304347825,29,1.1712214794829097,0.15804720377916912,139,0.08066482437145839,-2.5174526801247104,True,direct_edge_detected,largest high-saturation contiguous vertical run,111
upper_period_map,422,239.18478260869566,29,1.1712214794829097,0.15804720377916912,138,0.08265086789631332,-2.4931299539074026,True,direct_edge_detected,largest high-saturation contiguous vertical run,110
upper_period_map,423,239.32065217391306,29,1.1712214794829097,0.15804720377916912,138,0.08265086789631332,-2.4931299539074026,True,direct_edge_detected,largest high-saturation contiguous vertical run,110
upper_period_map,424,239.45652173913044,27,1.2296046023664153,0.2066926562137862,139,0.08066482437145839,-2.5174526801247104,True,direct_edge_detected,largest high-saturation contiguous vertical run,113
upper_period_map,425,239.5923913043478,28,1.200058049247031,0.1823699299964782,137,0.08468580967283312,-2.4688072276900943,True,direct_edge_detected,largest high-saturation contiguous vertical run,110
upper_period_map,426,239.72826086956522,28,1.200058049247031,0.1823699299964782,137,0.08468580967283312,-2.4688072276900943,True,direct_edge_detected,largest high-saturation contiguous vertical run,110
upper_period_map,427,239.86413043478262,27,1.2296046023664153,0.2066926562137862,138,0.08265086789631332,-2.4931299539074026,True,direct_edge_detected,largest high-saturation contiguous vertical run,112
