curve_id,panel,color_name,pixel_x,pixel_y_median,pixel_y_min,pixel_y_max,pixels_in_column,temperature_K,w_m_s,log_w_ln_m_s,period_s,source_type,direct_digitization,validity
equilibrium_linearized_period_red_curve,lower_T210K_slice,red,64,431.0,427,435,9,210.0,0.0004999999999999999,-7.600902459542082,16628.57142857143,direct_digitized_curve_pixel,True,valid_curve_pixel
equilibrium_linearized_period_red_curve,lower_T210K_slice,red,65,429.0,424,434,11,210.0,0.0005114917836890752,-7.57817903587057,16742.857142857145,direct_digitized_curve_pixel,True,valid_curve_pixel
equilibrium_linearized_period_red_curve,lower_T210K_slice,red,66,436.5,432,441,10,210.0,0.000523247689562864,-7.555455612199057,16314.285714285714,direct_digitized_curve_pixel,True,valid_curve_pixel
equilibrium_linearized_period_red_curve,lower_T210K_slice,red,67,442.0,438,446,9,210.0,0.0005352737880913935,-7.532732188527546,16000.0,direct_digitized_curve_pixel,True,valid_curve_pixel
equilibrium_linearized_period_red_curve,lower_T210K_slice,red,68,447.5,441,452,10,210.0,0.0005475762892657505,-7.510008764856033,15685.714285714286,direct_digitized_curve_pixel,True,valid_curve_pixel
equilibrium_linearized_period_red_curve,lower_T210K_slice,red,69,453.0,449,457,9,210.0,0.0005601615458047675,-7.487285341184521,15371.42857142857,direct_digitized_curve_pixel,True,valid_curve_pixel
equilibrium_linearized_period_red_curve,lower_T210K_slice,red,70,458.0,454,462,9,210.0,0.0005730360564354209,-7.464561917513008,15085.714285714286,direct_digitized_curve_pixel,True,valid_curve_pixel
equilibrium_linearized_period_red_curve,lower_T210K_slice,red,71,463.0,460,466,7,210.0,0.000586206469248614,-7.441838493841495,14800.0,direct_digitized_curve_pixel,True,valid_curve_pixel
equilibrium_linearized_period_red_curve,lower_T210K_slice,red,72,468.0,465,471,7,210.0,0.0005996795851320972,-7.419115070169983,14514.285714285716,direct_digitized_curve_pixel,True,valid_curve_pixel
equilibrium_linearized_period_red_curve,lower_T210K_slice,red,73,472.0,469,475,7,210.0,0.0006134623612822827,-7.39639164649847,14285.714285714284,direct_digitized_curve_pixel,True,valid_curve_pixel
equilibrium_linearized_period_red_curve,lower_T210K_slice,red,74,476.5,474,479,6,210.0,0.0006275619147967733,-7.373668222826959,14028.57142857143,direct_digitized_curve_pixel,True,valid_curve_pixel
equilibrium_linearized_period_red_curve,lower_T210K_slice,red,75,481.0,478,484,7,210.0,0.0006419855263494667,-7.350944799155446,13771.42857142857,direct_digitized_curve_pixel,True,valid_curve_pixel
equilibrium_linearized_period_red_curve,lower_T210K_slice,red,76,485.0,482,488,7,210.0,0.000656740643950117,-7.328221375483934,13542.857142857143,direct_digitized_curve_pixel,True,valid_curve_pixel
equilibrium_linearized_period_red_curve,lower_T210K_slice,red,77,489.0,487,491,5,210.0,0.0006718348867903152,-7.305497951812421,13314.285714285716,direct_digitized_curve_pixel,True,valid_curve_pixel
equilibrium_linearized_period_red_curve,lower_T210K_slice,red,78,492.5,490,495,6,210.0,0.0006872760491778524,-7.282774528140909,13114.285714285714,direct_digitized_curve_pixel,True,valid_curve_pixel
equilibrium_linearized_period_red_curve,lower_T210K_slice,red,79,496.5,494,499,6,210.0,0.0007030721045615207,-7.2600511044693965,12885.714285714286,direct_digitized_curve_pixel,True,valid_curve_pixel
equilibrium_linearized_period_red_curve,lower_T210K_slice,red,80,500.0,498,502,5,210.0,0.0007192312096484092,-7.2373276807978835,12685.714285714286,direct_digitized_curve_pixel,True,valid_curve_pixel
equilibrium_linearized_period_red_curve,lower_T210K_slice,red,81,503.0,501,505,5,210.0,0.0007357617086158321,-7.214604257126372,12514.285714285714,direct_digitized_curve_pixel,True,valid_curve_pixel
equilibrium_linearized_period_red_curve,lower_T210K_slice,red,82,506.0,504,508,5,210.0,0.0007526721374200679,-7.191880833454859,12342.857142857143,direct_digitized_curve_pixel,True,valid_curve_pixel
equilibrium_linearized_period_red_curve,lower_T210K_slice,red,83,509.5,508,511,4,210.0,0.0007699712282041185,-7.169157409783347,12142.857142857143,direct_digitized_curve_pixel,True,valid_curve_pixel
equilibrium_linearized_period_red_curve,lower_T210K_slice,red,84,513.0,511,515,5,210.0,0.000787667913806786,-7.146433986111834,11942.857142857143,direct_digitized_curve_pixel,True,valid_curve_pixel
equilibrium_linearized_period_red_curve,lower_T210K_slice,red,85,515.5,514,517,4,210.0,0.0008057713323753714,-7.123710562440322,11800.0,direct_digitized_curve_pixel,True,valid_curve_pixel
equilibrium_linearized_period_red_curve,lower_T210K_slice,red,86,518.5,517,520,4,210.0,0.0008242908320844037,-7.100987138768809,11628.57142857143,direct_digitized_curve_pixel,True,valid_curve_pixel
equilibrium_linearized_period_red_curve,lower_T210K_slice,red,87,521.5,520,523,4,210.0,0.0008432359759628073,-7.078263715097297,11457.142857142857,direct_digitized_curve_pixel,True,valid_curve_pixel
equilibrium_linearized_period_red_curve,lower_T210K_slice,red,88,524.0,522,526,5,210.0,0.000862616546832029,-7.055540291425785,11314.285714285714,direct_digitized_curve_pixel,True,valid_curve_pixel
equilibrium_linearized_period_red_curve,lower_T210K_slice,red,89,526.5,525,528,4,210.0,0.0008824425523576513,-7.032816867754272,11171.428571428572,direct_digitized_curve_pixel,True,valid_curve_pixel
equilibrium_linearized_period_red_curve,lower_T210K_slice,red,90,529.5,528,531,4,210.0,0.0009027242302171104,-7.01009344408276,11000.0,direct_digitized_curve_pixel,True,valid_curve_pixel
equilibrium_linearized_period_red_curve,lower_T210K_slice,red,91,531.5,530,533,4,210.0,0.0009234720533861954,-6.987370020411247,10885.714285714284,direct_digitized_curve_pixel,True,valid_curve_pixel
equilibrium_linearized_period_red_curve,lower_T210K_slice,red,92,534.5,533,536,4,210.0,0.0009446967355470359,-6.964646596739735,10714.285714285714,direct_digitized_curve_pixel,True,valid_curve_pixel
equilibrium_linearized_period_red_curve,lower_T210K_slice,red,93,537.0,536,538,3,210.0,0.000966409236620401,-6.941923173068222,10571.428571428572,direct_digitized_curve_pixel,True,valid_curve_pixel
equilibrium_linearized_period_red_curve,lower_T210K_slice,red,94,539.5,538,541,4,210.0,0.000988620768425133,-6.91919974939671,10428.57142857143,direct_digitized_curve_pixel,True,valid_curve_pixel
equilibrium_linearized_period_red_curve,lower_T210K_slice,red,95,541.5,540,543,4,210.0,0.0010113428004676708,-6.896476325725199,10314.285714285714,direct_digitized_curve_pixel,True,valid_curve_pixel
equilibrium_linearized_period_red_curve,lower_T210K_slice,red,96,544.0,543,545,3,210.0,0.001034587065864628,-6.873752902053686,10171.42857142857,direct_digitized_curve_pixel,True,valid_curve_pixel
equilibrium_linearized_period_red_curve,lower_T210K_slice,red,97,545.5,544,547,4,210.0,0.0010583655674014907,-6.8510294783821735,10085.714285714286,direct_digitized_curve_pixel,True,valid_curve_pixel
equilibrium_linearized_period_red_curve,lower_T210K_slice,red,98,548.0,547,549,3,210.0,0.0010826905837305783,-6.82830605471066,9942.857142857143,direct_digitized_curve_pixel,True,valid_curve_pixel
equilibrium_linearized_period_red_curve,lower_T210K_slice,red,99,550.0,549,551,3,210.0,0.0011075746757114391,-6.805582631039148,9828.571428571428,direct_digitized_curve_pixel,True,valid_curve_pixel
equilibrium_linearized_period_red_curve,lower_T210K_slice,red,100,552.5,551,554,4,210.0,0.0011330306928969873,-6.782859207367635,9685.714285714284,direct_digitized_curve_pixel,True,valid_curve_pixel
equilibrium_linearized_period_red_curve,lower_T210K_slice,red,101,554.5,553,556,4,210.0,0.0011590717801686977,-6.760135783696123,9571.42857142857,direct_digitized_curve_pixel,True,valid_curve_pixel
equilibrium_linearized_period_red_curve,lower_T210K_slice,red,102,556.5,555,558,4,210.0,0.0011857113845243179,-6.737412360024611,9457.142857142857,direct_digitized_curve_pixel,True,valid_curve_pixel
equilibrium_linearized_period_red_curve,lower_T210K_slice,red,103,558.0,557,559,3,210.0,0.0012129632620215738,-6.714688936353099,9371.428571428572,direct_digitized_curve_pixel,True,valid_curve_pixel
equilibrium_linearized_period_red_curve,lower_T210K_slice,red,104,560.0,559,561,3,210.0,0.0012408414848814678,-6.691965512681587,9257.142857142857,direct_digitized_curve_pixel,True,valid_curve_pixel
equilibrium_linearized_period_red_curve,lower_T210K_slice,red,105,562.0,561,563,3,210.0,0.0012693604487548466,-6.669242089010074,9142.857142857143,direct_digitized_curve_pixel,True,valid_curve_pixel
equilibrium_linearized_period_red_curve,lower_T210K_slice,red,106,564.0,563,565,3,210.0,0.001298534880155963,-6.6465186653385615,9028.57142857143,direct_digitized_curve_pixel,True,valid_curve_pixel
equilibrium_linearized_period_red_curve,lower_T210K_slice,red,107,566.0,565,567,3,210.0,0.0013283798440669073,-6.6237952416670485,8914.285714285714,direct_digitized_curve_pixel,True,valid_curve_pixel
equilibrium_linearized_period_red_curve,lower_T210K_slice,red,108,568.0,567,569,3,210.0,0.001358910751716796,-6.601071817995536,8800.0,direct_digitized_curve_pixel,True,valid_curve_pixel
equilibrium_linearized_period_red_curve,lower_T210K_slice,red,109,569.0,568,570,3,210.0,0.0013901433685397722,-6.578348394324024,8742.857142857143,direct_digitized_curve_pixel,True,valid_curve_pixel
equilibrium_linearized_period_red_curve,lower_T210K_slice,red,110,571.0,570,572,3,210.0,0.0014220938223158965,-6.555624970652512,8628.57142857143,direct_digitized_curve_pixel,True,valid_curve_pixel
equilibrium_linearized_period_red_curve,lower_T210K_slice,red,111,573.0,572,574,3,210.0,0.0014547786114991455,-6.532901546981,8514.285714285714,direct_digitized_curve_pixel,True,valid_curve_pixel
equilibrium_linearized_period_red_curve,lower_T210K_slice,red,112,574.5,574,575,2,210.0,0.0014882146137368281,-6.510178123309488,8428.57142857143,direct_digitized_curve_pixel,True,valid_curve_pixel
equilibrium_linearized_period_red_curve,lower_T210K_slice,red,113,576.5,576,577,2,210.0,0.0015224190945847982,-6.487454699637975,8314.285714285716,direct_digitized_curve_pixel,True,valid_curve_pixel
equilibrium_linearized_period_red_curve,lower_T210K_slice,red,114,578.0,577,579,3,210.0,0.0015574097164229724,-6.464731275966462,8228.571428571428,direct_digitized_curve_pixel,True,valid_curve_pixel
equilibrium_linearized_period_red_curve,lower_T210K_slice,red,115,579.0,578,580,3,210.0,0.001593204547575766,-6.4420078522949495,8171.428571428572,direct_digitized_curve_pixel,True,valid_curve_pixel
equilibrium_linearized_period_red_curve,lower_T210K_slice,red,116,581.0,580,582,3,210.0,0.0016298220716421494,-6.419284428623437,8057.142857142858,direct_digitized_curve_pixel,True,valid_curve_pixel
equilibrium_linearized_period_red_curve,lower_T210K_slice,red,117,582.0,581,583,3,210.0,0.0016672811970401351,-6.396561004951925,8000.0,direct_digitized_curve_pixel,True,valid_curve_pixel
equilibrium_linearized_period_red_curve,lower_T210K_slice,red,118,584.0,583,585,3,210.0,0.0017056012667706305,-6.373837581280413,7885.714285714285,direct_digitized_curve_pixel,True,valid_curve_pixel
equilibrium_linearized_period_red_curve,lower_T210K_slice,red,119,585.5,585,586,2,210.0,0.001744802068405712,-6.351114157608901,7800.0,direct_digitized_curve_pixel,True,valid_curve_pixel
equilibrium_linearized_period_red_curve,lower_T210K_slice,red,120,586.5,586,587,2,210.0,0.0017849038443064529,-6.328390733937388,7742.857142857143,direct_digitized_curve_pixel,True,valid_curve_pixel
equilibrium_linearized_period_red_curve,lower_T210K_slice,red,121,588.0,587,589,3,210.0,0.0018259273020755917,-6.305667310265875,7657.142857142857,direct_digitized_curve_pixel,True,valid_curve_pixel
equilibrium_linearized_period_red_curve,lower_T210K_slice,red,122,589.5,589,590,2,210.0,0.0018678936252504506,-6.282943886594363,7571.428571428572,direct_digitized_curve_pixel,True,valid_curve_pixel
equilibrium_linearized_period_red_curve,lower_T210K_slice,red,123,591.0,590,592,3,210.0,0.001910824484241612,-6.260220462922851,7485.714285714286,direct_digitized_curve_pixel,True,valid_curve_pixel
equilibrium_linearized_period_red_curve,lower_T210K_slice,red,124,592.5,592,593,2,210.0,0.001954742047523001,-6.237497039251338,7400.0,direct_digitized_curve_pixel,True,valid_curve_pixel
equilibrium_linearized_period_red_curve,lower_T210K_slice,red,125,593.5,593,594,2,210.0,0.0019996689930791493,-6.214773615579826,7342.857142857143,direct_digitized_curve_pixel,True,valid_curve_pixel
equilibrium_linearized_period_red_curve,lower_T210K_slice,red,126,595.0,594,596,3,210.0,0.0020456285201155846,-6.192050191908313,7257.142857142858,direct_digitized_curve_pixel,True,valid_curve_pixel
equilibrium_linearized_period_red_curve,lower_T210K_slice,red,127,596.5,596,597,2,210.0,0.002092644361038327,-6.169326768236801,7171.428571428571,direct_digitized_curve_pixel,True,valid_curve_pixel
equilibrium_linearized_period_red_curve,lower_T210K_slice,red,128,597.5,597,598,2,210.0,0.0021407407937087605,-6.146603344565288,7114.285714285714,direct_digitized_curve_pixel,True,valid_curve_pixel
equilibrium_linearized_period_red_curve,lower_T210K_slice,red,129,599.0,598,600,3,210.0,0.002189942653980121,-6.123879920893776,7028.571428571428,direct_digitized_curve_pixel,True,valid_curve_pixel
equilibrium_linearized_period_red_curve,lower_T210K_slice,red,130,600.5,600,601,2,210.0,0.002240275348522159,-6.101156497222264,6942.857142857143,direct_digitized_curve_pixel,True,valid_curve_pixel
equilibrium_linearized_period_red_curve,lower_T210K_slice,red,131,601.5,601,602,2,210.0,0.0022917648679405297,-6.078433073550751,6885.714285714285,direct_digitized_curve_pixel,True,valid_curve_pixel
equilibrium_linearized_period_red_curve,lower_T210K_slice,red,132,602.5,602,603,2,210.0,0.002344437800197719,-6.0557096498792395,6828.571428571428,direct_digitized_curve_pixel,True,valid_curve_pixel
equilibrium_linearized_period_red_curve,lower_T210K_slice,red,133,603.5,603,604,2,210.0,0.0023983213443424484,-6.0329862262077265,6771.428571428572,direct_digitized_curve_pixel,True,valid_curve_pixel
equilibrium_linearized_period_red_curve,lower_T210K_slice,red,134,605.0,604,606,3,210.0,0.0024534433245545994,-6.010262802536214,6685.714285714286,direct_digitized_curve_pixel,True,valid_curve_pixel
equilibrium_linearized_period_red_curve,lower_T210K_slice,red,135,606.5,606,607,2,210.0,0.002509832204512976,-5.987539378864701,6599.999999999999,direct_digitized_curve_pixel,True,valid_curve_pixel
equilibrium_linearized_period_red_curve,lower_T210K_slice,red,136,607.5,607,608,2,210.0,0.002567517102093252,-5.964815955193189,6542.857142857142,direct_digitized_curve_pixel,True,valid_curve_pixel
equilibrium_linearized_period_red_curve,lower_T210K_slice,red,137,608.5,608,609,2,210.0,0.002626527804403766,-5.942092531521677,6485.714285714285,direct_digitized_curve_pixel,True,valid_curve_pixel
equilibrium_linearized_period_red_curve,lower_T210K_slice,red,138,609.5,609,610,2,210.0,0.002686894783166868,-5.919369107850164,6428.571428571428,direct_digitized_curve_pixel,True,valid_curve_pixel
equilibrium_linearized_period_red_curve,lower_T210K_slice,red,139,610.5,610,611,2,210.0,0.0027486492104537848,-5.896645684178653,6371.428571428572,direct_digitized_curve_pixel,True,valid_curve_pixel
equilibrium_linearized_period_red_curve,lower_T210K_slice,red,140,612.5,612,613,2,210.0,0.0028118229747811523,-5.87392226050714,6257.142857142857,direct_digitized_curve_pixel,True,valid_curve_pixel
equilibrium_linearized_period_red_curve,lower_T210K_slice,red,141,613.5,613,614,2,210.0,0.0028764486975774665,-5.851198836835628,6200.0,direct_digitized_curve_pixel,True,valid_curve_pixel
equilibrium_linearized_period_red_curve,lower_T210K_slice,red,142,614.5,614,615,2,210.0,0.0029425597500280344,-5.8284754131641145,6142.857142857143,direct_digitized_curve_pixel,True,valid_curve_pixel
equilibrium_linearized_period_red_curve,lower_T210K_slice,red,143,615.5,615,616,2,210.0,0.0030101902703070374,-5.805751989492602,6085.714285714286,direct_digitized_curve_pixel,True,valid_curve_pixel
equilibrium_linearized_period_red_curve,lower_T210K_slice,red,144,616.5,616,617,2,210.0,0.003079375181205692,-5.78302856582109,6028.571428571428,direct_digitized_curve_pixel,True,valid_curve_pixel
equilibrium_linearized_period_red_curve,lower_T210K_slice,red,145,617.5,617,618,2,210.0,0.0031501502081655404,-5.760305142149577,5971.428571428572,direct_digitized_curve_pixel,True,valid_curve_pixel
equilibrium_linearized_period_red_curve,lower_T210K_slice,red,146,618.5,618,619,2,210.0,0.0032225518977262078,-5.737581718478066,5914.285714285715,direct_digitized_curve_pixel,True,valid_curve_pixel
equilibrium_linearized_period_red_curve,lower_T210K_slice,red,147,619.5,619,620,2,210.0,0.0032966176363971884,-5.714858294806552,5857.142857142857,direct_digitized_curve_pixel,True,valid_curve_pixel
equilibrium_linearized_period_red_curve,lower_T210K_slice,red,148,620.5,620,621,2,210.0,0.003372385669963322,-5.692134871135041,5800.0,direct_digitized_curve_pixel,True,valid_curve_pixel
equilibrium_linearized_period_red_curve,lower_T210K_slice,red,149,621.5,621,622,2,210.0,0.003449895123234037,-5.669411447463528,5742.857142857142,direct_digitized_curve_pixel,True,valid_curve_pixel
equilibrium_linearized_period_red_curve,lower_T210K_slice,red,150,622.5,622,623,2,210.0,0.0035291860202464388,-5.646688023792016,5685.714285714285,direct_digitized_curve_pixel,True,valid_curve_pixel
equilibrium_linearized_period_red_curve,lower_T210K_slice,red,151,623.5,623,624,2,210.0,0.0036102993049327995,-5.6239646001205035,5628.571428571428,direct_digitized_curve_pixel,True,valid_curve_pixel
equilibrium_linearized_period_red_curve,lower_T210K_slice,red,152,624.5,624,625,2,210.0,0.003693276862263016,-5.6012411764489904,5571.428571428572,direct_digitized_curve_pixel,True,valid_curve_pixel
equilibrium_linearized_period_red_curve,lower_T210K_slice,red,153,625.5,625,626,2,210.0,0.003778161539873002,-5.578517752777478,5514.285714285715,direct_digitized_curve_pixel,True,valid_curve_pixel
equilibrium_linearized_period_red_curve,lower_T210K_slice,red,154,626.5,626,627,2,210.0,0.0038649971701902102,-5.555794329105967,5457.142857142857,direct_digitized_curve_pixel,True,valid_curve_pixel
equilibrium_linearized_period_red_curve,lower_T210K_slice,red,155,627.0,627,627,1,210.0,0.003953828593067641,-5.533070905434454,5428.571428571428,direct_digitized_curve_pixel,True,valid_curve_pixel
equilibrium_linearized_period_red_curve,lower_T210K_slice,red,156,628.0,628,628,1,210.0,0.004044701678938074,-5.510347481762941,5371.428571428572,direct_digitized_curve_pixel,True,valid_curve_pixel
equilibrium_linearized_period_red_curve,lower_T210K_slice,red,157,628.5,628,629,2,210.0,0.004137663352500465,-5.487624058091429,5342.857142857143,direct_digitized_curve_pixel,True,valid_curve_pixel
equilibrium_linearized_period_red_curve,lower_T210K_slice,red,158,629.5,629,630,2,210.0,0.004232761616950764,-5.464900634419917,5285.714285714286,direct_digitized_curve_pixel,True,valid_curve_pixel
equilibrium_linearized_period_red_curve,lower_T210K_slice,red,159,630.5,630,631,2,210.0,0.004330045578769605,-5.442177210748404,5228.571428571429,direct_digitized_curve_pixel,True,valid_curve_pixel
equilibrium_linearized_period_red_curve,lower_T210K_slice,red,160,631.5,631,632,2,210.0,0.0044295654730797185,-5.4194537870768915,5171.428571428571,direct_digitized_curve_pixel,True,valid_curve_pixel
equilibrium_linearized_period_red_curve,lower_T210K_slice,red,161,632.5,632,633,2,210.0,0.00453137268958618,-5.3967303634053785,5114.285714285714,direct_digitized_curve_pixel,True,valid_curve_pixel
equilibrium_linearized_period_red_curve,lower_T210K_slice,red,162,633.5,633,634,2,210.0,0.0046355197991127944,-5.374006939733867,5057.142857142857,direct_digitized_curve_pixel,True,valid_curve_pixel
equilibrium_linearized_period_red_curve,lower_T210K_slice,red,163,634.5,634,635,2,210.0,0.004742060580748459,-5.351283516062354,5000.0,direct_digitized_curve_pixel,True,valid_curve_pixel
equilibrium_linearized_period_red_curve,lower_T210K_slice,red,164,635.0,635,635,1,210.0,0.004851050049617362,-5.328560092390842,4971.428571428572,direct_digitized_curve_pixel,True,valid_curve_pixel
equilibrium_linearized_period_red_curve,lower_T210K_slice,red,165,635.5,635,636,2,210.0,0.004962544485287523,-5.30583666871933,4942.857142857143,direct_digitized_curve_pixel,True,valid_curve_pixel
equilibrium_linearized_period_red_curve,lower_T210K_slice,red,166,636.5,636,637,2,210.0,0.005076601460832203,-5.283113245047817,4885.714285714285,direct_digitized_curve_pixel,True,valid_curve_pixel
equilibrium_linearized_period_red_curve,lower_T210K_slice,red,167,637.5,637,638,2,210.0,0.005193279872559263,-5.260389821376304,4828.571428571428,direct_digitized_curve_pixel,True,valid_curve_pixel
equilibrium_linearized_period_red_curve,lower_T210K_slice,red,168,638.5,638,639,2,210.0,0.005312639970423815,-5.2376663977047935,4771.428571428572,direct_digitized_curve_pixel,True,valid_curve_pixel
equilibrium_linearized_period_red_curve,lower_T210K_slice,red,169,639.5,639,640,2,210.0,0.005434743389139912,-5.21494297403328,4714.285714285715,direct_digitized_curve_pixel,True,valid_curve_pixel
equilibrium_linearized_period_red_curve,lower_T210K_slice,red,170,639.5,639,640,2,210.0,0.005559653180007173,-5.192219550361767,4714.285714285715,direct_digitized_curve_pixel,True,valid_curve_pixel
equilibrium_linearized_period_red_curve,lower_T210K_slice,red,171,640.5,640,641,2,210.0,0.005687433843469016,-5.169496126690255,4657.142857142858,direct_digitized_curve_pixel,True,valid_curve_pixel
equilibrium_linearized_period_red_curve,lower_T210K_slice,red,172,641.5,641,642,2,210.0,0.0058181513624191595,-5.146772703018743,4600.0,direct_digitized_curve_pixel,True,valid_curve_pixel
equilibrium_linearized_period_red_curve,lower_T210K_slice,red,173,642.5,642,643,2,210.0,0.005951873236273604,-5.12404927934723,4542.857142857143,direct_digitized_curve_pixel,True,valid_curve_pixel
equilibrium_linearized_period_red_curve,lower_T210K_slice,red,174,643.0,643,643,1,210.0,0.006088668515825709,-5.101325855675718,4514.285714285715,direct_digitized_curve_pixel,True,valid_curve_pixel
equilibrium_linearized_period_red_curve,lower_T210K_slice,red,175,643.5,643,644,2,210.0,0.006228607838902419,-5.078602432004205,4485.714285714285,direct_digitized_curve_pixel,True,valid_curve_pixel
equilibrium_linearized_period_red_curve,lower_T210K_slice,red,176,644.5,644,645,2,210.0,0.006371763466839909,-5.055879008332694,4428.571428571428,direct_digitized_curve_pixel,True,valid_curve_pixel
equilibrium_linearized_period_red_curve,lower_T210K_slice,red,177,645.5,645,646,2,210.0,0.006518209321797668,-5.033155584661181,4371.428571428572,direct_digitized_curve_pixel,True,valid_curve_pixel
equilibrium_linearized_period_red_curve,lower_T210K_slice,red,178,646.0,646,646,1,210.0,0.006668021024930093,-5.0104321609896685,4342.857142857143,direct_digitized_curve_pixel,True,valid_curve_pixel
equilibrium_linearized_period_red_curve,lower_T210K_slice,red,179,646.5,646,647,2,210.0,0.006821275935435498,-4.987708737318156,4314.285714285715,direct_digitized_curve_pixel,True,valid_curve_pixel
equilibrium_linearized_period_red_curve,lower_T210K_slice,red,180,647.5,647,648,2,210.0,0.006978053190502543,-4.964985313646643,4257.142857142857,direct_digitized_curve_pixel,True,valid_curve_pixel
equilibrium_linearized_period_red_curve,lower_T210K_slice,red,181,648.5,648,649,2,210.0,0.007138433746174783,-4.94226188997513,4200.0,direct_digitized_curve_pixel,True,valid_curve_pixel
equilibrium_linearized_period_red_curve,lower_T210K_slice,red,182,648.5,648,649,2,210.0,0.007302500419154454,-4.919538466303618,4200.0,direct_digitized_curve_pixel,True,valid_curve_pixel
equilibrium_linearized_period_red_curve,lower_T210K_slice,red,183,649.5,649,650,2,210.0,0.007470337929567063,-4.896815042632107,4142.857142857142,direct_digitized_curve_pixel,True,valid_curve_pixel
equilibrium_linearized_period_red_curve,lower_T210K_slice,red,184,650.5,650,651,2,210.0,0.0076420329447088285,-4.874091618960594,4085.714285714286,direct_digitized_curve_pixel,True,valid_curve_pixel
equilibrium_linearized_period_red_curve,lower_T210K_slice,red,185,650.5,650,651,2,210.0,0.007817674123799597,-4.851368195289081,4085.714285714286,direct_digitized_curve_pixel,True,valid_curve_pixel
equilibrium_linearized_period_red_curve,lower_T210K_slice,red,186,651.5,651,652,2,210.0,0.00799735216376436,-4.8286447716175696,4028.571428571429,direct_digitized_curve_pixel,True,valid_curve_pixel
equilibrium_linearized_period_red_curve,lower_T210K_slice,red,187,652.5,652,653,2,210.0,0.008181159846067045,-4.8059213479460565,3971.428571428571,direct_digitized_curve_pixel,True,valid_curve_pixel
equilibrium_linearized_period_red_curve,lower_T210K_slice,red,188,653.0,653,653,1,210.0,0.008369192084620553,-4.7831979242745435,3942.8571428571427,direct_digitized_curve_pixel,True,valid_curve_pixel
equilibrium_linearized_period_red_curve,lower_T210K_slice,red,189,653.5,653,654,2,210.0,0.008561545974798105,-4.760474500603032,3914.285714285714,direct_digitized_curve_pixel,True,valid_curve_pixel
equilibrium_linearized_period_red_curve,lower_T210K_slice,red,190,654.5,654,655,2,210.0,0.008758320843571019,-4.73775107693152,3857.142857142857,direct_digitized_curve_pixel,True,valid_curve_pixel
equilibrium_linearized_period_red_curve,lower_T210K_slice,red,191,654.5,654,655,2,210.0,0.008959618300798703,-4.715027653260006,3857.142857142857,direct_digitized_curve_pixel,True,valid_curve_pixel
equilibrium_linearized_period_red_curve,lower_T210K_slice,red,192,655.5,655,656,2,210.0,0.00916554229169762,-4.692304229588495,3800.0,direct_digitized_curve_pixel,True,valid_curve_pixel
equilibrium_linearized_period_red_curve,lower_T210K_slice,red,193,656.0,656,656,1,210.0,0.00937619915051614,-4.669580805916983,3771.4285714285716,direct_digitized_curve_pixel,True,valid_curve_pixel
equilibrium_linearized_period_red_curve,lower_T210K_slice,red,194,656.5,656,657,2,210.0,0.009591697655442993,-4.64685738224547,3742.857142857143,direct_digitized_curve_pixel,True,valid_curve_pixel
equilibrium_linearized_period_red_curve,lower_T210K_slice,red,195,657.5,657,658,2,210.0,0.009812149084777726,-4.624133958573957,3685.714285714286,direct_digitized_curve_pixel,True,valid_curve_pixel
equilibrium_linearized_period_red_curve,lower_T210K_slice,red,196,658.0,658,658,1,210.0,0.010037667274392172,-4.601410534902445,3657.1428571428573,direct_digitized_curve_pixel,True,valid_curve_pixel
equilibrium_linearized_period_red_curve,lower_T210K_slice,red,197,658.5,658,659,2,210.0,0.01026836867651262,-4.578687111230932,3628.571428571429,direct_digitized_curve_pixel,True,valid_curve_pixel
equilibrium_linearized_period_red_curve,lower_T210K_slice,red,198,659.0,659,659,1,210.0,0.010504372419852942,-4.55596368755942,3600.0,direct_digitized_curve_pixel,True,valid_curve_pixel
equilibrium_linearized_period_red_curve,lower_T210K_slice,red,199,659.5,659,660,2,210.0,0.010745800371129823,-4.533240263887908,3571.428571428571,direct_digitized_curve_pixel,True,valid_curve_pixel
equilibrium_linearized_period_red_curve,lower_T210K_slice,red,200,660.5,660,661,2,210.0,0.010992777197991846,-4.510516840216395,3514.285714285714,direct_digitized_curve_pixel,True,valid_curve_pixel
equilibrium_linearized_period_red_curve,lower_T210K_slice,red,201,661.0,661,661,1,210.0,0.011245430433394894,-4.487793416544883,3485.714285714286,direct_digitized_curve_pixel,True,valid_curve_pixel
equilibrium_linearized_period_red_curve,lower_T210K_slice,red,202,661.5,661,662,2,210.0,0.011503890541457134,-4.465069992873371,3457.1428571428573,direct_digitized_curve_pixel,True,valid_curve_pixel
equilibrium_linearized_period_red_curve,lower_T210K_slice,red,203,662.0,662,662,1,210.0,0.011768290984827581,-4.442346569201859,3428.5714285714284,direct_digitized_curve_pixel,True,valid_curve_pixel
equilibrium_linearized_period_red_curve,lower_T210K_slice,red,204,662.5,662,663,2,210.0,0.012038768293603053,-4.419623145530346,3400.0,direct_digitized_curve_pixel,True,valid_curve_pixel
equilibrium_linearized_period_red_curve,lower_T210K_slice,red,205,663.0,663,663,1,210.0,0.012315462135829033,-4.396899721858833,3371.4285714285716,direct_digitized_curve_pixel,True,valid_curve_pixel
equilibrium_linearized_period_red_curve,lower_T210K_slice,red,206,664.0,664,664,1,210.0,0.01259851538962092,-4.374176298187321,3314.2857142857147,direct_digitized_curve_pixel,True,valid_curve_pixel
equilibrium_linearized_period_red_curve,lower_T210K_slice,red,207,664.0,663,665,3,210.0,0.012888074216942946,-4.351452874515808,3314.2857142857147,direct_digitized_curve_pixel,True,valid_curve_pixel
equilibrium_linearized_period_red_curve,lower_T210K_slice,red,208,665.0,665,665,1,210.0,0.013184288139082664,-4.328729450844296,3257.142857142857,direct_digitized_curve_pixel,True,valid_curve_pixel
equilibrium_linearized_period_red_curve,lower_T210K_slice,red,209,665.5,665,666,2,210.0,0.01348731011386022,-4.306006027172784,3228.5714285714284,direct_digitized_curve_pixel,True,valid_curve_pixel
equilibrium_linearized_period_red_curve,lower_T210K_slice,red,210,666.0,666,666,1,210.0,0.01379729661461215,-4.283282603501271,3200.0,direct_digitized_curve_pixel,True,valid_curve_pixel
equilibrium_linearized_period_red_curve,lower_T210K_slice,red,211,666.5,666,667,2,210.0,0.014114407710990423,-4.260559179829759,3171.4285714285716,direct_digitized_curve_pixel,True,valid_curve_pixel
equilibrium_linearized_period_red_curve,lower_T210K_slice,red,212,667.0,667,667,1,210.0,0.014438807151618658,-4.237835756158247,3142.8571428571427,direct_digitized_curve_pixel,True,valid_curve_pixel
equilibrium_linearized_period_red_curve,lower_T210K_slice,red,213,667.5,667,668,2,210.0,0.014770662448648013,-4.215112332486735,3114.285714285714,direct_digitized_curve_pixel,True,valid_curve_pixel
equilibrium_linearized_period_red_curve,lower_T210K_slice,red,214,668.0,668,668,1,210.0,0.015110144964256441,-4.1923889088152215,3085.714285714286,direct_digitized_curve_pixel,True,valid_curve_pixel
equilibrium_linearized_period_red_curve,lower_T210K_slice,red,215,668.5,668,669,2,210.0,0.015457429999136057,-4.169665485143709,3057.1428571428573,direct_digitized_curve_pixel,True,valid_curve_pixel
equilibrium_linearized_period_red_curve,lower_T210K_slice,red,216,669.0,669,669,1,210.0,0.015812696883014253,-4.146942061472196,3028.571428571429,direct_digitized_curve_pixel,True,valid_curve_pixel
equilibrium_linearized_period_red_curve,lower_T210K_slice,red,217,669.5,669,670,2,210.0,0.01617612906725529,-4.124218637800684,3000.0,direct_digitized_curve_pixel,True,valid_curve_pixel
equilibrium_linearized_period_red_curve,lower_T210K_slice,red,218,670.0,670,670,1,210.0,0.016547914219590208,-4.101495214129172,2971.4285714285716,direct_digitized_curve_pixel,True,valid_curve_pixel
equilibrium_linearized_period_red_curve,lower_T210K_slice,red,219,670.5,670,671,2,210.0,0.016928244321024022,-4.07877179045766,2942.857142857143,direct_digitized_curve_pixel,True,valid_curve_pixel
equilibrium_linearized_period_red_curve,lower_T210K_slice,red,220,671.0,671,671,1,210.0,0.01731731576497009,-4.056048366786147,2914.285714285714,direct_digitized_curve_pixel,True,valid_curve_pixel
equilibrium_linearized_period_red_curve,lower_T210K_slice,red,221,671.5,671,672,2,210.0,0.017715329458662988,-4.033324943114635,2885.714285714286,direct_digitized_curve_pixel,True,valid_curve_pixel
equilibrium_linearized_period_red_curve,lower_T210K_slice,red,222,672.0,672,672,1,210.0,0.01812249092690231,-4.010601519443123,2857.142857142857,direct_digitized_curve_pixel,True,valid_curve_pixel
equilibrium_linearized_period_red_curve,lower_T210K_slice,red,223,672.5,672,673,2,210.0,0.0185390104181807,-3.98787809577161,2828.5714285714284,direct_digitized_curve_pixel,True,valid_curve_pixel
equilibrium_linearized_period_red_curve,lower_T210K_slice,red,224,673.0,673,673,1,210.0,0.01896510301325119,-3.965154672100098,2800.0,direct_digitized_curve_pixel,True,valid_curve_pixel
equilibrium_linearized_period_red_curve,lower_T210K_slice,red,225,673.5,673,674,2,210.0,0.019400988736189832,-3.942431248428585,2771.4285714285716,direct_digitized_curve_pixel,True,valid_curve_pixel
equilibrium_linearized_period_red_curve,lower_T210K_slice,red,226,674.0,674,674,1,210.0,0.019846892668010797,-3.9197078247570727,2742.857142857143,direct_digitized_curve_pixel,True,valid_curve_pixel
equilibrium_linearized_period_red_curve,lower_T210K_slice,red,227,674.5,674,675,2,210.0,0.020303045062892947,-3.8969844010855605,2714.285714285714,direct_digitized_curve_pixel,True,valid_curve_pixel
equilibrium_linearized_period_red_curve,lower_T210K_slice,red,228,674.5,674,675,2,210.0,0.02076968146707758,-3.874260977414048,2714.285714285714,direct_digitized_curve_pixel,True,valid_curve_pixel
equilibrium_linearized_period_red_curve,lower_T210K_slice,red,229,675.0,675,675,1,210.0,0.021247042840498893,-3.8515375537425354,2685.714285714286,direct_digitized_curve_pixel,True,valid_curve_pixel
equilibrium_linearized_period_red_curve,lower_T210K_slice,red,230,675.5,675,676,2,210.0,0.021735375681209958,-3.8288141300710232,2657.1428571428573,direct_digitized_curve_pixel,True,valid_curve_pixel
equilibrium_linearized_period_red_curve,lower_T210K_slice,red,231,676.0,676,676,1,210.0,0.022234932152668474,-3.8060907063995106,2628.571428571429,direct_digitized_curve_pixel,True,valid_curve_pixel
equilibrium_linearized_period_red_curve,lower_T210K_slice,red,232,676.5,676,677,2,210.0,0.022745970213947933,-3.7833672827279985,2599.9999999999995,direct_digitized_curve_pixel,True,valid_curve_pixel
equilibrium_linearized_period_red_curve,lower_T210K_slice,red,233,677.0,677,677,1,210.0,0.02326875375294162,-3.7606438590564863,2571.428571428571,direct_digitized_curve_pixel,True,valid_curve_pixel
equilibrium_linearized_period_red_curve,lower_T210K_slice,red,234,677.5,677,678,2,210.0,0.023803552722627956,-3.7379204353849738,2542.8571428571427,direct_digitized_curve_pixel,True,valid_curve_pixel
equilibrium_linearized_period_red_curve,lower_T210K_slice,red,235,678.0,678,678,1,210.0,0.024350643280467845,-3.715197011713461,2514.285714285714,direct_digitized_curve_pixel,True,valid_curve_pixel
equilibrium_linearized_period_red_curve,lower_T210K_slice,red,236,678.5,678,679,2,210.0,0.0249103079310058,-3.6924735880419486,2485.714285714286,direct_digitized_curve_pixel,True,valid_curve_pixel
equilibrium_linearized_period_red_curve,lower_T210K_slice,red,237,678.5,678,679,2,210.0,0.02548283567174856,-3.6697501643704364,2485.714285714286,direct_digitized_curve_pixel,True,valid_curve_pixel
equilibrium_linearized_period_red_curve,lower_T210K_slice,red,238,679.0,679,679,1,210.0,0.02606852214239653,-3.6470267406989243,2457.142857142857,direct_digitized_curve_pixel,True,valid_curve_pixel
equilibrium_linearized_period_red_curve,lower_T210K_slice,red,239,679.5,679,680,2,210.0,0.026667669777505117,-3.6243033170274117,2428.5714285714284,direct_digitized_curve_pixel,True,valid_curve_pixel
equilibrium_linearized_period_red_curve,lower_T210K_slice,red,240,680.0,680,680,1,210.0,0.0272805879626547,-3.601579893355899,2400.0,direct_digitized_curve_pixel,True,valid_curve_pixel
equilibrium_linearized_period_red_curve,lower_T210K_slice,red,241,680.5,680,681,2,210.0,0.027907593194209938,-3.578856469684387,2371.4285714285716,direct_digitized_curve_pixel,True,valid_curve_pixel
equilibrium_linearized_period_red_curve,lower_T210K_slice,red,242,680.5,680,681,2,210.0,0.02854900924275109,-3.5561330460128744,2371.4285714285716,direct_digitized_curve_pixel,True,valid_curve_pixel
equilibrium_linearized_period_red_curve,lower_T210K_slice,red,243,681.0,681,681,1,210.0,0.029205167320261315,-3.533409622341362,2342.857142857143,direct_digitized_curve_pixel,True,valid_curve_pixel
equilibrium_linearized_period_red_curve,lower_T210K_slice,red,244,681.5,681,682,2,210.0,0.029876406251156697,-3.51068619866985,2314.285714285714,direct_digitized_curve_pixel,True,valid_curve_pixel
equilibrium_linearized_period_red_curve,lower_T210K_slice,red,245,681.5,681,682,2,210.0,0.030563072647247183,-3.487962774998337,2314.285714285714,direct_digitized_curve_pixel,True,valid_curve_pixel
equilibrium_linearized_period_red_curve,lower_T210K_slice,red,246,682.5,682,683,2,210.0,0.03126552108671851,-3.4652393513268245,2257.1428571428573,direct_digitized_curve_pixel,True,valid_curve_pixel
equilibrium_linearized_period_red_curve,lower_T210K_slice,red,247,682.5,682,683,2,210.0,0.03198411429722811,-3.442515927655312,2257.1428571428573,direct_digitized_curve_pixel,True,valid_curve_pixel
equilibrium_linearized_period_red_curve,lower_T210K_slice,red,248,683.0,683,683,1,210.0,0.03271922334320893,-3.4197925039837997,2228.5714285714284,direct_digitized_curve_pixel,True,valid_curve_pixel
equilibrium_linearized_period_red_curve,lower_T210K_slice,red,249,683.5,683,684,2,210.0,0.03347122781747835,-3.397069080312287,2200.0,direct_digitized_curve_pixel,True,valid_curve_pixel
equilibrium_linearized_period_red_curve,lower_T210K_slice,red,250,683.5,683,684,2,210.0,0.034240516037250784,-3.374345656640775,2200.0,direct_digitized_curve_pixel,True,valid_curve_pixel
equilibrium_linearized_period_red_curve,lower_T210K_slice,red,251,684.0,684,684,1,210.0,0.0350274852446556,-3.3516222329692624,2171.4285714285716,direct_digitized_curve_pixel,True,valid_curve_pixel
equilibrium_linearized_period_red_curve,lower_T210K_slice,red,252,684.5,684,685,2,210.0,0.03583254181186333,-3.3288988092977503,2142.8571428571427,direct_digitized_curve_pixel,True,valid_curve_pixel
equilibrium_linearized_period_red_curve,lower_T210K_slice,red,253,685.0,685,685,1,210.0,0.03665610145092668,-3.306175385626238,2114.285714285714,direct_digitized_curve_pixel,True,valid_curve_pixel
equilibrium_linearized_period_red_curve,lower_T210K_slice,red,254,685.0,685,685,1,210.0,0.03749858942844439,-3.283451961954726,2114.285714285714,direct_digitized_curve_pixel,True,valid_curve_pixel
equilibrium_linearized_period_red_curve,lower_T210K_slice,red,255,685.5,685,686,2,210.0,0.03836044078515866,-3.2607285382832134,2085.714285714286,direct_digitized_curve_pixel,True,valid_curve_pixel
equilibrium_linearized_period_red_curve,lower_T210K_slice,red,256,686.0,686,686,1,210.0,0.03924210056059991,-3.2380051146117013,2057.142857142857,direct_digitized_curve_pixel,True,valid_curve_pixel
equilibrium_linearized_period_red_curve,lower_T210K_slice,red,257,686.5,686,687,2,210.0,0.04014402402289467,-3.215281690940188,2028.5714285714287,direct_digitized_curve_pixel,True,valid_curve_pixel
equilibrium_linearized_period_red_curve,lower_T210K_slice,red,258,686.5,686,687,2,210.0,0.041066676903854966,-3.1925582672686756,2028.5714285714287,direct_digitized_curve_pixel,True,valid_curve_pixel
equilibrium_linearized_period_red_curve,lower_T210K_slice,red,259,687.0,687,687,1,210.0,0.04201053563947147,-3.1698348435971635,2000.0,direct_digitized_curve_pixel,True,valid_curve_pixel
equilibrium_linearized_period_red_curve,lower_T210K_slice,red,260,687.5,687,688,2,210.0,0.04297608761593348,-3.147111419925651,1971.4285714285713,direct_digitized_curve_pixel,True,valid_curve_pixel
equilibrium_linearized_period_red_curve,lower_T210K_slice,red,261,687.5,687,688,2,210.0,0.043963831421303605,-3.1243879962541383,1971.4285714285713,direct_digitized_curve_pixel,True,valid_curve_pixel
equilibrium_linearized_period_red_curve,lower_T210K_slice,red,262,688.0,688,688,1,210.0,0.04497427710297679,-3.101664572582626,1942.857142857143,direct_digitized_curve_pixel,True,valid_curve_pixel
equilibrium_linearized_period_red_curve,lower_T210K_slice,red,263,688.0,688,688,1,210.0,0.046007946431056684,-3.078941148911114,1942.857142857143,direct_digitized_curve_pixel,True,valid_curve_pixel
equilibrium_linearized_period_red_curve,lower_T210K_slice,red,264,688.5,688,689,2,210.0,0.04706537316778524,-3.0562177252396014,1914.2857142857142,direct_digitized_curve_pixel,True,valid_curve_pixel
equilibrium_linearized_period_red_curve,lower_T210K_slice,red,265,688.5,688,689,2,210.0,0.04814710334316483,-3.0334943015680893,1914.2857142857142,direct_digitized_curve_pixel,True,valid_curve_pixel
equilibrium_linearized_period_red_curve,lower_T210K_slice,red,266,689.0,689,689,1,210.0,0.04925369553691525,-3.010770877896577,1885.7142857142858,direct_digitized_curve_pixel,True,valid_curve_pixel
equilibrium_linearized_period_red_curve,lower_T210K_slice,red,267,689.5,689,690,2,210.0,0.05038572116691093,-2.9880474542250637,1857.142857142857,direct_digitized_curve_pixel,True,valid_curve_pixel
equilibrium_linearized_period_red_curve,lower_T210K_slice,red,268,690.0,690,690,1,210.0,0.051543764784247326,-2.9653240305535515,1828.5714285714287,direct_digitized_curve_pixel,True,valid_curve_pixel
equilibrium_linearized_period_red_curve,lower_T210K_slice,red,269,690.0,690,690,1,210.0,0.052728424375089615,-2.9426006068820394,1828.5714285714287,direct_digitized_curve_pixel,True,valid_curve_pixel
equilibrium_linearized_period_red_curve,lower_T210K_slice,red,270,690.5,690,691,2,210.0,0.05394031166945825,-2.919877183210527,1800.0,direct_digitized_curve_pixel,True,valid_curve_pixel
equilibrium_linearized_period_red_curve,lower_T210K_slice,red,271,691.0,691,691,1,210.0,0.05518005245711168,-2.8971537595390147,1771.4285714285713,direct_digitized_curve_pixel,True,valid_curve_pixel
equilibrium_linearized_period_red_curve,lower_T210K_slice,red,272,691.0,691,691,1,210.0,0.05644828691068959,-2.8744303358675025,1771.4285714285713,direct_digitized_curve_pixel,True,valid_curve_pixel
equilibrium_linearized_period_red_curve,lower_T210K_slice,red,273,691.5,691,692,2,210.0,0.057745669916282646,-2.8517069121959895,1742.857142857143,direct_digitized_curve_pixel,True,valid_curve_pixel
equilibrium_linearized_period_red_curve,lower_T210K_slice,red,274,691.5,691,692,2,210.0,0.05907287141159997,-2.828983488524478,1742.857142857143,direct_digitized_curve_pixel,True,valid_curve_pixel
equilibrium_linearized_period_red_curve,lower_T210K_slice,red,275,692.0,692,692,1,210.0,0.06043057673190929,-2.8062600648529656,1714.2857142857142,direct_digitized_curve_pixel,True,valid_curve_pixel
equilibrium_linearized_period_red_curve,lower_T210K_slice,red,276,692.0,692,692,1,210.0,0.06181948696392768,-2.7835366411814526,1714.2857142857142,direct_digitized_curve_pixel,True,valid_curve_pixel
equilibrium_linearized_period_red_curve,lower_T210K_slice,red,277,692.5,692,693,2,210.0,0.06324031930784588,-2.7608132175099396,1685.7142857142858,direct_digitized_curve_pixel,True,valid_curve_pixel
equilibrium_linearized_period_red_curve,lower_T210K_slice,red,278,693.0,693,693,1,210.0,0.0646938074476735,-2.738089793838428,1657.1428571428573,direct_digitized_curve_pixel,True,valid_curve_pixel
equilibrium_linearized_period_red_curve,lower_T210K_slice,red,279,693.0,693,693,1,210.0,0.06618070193009626,-2.715366370166915,1657.1428571428573,direct_digitized_curve_pixel,True,valid_curve_pixel
equilibrium_linearized_period_red_curve,lower_T210K_slice,red,280,693.5,693,694,2,210.0,0.06770177055203992,-2.6926429464954027,1628.5714285714284,direct_digitized_curve_pixel,True,valid_curve_pixel
equilibrium_linearized_period_red_curve,lower_T210K_slice,red,281,693.5,693,694,2,210.0,0.06925779875714282,-2.669919522823891,1628.5714285714284,direct_digitized_curve_pixel,True,valid_curve_pixel
equilibrium_linearized_period_red_curve,lower_T210K_slice,red,282,694.0,694,694,1,210.0,0.07084959004134006,-2.647196099152378,1600.0,direct_digitized_curve_pixel,True,valid_curve_pixel
equilibrium_linearized_period_red_curve,lower_T210K_slice,red,283,694.0,694,694,1,210.0,0.07247796636776954,-2.624472675480866,1600.0,direct_digitized_curve_pixel,True,valid_curve_pixel
equilibrium_linearized_period_red_curve,lower_T210K_slice,red,284,694.5,694,695,2,210.0,0.07414376859121449,-2.601749251809354,1571.4285714285713,direct_digitized_curve_pixel,True,valid_curve_pixel
equilibrium_linearized_period_red_curve,lower_T210K_slice,red,285,694.5,694,695,2,210.0,0.07584785689230075,-2.579025828137841,1571.4285714285713,direct_digitized_curve_pixel,True,valid_curve_pixel
equilibrium_linearized_period_red_curve,lower_T210K_slice,red,286,695.0,695,695,1,210.0,0.07759111122167334,-2.556302404466328,1542.857142857143,direct_digitized_curve_pixel,True,valid_curve_pixel
equilibrium_linearized_period_red_curve,lower_T210K_slice,red,287,695.0,695,695,1,210.0,0.07937443175438223,-2.533578980794816,1542.857142857143,direct_digitized_curve_pixel,True,valid_curve_pixel
equilibrium_linearized_period_red_curve,lower_T210K_slice,red,288,695.5,695,696,2,210.0,0.08119873935471156,-2.510855557123303,1514.2857142857144,direct_digitized_curve_pixel,True,valid_curve_pixel
equilibrium_linearized_period_red_curve,lower_T210K_slice,red,289,695.5,695,696,2,210.0,0.08306497605169146,-2.488132133451791,1514.2857142857144,direct_digitized_curve_pixel,True,valid_curve_pixel
equilibrium_linearized_period_red_curve,lower_T210K_slice,red,290,696.0,696,696,1,210.0,0.08497410552553995,-2.465408709780279,1485.7142857142858,direct_digitized_curve_pixel,True,valid_curve_pixel
equilibrium_linearized_period_red_curve,lower_T210K_slice,red,291,696.5,696,697,2,210.0,0.08692711360528436,-2.442685286108766,1457.142857142857,direct_digitized_curve_pixel,True,valid_curve_pixel
equilibrium_linearized_period_red_curve,lower_T210K_slice,red,292,696.5,696,697,2,210.0,0.08892500877781956,-2.419961862437254,1457.142857142857,direct_digitized_curve_pixel,True,valid_curve_pixel
equilibrium_linearized_period_red_curve,lower_T210K_slice,red,293,697.0,697,697,1,210.0,0.09096882270866719,-2.397238438765742,1428.5714285714284,direct_digitized_curve_pixel,True,valid_curve_pixel
equilibrium_linearized_period_red_curve,lower_T210K_slice,red,294,697.0,697,697,1,210.0,0.09305961077470296,-2.374515015094229,1428.5714285714284,direct_digitized_curve_pixel,True,valid_curve_pixel
equilibrium_linearized_period_red_curve,lower_T210K_slice,red,295,697.0,697,697,1,210.0,0.0951984526091278,-2.351791591422717,1428.5714285714284,direct_digitized_curve_pixel,True,valid_curve_pixel
equilibrium_linearized_period_red_curve,lower_T210K_slice,red,296,697.5,697,698,2,210.0,0.09738645265896545,-2.3290681677512044,1400.0,direct_digitized_curve_pixel,True,valid_curve_pixel
equilibrium_linearized_period_red_curve,lower_T210K_slice,red,297,697.5,697,698,2,210.0,0.09962474075537195,-2.3063447440796914,1400.0,direct_digitized_curve_pixel,True,valid_curve_pixel
equilibrium_linearized_period_red_curve,lower_T210K_slice,red,298,698.0,698,698,1,210.0,0.10191447269705381,-2.2836213204081792,1371.4285714285716,direct_digitized_curve_pixel,True,valid_curve_pixel
equilibrium_linearized_period_red_curve,lower_T210K_slice,red,299,698.0,698,698,1,210.0,0.10425683084709522,-2.2608978967366675,1371.4285714285716,direct_digitized_curve_pixel,True,valid_curve_pixel
equilibrium_linearized_period_red_curve,lower_T210K_slice,red,300,698.5,698,699,2,210.0,0.10665302474350198,-2.2381744730651545,1342.857142857143,direct_digitized_curve_pixel,True,valid_curve_pixel
equilibrium_linearized_period_red_curve,lower_T210K_slice,red,301,698.5,698,699,2,210.0,0.10910429172377781,-2.2154510493936423,1342.857142857143,direct_digitized_curve_pixel,True,valid_curve_pixel
equilibrium_linearized_period_red_curve,lower_T210K_slice,red,302,699.0,699,699,1,210.0,0.11161189756385663,-2.1927276257221306,1314.2857142857144,direct_digitized_curve_pixel,True,valid_curve_pixel
equilibrium_linearized_period_red_curve,lower_T210K_slice,red,303,699.0,699,699,1,210.0,0.11417713713171888,-2.170004202050617,1314.2857142857144,direct_digitized_curve_pixel,True,valid_curve_pixel
equilibrium_linearized_period_red_curve,lower_T210K_slice,red,304,699.5,699,700,2,210.0,0.11680133505603006,-2.1472807783791055,1285.7142857142856,direct_digitized_curve_pixel,True,valid_curve_pixel
equilibrium_linearized_period_red_curve,lower_T210K_slice,red,305,699.5,699,700,2,210.0,0.11948584641014826,-2.1245573547075933,1285.7142857142856,direct_digitized_curve_pixel,True,valid_curve_pixel
equilibrium_linearized_period_red_curve,lower_T210K_slice,red,306,699.5,699,700,2,210.0,0.12223205741185149,-2.1018339310360794,1285.7142857142856,direct_digitized_curve_pixel,True,valid_curve_pixel
equilibrium_linearized_period_red_curve,lower_T210K_slice,red,307,700.0,700,700,1,210.0,0.12504138613914673,-2.0791105073645677,1257.142857142857,direct_digitized_curve_pixel,True,valid_curve_pixel
equilibrium_linearized_period_red_curve,lower_T210K_slice,red,308,700.0,700,700,1,210.0,0.12791528326253315,-2.0563870836930556,1257.142857142857,direct_digitized_curve_pixel,True,valid_curve_pixel
equilibrium_linearized_period_red_curve,lower_T210K_slice,red,309,700.5,700,701,2,210.0,0.13085523279409292,-2.0336636600215425,1228.5714285714284,direct_digitized_curve_pixel,True,valid_curve_pixel
equilibrium_linearized_period_red_curve,lower_T210K_slice,red,310,700.5,700,701,2,210.0,0.1338627528537995,-2.0109402363500304,1228.5714285714284,direct_digitized_curve_pixel,True,valid_curve_pixel
equilibrium_linearized_period_red_curve,lower_T210K_slice,red,311,700.5,700,701,2,210.0,0.1369393964534395,-1.9882168126785187,1228.5714285714284,direct_digitized_curve_pixel,True,valid_curve_pixel
equilibrium_linearized_period_red_curve,lower_T210K_slice,red,312,701.0,701,701,1,210.0,0.14008675229855053,-1.9654933890070057,1200.0,direct_digitized_curve_pixel,True,valid_curve_pixel
equilibrium_linearized_period_red_curve,lower_T210K_slice,red,313,701.0,701,701,1,210.0,0.14330644560879055,-1.9427699653354937,1200.0,direct_digitized_curve_pixel,True,valid_curve_pixel
equilibrium_linearized_period_red_curve,lower_T210K_slice,red,314,701.5,701,702,2,210.0,0.14660013895716342,-1.9200465416639818,1171.4285714285716,direct_digitized_curve_pixel,True,valid_curve_pixel
equilibrium_linearized_period_red_curve,lower_T210K_slice,red,315,701.5,701,702,2,210.0,0.14996953312853178,-1.8973231179924686,1171.4285714285716,direct_digitized_curve_pixel,True,valid_curve_pixel
equilibrium_linearized_period_red_curve,lower_T210K_slice,red,316,701.5,701,702,2,210.0,0.15341636799786132,-1.8745996943209557,1171.4285714285716,direct_digitized_curve_pixel,True,valid_curve_pixel
equilibrium_linearized_period_red_curve,lower_T210K_slice,red,317,702.0,702,702,1,210.0,0.15694242342865128,-1.8518762706494438,1142.857142857143,direct_digitized_curve_pixel,True,valid_curve_pixel
equilibrium_linearized_period_red_curve,lower_T210K_slice,red,318,702.0,702,702,1,210.0,0.1605495201920139,-1.829152846977932,1142.857142857143,direct_digitized_curve_pixel,True,valid_curve_pixel
equilibrium_linearized_period_red_curve,lower_T210K_slice,red,319,702.5,702,703,2,210.0,0.16423952090687696,-1.8064294233064186,1114.2857142857142,direct_digitized_curve_pixel,True,valid_curve_pixel
equilibrium_linearized_period_red_curve,lower_T210K_slice,red,320,702.5,702,703,2,210.0,0.1680143310017953,-1.783705999634907,1114.2857142857142,direct_digitized_curve_pixel,True,valid_curve_pixel
equilibrium_linearized_period_red_curve,lower_T210K_slice,red,321,702.5,702,703,2,210.0,0.17187589969886993,-1.760982575963395,1114.2857142857142,direct_digitized_curve_pixel,True,valid_curve_pixel
equilibrium_linearized_period_red_curve,lower_T210K_slice,red,322,703.0,703,703,1,210.0,0.17582622102027934,-1.7382591522918818,1085.7142857142858,direct_digitized_curve_pixel,True,valid_curve_pixel
equilibrium_linearized_period_red_curve,lower_T210K_slice,red,323,703.0,703,703,1,210.0,0.1798673348179445,-1.7155357286203698,1085.7142857142858,direct_digitized_curve_pixel,True,valid_curve_pixel
equilibrium_linearized_period_red_curve,lower_T210K_slice,red,324,703.5,703,704,2,210.0,0.18400132782686127,-1.6928123049488568,1057.142857142857,direct_digitized_curve_pixel,True,valid_curve_pixel
equilibrium_linearized_period_red_curve,lower_T210K_slice,red,325,703.5,703,704,2,210.0,0.1882303347426391,-1.670088881277345,1057.142857142857,direct_digitized_curve_pixel,True,valid_curve_pixel
equilibrium_linearized_period_red_curve,lower_T210K_slice,red,326,703.5,703,704,2,210.0,0.19255653932380853,-1.647365457605832,1057.142857142857,direct_digitized_curve_pixel,True,valid_curve_pixel
equilibrium_linearized_period_red_curve,lower_T210K_slice,red,327,704.0,704,704,1,210.0,0.19698217551946076,-1.6246420339343202,1028.5714285714284,direct_digitized_curve_pixel,True,valid_curve_pixel
equilibrium_linearized_period_red_curve,lower_T210K_slice,red,328,704.0,704,704,1,210.0,0.20150952862280716,-1.6019186102628071,1028.5714285714284,direct_digitized_curve_pixel,True,valid_curve_pixel
equilibrium_linearized_period_red_curve,lower_T210K_slice,red,329,704.0,704,704,1,210.0,0.20614093645124879,-1.579195186591295,1028.5714285714284,direct_digitized_curve_pixel,True,valid_curve_pixel
equilibrium_linearized_period_red_curve,lower_T210K_slice,red,330,704.5,704,705,2,210.0,0.2108787905535711,-1.556471762919783,1000.0,direct_digitized_curve_pixel,True,valid_curve_pixel
equilibrium_linearized_period_red_curve,lower_T210K_slice,red,331,704.5,704,705,2,210.0,0.21572553744488218,-1.5337483392482703,1000.0,direct_digitized_curve_pixel,True,valid_curve_pixel
equilibrium_linearized_period_red_curve,lower_T210K_slice,red,332,705.0,705,705,1,210.0,0.22068367986993437,-1.511024915576758,971.4285714285714,direct_digitized_curve_pixel,True,valid_curve_pixel
equilibrium_linearized_period_red_curve,lower_T210K_slice,red,333,704.5,704,705,2,210.0,0.2257557780954832,-1.4883014919052462,1000.0,direct_digitized_curve_pixel,True,valid_curve_pixel
equilibrium_linearized_period_red_curve,lower_T210K_slice,red,334,705.0,705,705,1,210.0,0.23094445123234775,-1.4655780682337332,971.4285714285714,direct_digitized_curve_pixel,True,valid_curve_pixel
equilibrium_linearized_period_red_curve,lower_T210K_slice,red,335,705.0,705,705,1,210.0,0.2362523785878564,-1.4428546445622212,971.4285714285714,direct_digitized_curve_pixel,True,valid_curve_pixel
equilibrium_linearized_period_red_curve,lower_T210K_slice,red,336,705.5,705,706,2,210.0,0.24168230104937893,-1.4201312208907082,942.8571428571429,direct_digitized_curve_pixel,True,valid_curve_pixel
equilibrium_linearized_period_red_curve,lower_T210K_slice,red,337,705.5,705,706,2,210.0,0.24723702249965404,-1.3974077972191952,942.8571428571429,direct_digitized_curve_pixel,True,valid_curve_pixel
equilibrium_linearized_period_red_curve,lower_T210K_slice,red,338,705.5,705,706,2,210.0,0.2529194112646481,-1.3746843735476835,942.8571428571429,direct_digitized_curve_pixel,True,valid_curve_pixel
equilibrium_linearized_period_red_curve,lower_T210K_slice,red,339,705.5,705,706,2,210.0,0.25873240159469135,-1.3519609498761713,942.8571428571429,direct_digitized_curve_pixel,True,valid_curve_pixel
equilibrium_linearized_period_red_curve,lower_T210K_slice,red,340,706.0,706,706,1,210.0,0.2646789951796539,-1.3292375262046583,914.2857142857143,direct_digitized_curve_pixel,True,valid_curve_pixel
equilibrium_linearized_period_red_curve,lower_T210K_slice,red,341,706.0,706,706,1,210.0,0.2707622626989466,-1.3065141025331464,914.2857142857143,direct_digitized_curve_pixel,True,valid_curve_pixel
equilibrium_linearized_period_red_curve,lower_T210K_slice,red,342,706.5,706,707,2,210.0,0.2769853454071483,-1.2837906788616344,885.7142857142857,direct_digitized_curve_pixel,True,valid_curve_pixel
equilibrium_linearized_period_red_curve,lower_T210K_slice,red,343,706.5,706,707,2,210.0,0.2833514567560741,-1.2610672551901214,885.7142857142857,direct_digitized_curve_pixel,True,valid_curve_pixel
equilibrium_linearized_period_red_curve,lower_T210K_slice,red,344,706.5,706,707,2,210.0,0.2898638840541244,-1.2383438315186095,885.7142857142857,direct_digitized_curve_pixel,True,valid_curve_pixel
equilibrium_linearized_period_red_curve,lower_T210K_slice,red,345,706.5,706,707,2,210.0,0.29652599016377473,-1.2156204078470976,885.7142857142857,direct_digitized_curve_pixel,True,valid_curve_pixel
equilibrium_linearized_period_red_curve,lower_T210K_slice,red,346,706.5,706,707,2,210.0,0.3033412152380773,-1.1928969841755834,885.7142857142857,direct_digitized_curve_pixel,True,valid_curve_pixel
equilibrium_linearized_period_red_curve,lower_T210K_slice,red,347,707.0,707,707,1,210.0,0.3103130784970717,-1.1701735605040715,857.1428571428571,direct_digitized_curve_pixel,True,valid_curve_pixel
equilibrium_linearized_period_red_curve,lower_T210K_slice,red,348,707.0,707,707,1,210.0,0.3174451800450304,-1.1474501368325596,857.1428571428571,direct_digitized_curve_pixel,True,valid_curve_pixel
equilibrium_linearized_period_red_curve,lower_T210K_slice,red,349,707.0,707,707,1,210.0,0.3247412027294648,-1.1247267131610466,857.1428571428571,direct_digitized_curve_pixel,True,valid_curve_pixel
equilibrium_linearized_period_red_curve,lower_T210K_slice,red,350,707.5,707,708,2,210.0,0.33220491404285907,-1.1020032894895346,828.5714285714287,direct_digitized_curve_pixel,True,valid_curve_pixel
equilibrium_linearized_period_red_curve,lower_T210K_slice,red,351,707.5,707,708,2,210.0,0.3398401680681158,-1.0792798658180227,828.5714285714287,direct_digitized_curve_pixel,True,valid_curve_pixel
equilibrium_linearized_period_red_curve,lower_T210K_slice,red,352,707.5,707,708,2,210.0,0.3476509074687117,-1.0565564421465097,828.5714285714287,direct_digitized_curve_pixel,True,valid_curve_pixel
equilibrium_linearized_period_red_curve,lower_T210K_slice,red,353,707.5,707,708,2,210.0,0.35564116552459396,-1.0338330184749978,828.5714285714287,direct_digitized_curve_pixel,True,valid_curve_pixel
equilibrium_linearized_period_red_curve,lower_T210K_slice,red,354,708.0,708,708,1,210.0,0.3638150682148724,-1.0111095948034856,800.0,direct_digitized_curve_pixel,True,valid_curve_pixel
equilibrium_linearized_period_red_curve,lower_T210K_slice,red,355,708.0,708,708,1,210.0,0.37217683634837573,-0.9883861711319727,800.0,direct_digitized_curve_pixel,True,valid_curve_pixel
equilibrium_linearized_period_red_curve,lower_T210K_slice,red,356,708.0,708,708,1,210.0,0.38073078774317587,-0.9656627474604598,800.0,direct_digitized_curve_pixel,True,valid_curve_pixel
equilibrium_linearized_period_red_curve,lower_T210K_slice,red,357,708.5,708,709,2,210.0,0.38948133945620744,-0.9429393237889478,771.4285714285714,direct_digitized_curve_pixel,True,valid_curve_pixel
equilibrium_linearized_period_red_curve,lower_T210K_slice,red,358,708.5,708,709,2,210.0,0.3984330100641319,-0.9202159001174348,771.4285714285714,direct_digitized_curve_pixel,True,valid_curve_pixel
equilibrium_linearized_period_red_curve,lower_T210K_slice,red,359,708.5,708,709,2,210.0,0.4075904219966202,-0.8974924764459228,771.4285714285714,direct_digitized_curve_pixel,True,valid_curve_pixel
equilibrium_linearized_period_red_curve,lower_T210K_slice,red,360,708.5,708,709,2,210.0,0.41695830392326827,-0.8747690527744109,771.4285714285714,direct_digitized_curve_pixel,True,valid_curve_pixel
equilibrium_linearized_period_red_curve,lower_T210K_slice,red,361,708.5,708,709,2,210.0,0.4265414931953685,-0.8520456291028978,771.4285714285714,direct_digitized_curve_pixel,True,valid_curve_pixel
equilibrium_linearized_period_red_curve,lower_T210K_slice,red,362,709.0,709,709,1,210.0,0.43634493834380117,-0.8293222054313859,742.8571428571429,direct_digitized_curve_pixel,True,valid_curve_pixel
equilibrium_linearized_period_red_curve,lower_T210K_slice,red,363,709.0,709,709,1,210.0,0.4463737016343408,-0.806598781759874,742.8571428571429,direct_digitized_curve_pixel,True,valid_curve_pixel
equilibrium_linearized_period_red_curve,lower_T210K_slice,red,364,709.0,709,709,1,210.0,0.4566329616816886,-0.783875358088361,742.8571428571429,direct_digitized_curve_pixel,True,valid_curve_pixel
equilibrium_linearized_period_red_curve,lower_T210K_slice,red,365,709.0,709,709,1,210.0,0.46712801612358457,-0.7611519344168479,742.8571428571429,direct_digitized_curve_pixel,True,valid_curve_pixel
equilibrium_linearized_period_red_curve,lower_T210K_slice,red,366,709.5,709,710,2,210.0,0.47786428435638273,-0.7384285107453359,714.2857142857142,direct_digitized_curve_pixel,True,valid_curve_pixel
equilibrium_linearized_period_red_curve,lower_T210K_slice,red,367,709.5,709,710,2,210.0,0.48884731033349976,-0.7157050870738231,714.2857142857142,direct_digitized_curve_pixel,True,valid_curve_pixel
equilibrium_linearized_period_red_curve,lower_T210K_slice,red,368,709.5,709,710,2,210.0,0.5000827654281774,-0.6929816634023109,714.2857142857142,direct_digitized_curve_pixel,True,valid_curve_pixel
equilibrium_linearized_period_red_curve,lower_T210K_slice,red,369,709.5,709,710,2,210.0,0.5115764513620478,-0.670258239730799,714.2857142857142,direct_digitized_curve_pixel,True,valid_curve_pixel
equilibrium_linearized_period_red_curve,lower_T210K_slice,red,370,709.5,709,710,2,210.0,0.5233343032010029,-0.6475348160592862,714.2857142857142,direct_digitized_curve_pixel,True,valid_curve_pixel
equilibrium_linearized_period_red_curve,lower_T210K_slice,red,371,710.0,710,710,1,210.0,0.5353623924199207,-0.6248113923877741,685.7142857142858,direct_digitized_curve_pixel,True,valid_curve_pixel
equilibrium_linearized_period_red_curve,lower_T210K_slice,red,372,710.0,710,710,1,210.0,0.5476669300378317,-0.6020879687162621,685.7142857142858,direct_digitized_curve_pixel,True,valid_curve_pixel
equilibrium_linearized_period_red_curve,lower_T210K_slice,red,373,710.0,710,710,1,210.0,0.5602542698251416,-0.5793645450447492,685.7142857142858,direct_digitized_curve_pixel,True,valid_curve_pixel
equilibrium_linearized_period_red_curve,lower_T210K_slice,red,374,710.0,710,710,1,210.0,0.5731309115845643,-0.5566411213732371,685.7142857142858,direct_digitized_curve_pixel,True,valid_curve_pixel
equilibrium_linearized_period_red_curve,lower_T210K_slice,red,375,710.5,710,711,2,210.0,0.5863035045074695,-0.5339176977017243,657.1428571428572,direct_digitized_curve_pixel,True,valid_curve_pixel
equilibrium_linearized_period_red_curve,lower_T210K_slice,red,376,710.5,710,711,2,210.0,0.5997788506073632,-0.5111942740302112,657.1428571428572,direct_digitized_curve_pixel,True,valid_curve_pixel
equilibrium_linearized_period_red_curve,lower_T210K_slice,red,377,710.5,710,711,2,210.0,0.6135639082322872,-0.48847085035869925,657.1428571428572,direct_digitized_curve_pixel,True,valid_curve_pixel
equilibrium_linearized_period_red_curve,lower_T210K_slice,red,378,710.5,710,711,2,210.0,0.6276657956579453,-0.46574742668718727,657.1428571428572,direct_digitized_curve_pixel,True,valid_curve_pixel
equilibrium_linearized_period_red_curve,lower_T210K_slice,red,379,710.5,710,711,2,210.0,0.6420917947634108,-0.44302400301567424,657.1428571428572,direct_digitized_curve_pixel,True,valid_curve_pixel
equilibrium_linearized_period_red_curve,lower_T210K_slice,red,380,711.0,711,711,1,210.0,0.6568493547913132,-0.42030057934416226,628.5714285714286,direct_digitized_curve_pixel,True,valid_curve_pixel
equilibrium_linearized_period_red_curve,lower_T210K_slice,red,381,711.0,711,711,1,210.0,0.671946096194454,-0.3975771556726504,628.5714285714286,direct_digitized_curve_pixel,True,valid_curve_pixel
equilibrium_linearized_period_red_curve,lower_T210K_slice,red,382,711.0,711,711,1,210.0,0.6873898145708252,-0.3748537320011373,628.5714285714286,direct_digitized_curve_pixel,True,valid_curve_pixel
equilibrium_linearized_period_red_curve,lower_T210K_slice,red,383,711.0,711,711,1,210.0,0.703188484689068,-0.3521303083296254,628.5714285714286,direct_digitized_curve_pixel,True,valid_curve_pixel
equilibrium_linearized_period_red_curve,lower_T210K_slice,red,384,711.0,711,711,1,210.0,0.7193502646064588,-0.32940688465811335,628.5714285714286,direct_digitized_curve_pixel,True,valid_curve_pixel
equilibrium_linearized_period_red_curve,lower_T210K_slice,red,385,711.5,711,712,2,210.0,0.7358834998815323,-0.30668346098660054,600.0,direct_digitized_curve_pixel,True,valid_curve_pixel
equilibrium_linearized_period_red_curve,lower_T210K_slice,red,386,711.5,711,712,2,210.0,0.7527967278835296,-0.2839600373150874,600.0,direct_digitized_curve_pixel,True,valid_curve_pixel
equilibrium_linearized_period_red_curve,lower_T210K_slice,red,387,711.5,711,712,2,210.0,0.7700986822008918,-0.26123661364357553,600.0,direct_digitized_curve_pixel,True,valid_curve_pixel
equilibrium_linearized_period_red_curve,lower_T210K_slice,red,388,711.5,711,712,2,210.0,0.7877982971510817,-0.2385131899720625,600.0,direct_digitized_curve_pixel,True,valid_curve_pixel
equilibrium_linearized_period_red_curve,lower_T210K_slice,red,389,711.5,711,712,2,210.0,0.8059047123940458,-0.21578976630055052,600.0,direct_digitized_curve_pixel,True,valid_curve_pixel
equilibrium_linearized_period_red_curve,lower_T210K_slice,red,390,711.5,711,712,2,210.0,0.8244272776517233,-0.1930663426290386,600.0,direct_digitized_curve_pixel,True,valid_curve_pixel
equilibrium_linearized_period_red_curve,lower_T210K_slice,red,391,712.0,712,712,1,210.0,0.8433755575360177,-0.17034291895752565,571.4285714285714,direct_digitized_curve_pixel,True,valid_curve_pixel
equilibrium_linearized_period_red_curve,lower_T210K_slice,red,392,712.0,712,712,1,210.0,0.862759336487732,-0.14761949528601367,571.4285714285714,direct_digitized_curve_pixel,True,valid_curve_pixel
equilibrium_linearized_period_red_curve,lower_T210K_slice,red,393,712.0,712,712,1,210.0,0.8825886238290261,-0.1248960716145017,571.4285714285714,direct_digitized_curve_pixel,True,valid_curve_pixel
equilibrium_linearized_period_red_curve,lower_T210K_slice,red,394,712.0,712,712,1,210.0,0.9028736589319906,-0.10217264794298872,571.4285714285714,direct_digitized_curve_pixel,True,valid_curve_pixel
equilibrium_linearized_period_red_curve,lower_T210K_slice,red,395,712.0,712,712,1,210.0,0.9236249165060122,-0.07944922427147569,571.4285714285714,direct_digitized_curve_pixel,True,valid_curve_pixel
equilibrium_linearized_period_red_curve,lower_T210K_slice,red,396,712.5,712,713,2,210.0,0.9448531120066667,-0.05672580059996378,542.8571428571429,direct_digitized_curve_pixel,True,valid_curve_pixel
equilibrium_linearized_period_red_curve,lower_T210K_slice,red,397,712.5,712,713,2,210.0,0.966569207168927,-0.034002376928451816,542.8571428571429,direct_digitized_curve_pixel,True,valid_curve_pixel
equilibrium_linearized_period_red_curve,lower_T210K_slice,red,398,713.0,712,714,3,210.0,0.9887844156675406,-0.01127895325693876,514.2857142857142,direct_digitized_curve_pixel,True,valid_curve_pixel
equilibrium_linearized_period_red_curve,lower_T210K_slice,red,399,712.5,712,713,2,210.0,1.0115102089075005,0.011444470414573093,542.8571428571429,direct_digitized_curve_pixel,True,valid_curve_pixel
equilibrium_linearized_period_red_curve,lower_T210K_slice,red,400,712.5,712,713,2,210.0,1.0347583219476133,0.034167894086085226,542.8571428571429,direct_digitized_curve_pixel,True,valid_curve_pixel
equilibrium_linearized_period_red_curve,lower_T210K_slice,red,401,712.5,712,713,2,210.0,1.0585407595601992,0.056891317757598175,542.8571428571429,direct_digitized_curve_pixel,True,valid_curve_pixel
equilibrium_linearized_period_red_curve,lower_T210K_slice,red,402,712.5,712,713,2,210.0,1.0828698024300696,0.07961474142911011,542.8571428571429,direct_digitized_curve_pixel,True,valid_curve_pixel
equilibrium_linearized_period_red_curve,lower_T210K_slice,red,403,713.0,713,713,1,210.0,1.1077580134959855,0.10233816510062198,514.2857142857142,direct_digitized_curve_pixel,True,valid_curve_pixel
equilibrium_linearized_period_red_curve,lower_T210K_slice,red,404,713.0,713,713,1,210.0,1.1332182444378578,0.12506158877213505,514.2857142857142,direct_digitized_curve_pixel,True,valid_curve_pixel
equilibrium_linearized_period_red_curve,lower_T210K_slice,red,405,713.0,713,713,1,210.0,1.1592636423130458,0.14778501244364797,514.2857142857142,direct_digitized_curve_pixel,True,valid_curve_pixel
equilibrium_linearized_period_red_curve,lower_T210K_slice,red,406,713.0,713,713,1,210.0,1.1859076563451878,0.17050843611515995,514.2857142857142,direct_digitized_curve_pixel,True,valid_curve_pixel
equilibrium_linearized_period_red_curve,lower_T210K_slice,red,407,713.0,713,713,1,210.0,1.2131640448690633,0.193231859786673,514.2857142857142,direct_digitized_curve_pixel,True,valid_curve_pixel
equilibrium_linearized_period_red_curve,lower_T210K_slice,red,408,713.0,713,713,1,210.0,1.241046882435061,0.21595528345818496,514.2857142857142,direct_digitized_curve_pixel,True,valid_curve_pixel
equilibrium_linearized_period_red_curve,lower_T210K_slice,red,409,713.5,713,714,2,210.0,1.2695705670769506,0.23867870712969685,485.7142857142857,direct_digitized_curve_pixel,True,valid_curve_pixel
equilibrium_linearized_period_red_curve,lower_T210K_slice,red,410,713.5,713,714,2,210.0,1.2987498277466818,0.2614021308012099,485.7142857142857,direct_digitized_curve_pixel,True,valid_curve_pixel
equilibrium_linearized_period_red_curve,lower_T210K_slice,red,411,713.5,713,714,2,210.0,1.3285997319200589,0.2841255544727218,485.7142857142857,direct_digitized_curve_pixel,True,valid_curve_pixel
equilibrium_linearized_period_red_curve,lower_T210K_slice,red,412,713.5,713,714,2,210.0,1.3591356933772363,0.30684897814423384,485.7142857142857,direct_digitized_curve_pixel,True,valid_curve_pixel
equilibrium_linearized_period_red_curve,lower_T210K_slice,red,413,713.5,713,714,2,210.0,1.3903734801620227,0.3295724018157469,485.7142857142857,direct_digitized_curve_pixel,True,valid_curve_pixel
equilibrium_linearized_period_red_curve,lower_T210K_slice,red,414,713.5,713,714,2,210.0,1.42232922272412,0.35229582548725874,485.7142857142857,direct_digitized_curve_pixel,True,valid_curve_pixel
equilibrium_linearized_period_red_curve,lower_T210K_slice,red,415,713.5,713,714,2,210.0,1.4550194222485138,0.37501924915877183,485.7142857142857,direct_digitized_curve_pixel,True,valid_curve_pixel
equilibrium_linearized_period_red_curve,lower_T210K_slice,red,416,714.0,714,714,1,210.0,1.4884609591762814,0.3977426728302847,457.14285714285717,direct_digitized_curve_pixel,True,valid_curve_pixel
equilibrium_linearized_period_red_curve,lower_T210K_slice,red,417,714.0,714,714,1,210.0,1.522671101921256,0.4204660965017967,457.14285714285717,direct_digitized_curve_pixel,True,valid_curve_pixel
equilibrium_linearized_period_red_curve,lower_T210K_slice,red,418,714.0,714,714,1,210.0,1.557667515787026,0.44318952017330876,457.14285714285717,direct_digitized_curve_pixel,True,valid_curve_pixel
equilibrium_linearized_period_red_curve,lower_T210K_slice,red,419,714.0,714,714,1,210.0,1.5934682720888749,0.46591294384482174,457.14285714285717,direct_digitized_curve_pixel,True,valid_curve_pixel
equilibrium_linearized_period_red_curve,lower_T210K_slice,red,420,714.0,714,714,1,210.0,1.6300918574853744,0.48863636751633366,457.14285714285717,direct_digitized_curve_pixel,True,valid_curve_pixel
equilibrium_linearized_period_red_curve,lower_T210K_slice,red,421,714.0,714,714,1,210.0,1.667557183524464,0.5113597911878457,457.14285714285717,direct_digitized_curve_pixel,True,valid_curve_pixel
equilibrium_linearized_period_red_curve,lower_T210K_slice,red,422,714.0,714,714,1,210.0,1.705883596408919,0.5340832148593586,457.14285714285717,direct_digitized_curve_pixel,True,valid_curve_pixel
equilibrium_linearized_period_red_curve,lower_T210K_slice,red,423,714.0,714,714,1,210.0,1.7450908869862651,0.5568066385308706,457.14285714285717,direct_digitized_curve_pixel,True,valid_curve_pixel
equilibrium_linearized_period_red_curve,lower_T210K_slice,red,424,714.5,714,715,2,210.0,1.7851993009683103,0.5795300622023826,428.57142857142856,direct_digitized_curve_pixel,True,valid_curve_pixel
equilibrium_linearized_period_red_curve,lower_T210K_slice,red,425,714.5,714,715,2,210.0,1.8262295493855463,0.6022534858738966,428.57142857142856,direct_digitized_curve_pixel,True,valid_curve_pixel
equilibrium_linearized_period_red_curve,lower_T210K_slice,red,426,714.5,714,715,2,210.0,1.8682028192818183,0.6249769095454085,428.57142857142856,direct_digitized_curve_pixel,True,valid_curve_pixel
equilibrium_linearized_period_red_curve,lower_T210K_slice,red,427,714.5,714,715,2,210.0,1.9111407846548325,0.6477003332169204,428.57142857142856,direct_digitized_curve_pixel,True,valid_curve_pixel
equilibrium_linearized_period_red_curve,lower_T210K_slice,red,428,714.5,714,715,2,210.0,1.9550656176480803,0.6704237568884335,428.57142857142856,direct_digitized_curve_pixel,True,valid_curve_pixel
nonlinear_limitcycle_period_black_curve,lower_T210K_slice,black,206,663.0,663,663,1,210.0,0.01259851538962092,-4.374176298187321,3371.4285714285716,direct_digitized_curve_pixel,True,valid_curve_pixel
nonlinear_limitcycle_period_black_curve,lower_T210K_slice,black,207,661.5,661,662,2,210.0,0.012888074216942946,-4.351452874515808,3457.1428571428573,direct_digitized_curve_pixel,True,valid_curve_pixel
nonlinear_limitcycle_period_black_curve,lower_T210K_slice,black,208,660.0,659,661,3,210.0,0.013184288139082664,-4.328729450844296,3542.8571428571427,direct_digitized_curve_pixel,True,valid_curve_pixel
nonlinear_limitcycle_period_black_curve,lower_T210K_slice,black,209,657.5,657,658,2,210.0,0.01348731011386022,-4.306006027172784,3685.714285714286,direct_digitized_curve_pixel,True,valid_curve_pixel
nonlinear_limitcycle_period_black_curve,lower_T210K_slice,black,210,655.0,654,656,3,210.0,0.01379729661461215,-4.283282603501271,3828.5714285714284,direct_digitized_curve_pixel,True,valid_curve_pixel
nonlinear_limitcycle_period_black_curve,lower_T210K_slice,black,211,653.0,652,654,3,210.0,0.014114407710990423,-4.260559179829759,3942.8571428571427,direct_digitized_curve_pixel,True,valid_curve_pixel
nonlinear_limitcycle_period_black_curve,lower_T210K_slice,black,212,651.0,650,652,3,210.0,0.014438807151618658,-4.237835756158247,4057.1428571428573,direct_digitized_curve_pixel,True,valid_curve_pixel
nonlinear_limitcycle_period_black_curve,lower_T210K_slice,black,213,648.5,648,649,2,210.0,0.014770662448648013,-4.215112332486735,4200.0,direct_digitized_curve_pixel,True,valid_curve_pixel
nonlinear_limitcycle_period_black_curve,lower_T210K_slice,black,214,646.5,646,647,2,210.0,0.015110144964256441,-4.1923889088152215,4314.285714285715,direct_digitized_curve_pixel,True,valid_curve_pixel
nonlinear_limitcycle_period_black_curve,lower_T210K_slice,black,215,644.5,644,645,2,210.0,0.015457429999136057,-4.169665485143709,4428.571428571428,direct_digitized_curve_pixel,True,valid_curve_pixel
nonlinear_limitcycle_period_black_curve,lower_T210K_slice,black,216,642.5,642,643,2,210.0,0.015812696883014253,-4.146942061472196,4542.857142857143,direct_digitized_curve_pixel,True,valid_curve_pixel
nonlinear_limitcycle_period_black_curve,lower_T210K_slice,black,217,640.5,640,641,2,210.0,0.01617612906725529,-4.124218637800684,4657.142857142858,direct_digitized_curve_pixel,True,valid_curve_pixel
nonlinear_limitcycle_period_black_curve,lower_T210K_slice,black,218,638.5,638,639,2,210.0,0.016547914219590208,-4.101495214129172,4771.428571428572,direct_digitized_curve_pixel,True,valid_curve_pixel
nonlinear_limitcycle_period_black_curve,lower_T210K_slice,black,219,636.5,636,637,2,210.0,0.016928244321024022,-4.07877179045766,4885.714285714285,direct_digitized_curve_pixel,True,valid_curve_pixel
nonlinear_limitcycle_period_black_curve,lower_T210K_slice,black,220,635.5,635,636,2,210.0,0.01731731576497009,-4.056048366786147,4942.857142857143,direct_digitized_curve_pixel,True,valid_curve_pixel
nonlinear_limitcycle_period_black_curve,lower_T210K_slice,black,221,633.5,633,634,2,210.0,0.017715329458662988,-4.033324943114635,5057.142857142857,direct_digitized_curve_pixel,True,valid_curve_pixel
nonlinear_limitcycle_period_black_curve,lower_T210K_slice,black,222,631.5,631,632,2,210.0,0.01812249092690231,-4.010601519443123,5171.428571428571,direct_digitized_curve_pixel,True,valid_curve_pixel
nonlinear_limitcycle_period_black_curve,lower_T210K_slice,black,223,629.5,629,630,2,210.0,0.0185390104181807,-3.98787809577161,5285.714285714286,direct_digitized_curve_pixel,True,valid_curve_pixel
nonlinear_limitcycle_period_black_curve,lower_T210K_slice,black,224,628.5,628,629,2,210.0,0.01896510301325119,-3.965154672100098,5342.857142857143,direct_digitized_curve_pixel,True,valid_curve_pixel
nonlinear_limitcycle_period_black_curve,lower_T210K_slice,black,225,626.5,626,627,2,210.0,0.019400988736189832,-3.942431248428585,5457.142857142857,direct_digitized_curve_pixel,True,valid_curve_pixel
nonlinear_limitcycle_period_black_curve,lower_T210K_slice,black,226,625.5,625,626,2,210.0,0.019846892668010797,-3.9197078247570727,5514.285714285715,direct_digitized_curve_pixel,True,valid_curve_pixel
nonlinear_limitcycle_period_black_curve,lower_T210K_slice,black,227,623.5,623,624,2,210.0,0.020303045062892947,-3.8969844010855605,5628.571428571428,direct_digitized_curve_pixel,True,valid_curve_pixel
nonlinear_limitcycle_period_black_curve,lower_T210K_slice,black,228,622.5,622,623,2,210.0,0.02076968146707758,-3.874260977414048,5685.714285714285,direct_digitized_curve_pixel,True,valid_curve_pixel
nonlinear_limitcycle_period_black_curve,lower_T210K_slice,black,229,621.5,621,622,2,210.0,0.021247042840498893,-3.8515375537425354,5742.857142857142,direct_digitized_curve_pixel,True,valid_curve_pixel
nonlinear_limitcycle_period_black_curve,lower_T210K_slice,black,230,620.0,620,620,1,210.0,0.021735375681209958,-3.8288141300710232,5828.571428571428,direct_digitized_curve_pixel,True,valid_curve_pixel
nonlinear_limitcycle_period_black_curve,lower_T210K_slice,black,231,618.5,618,619,2,210.0,0.022234932152668474,-3.8060907063995106,5914.285714285715,direct_digitized_curve_pixel,True,valid_curve_pixel
nonlinear_limitcycle_period_black_curve,lower_T210K_slice,black,232,617.5,617,618,2,210.0,0.022745970213947933,-3.7833672827279985,5971.428571428572,direct_digitized_curve_pixel,True,valid_curve_pixel
nonlinear_limitcycle_period_black_curve,lower_T210K_slice,black,233,616.5,616,617,2,210.0,0.02326875375294162,-3.7606438590564863,6028.571428571428,direct_digitized_curve_pixel,True,valid_curve_pixel
nonlinear_limitcycle_period_black_curve,lower_T210K_slice,black,234,615.5,615,616,2,210.0,0.023803552722627956,-3.7379204353849738,6085.714285714286,direct_digitized_curve_pixel,True,valid_curve_pixel
nonlinear_limitcycle_period_black_curve,lower_T210K_slice,black,235,614.5,614,615,2,210.0,0.024350643280467845,-3.715197011713461,6142.857142857143,direct_digitized_curve_pixel,True,valid_curve_pixel
nonlinear_limitcycle_period_black_curve,lower_T210K_slice,black,236,613.5,613,614,2,210.0,0.0249103079310058,-3.6924735880419486,6200.0,direct_digitized_curve_pixel,True,valid_curve_pixel
nonlinear_limitcycle_period_black_curve,lower_T210K_slice,black,237,613.0,613,613,1,210.0,0.02548283567174856,-3.6697501643704364,6228.571428571428,direct_digitized_curve_pixel,True,valid_curve_pixel
nonlinear_limitcycle_period_black_curve,lower_T210K_slice,black,238,612.0,612,612,1,210.0,0.02606852214239653,-3.6470267406989243,6285.714285714285,direct_digitized_curve_pixel,True,valid_curve_pixel
nonlinear_limitcycle_period_black_curve,lower_T210K_slice,black,239,611.0,611,611,1,210.0,0.026667669777505117,-3.6243033170274117,6342.857142857143,direct_digitized_curve_pixel,True,valid_curve_pixel
nonlinear_limitcycle_period_black_curve,lower_T210K_slice,black,240,611.0,611,611,1,210.0,0.0272805879626547,-3.601579893355899,6342.857142857143,direct_digitized_curve_pixel,True,valid_curve_pixel
nonlinear_limitcycle_period_black_curve,lower_T210K_slice,black,241,610.0,610,610,1,210.0,0.027907593194209938,-3.578856469684387,6400.0,direct_digitized_curve_pixel,True,valid_curve_pixel
nonlinear_limitcycle_period_black_curve,lower_T210K_slice,black,242,610.0,610,610,1,210.0,0.02854900924275109,-3.5561330460128744,6400.0,direct_digitized_curve_pixel,True,valid_curve_pixel
nonlinear_limitcycle_period_black_curve,lower_T210K_slice,black,243,609.0,609,609,1,210.0,0.029205167320261315,-3.533409622341362,6457.142857142857,direct_digitized_curve_pixel,True,valid_curve_pixel
nonlinear_limitcycle_period_black_curve,lower_T210K_slice,black,244,609.0,609,609,1,210.0,0.029876406251156697,-3.51068619866985,6457.142857142857,direct_digitized_curve_pixel,True,valid_curve_pixel
nonlinear_limitcycle_period_black_curve,lower_T210K_slice,black,245,609.0,609,609,1,210.0,0.030563072647247183,-3.487962774998337,6457.142857142857,direct_digitized_curve_pixel,True,valid_curve_pixel
nonlinear_limitcycle_period_black_curve,lower_T210K_slice,black,246,608.0,608,608,1,210.0,0.03126552108671851,-3.4652393513268245,6514.285714285714,direct_digitized_curve_pixel,True,valid_curve_pixel
nonlinear_limitcycle_period_black_curve,lower_T210K_slice,black,247,608.0,608,608,1,210.0,0.03198411429722811,-3.442515927655312,6514.285714285714,direct_digitized_curve_pixel,True,valid_curve_pixel
nonlinear_limitcycle_period_black_curve,lower_T210K_slice,black,248,608.0,608,608,1,210.0,0.03271922334320893,-3.4197925039837997,6514.285714285714,direct_digitized_curve_pixel,True,valid_curve_pixel
nonlinear_limitcycle_period_black_curve,lower_T210K_slice,black,249,608.0,608,608,1,210.0,0.03347122781747835,-3.397069080312287,6514.285714285714,direct_digitized_curve_pixel,True,valid_curve_pixel
nonlinear_limitcycle_period_black_curve,lower_T210K_slice,black,250,608.0,608,608,1,210.0,0.034240516037250784,-3.374345656640775,6514.285714285714,direct_digitized_curve_pixel,True,valid_curve_pixel
nonlinear_limitcycle_period_black_curve,lower_T210K_slice,black,251,608.0,608,608,1,210.0,0.0350274852446556,-3.3516222329692624,6514.285714285714,direct_digitized_curve_pixel,True,valid_curve_pixel
nonlinear_limitcycle_period_black_curve,lower_T210K_slice,black,252,608.5,608,609,2,210.0,0.03583254181186333,-3.3288988092977503,6485.714285714285,direct_digitized_curve_pixel,True,valid_curve_pixel
nonlinear_limitcycle_period_black_curve,lower_T210K_slice,black,253,609.0,609,609,1,210.0,0.03665610145092668,-3.306175385626238,6457.142857142857,direct_digitized_curve_pixel,True,valid_curve_pixel
nonlinear_limitcycle_period_black_curve,lower_T210K_slice,black,254,609.0,609,609,1,210.0,0.03749858942844439,-3.283451961954726,6457.142857142857,direct_digitized_curve_pixel,True,valid_curve_pixel
nonlinear_limitcycle_period_black_curve,lower_T210K_slice,black,255,609.0,609,609,1,210.0,0.03836044078515866,-3.2607285382832134,6457.142857142857,direct_digitized_curve_pixel,True,valid_curve_pixel
nonlinear_limitcycle_period_black_curve,lower_T210K_slice,black,256,610.0,610,610,1,210.0,0.03924210056059991,-3.2380051146117013,6400.0,direct_digitized_curve_pixel,True,valid_curve_pixel
nonlinear_limitcycle_period_black_curve,lower_T210K_slice,black,257,610.0,610,610,1,210.0,0.04014402402289467,-3.215281690940188,6400.0,direct_digitized_curve_pixel,True,valid_curve_pixel
nonlinear_limitcycle_period_black_curve,lower_T210K_slice,black,258,611.0,611,611,1,210.0,0.041066676903854966,-3.1925582672686756,6342.857142857143,direct_digitized_curve_pixel,True,valid_curve_pixel
nonlinear_limitcycle_period_black_curve,lower_T210K_slice,black,259,611.5,611,612,2,210.0,0.04201053563947147,-3.1698348435971635,6314.285714285714,direct_digitized_curve_pixel,True,valid_curve_pixel
nonlinear_limitcycle_period_black_curve,lower_T210K_slice,black,260,612.0,612,612,1,210.0,0.04297608761593348,-3.147111419925651,6285.714285714285,direct_digitized_curve_pixel,True,valid_curve_pixel
nonlinear_limitcycle_period_black_curve,lower_T210K_slice,black,261,613.0,613,613,1,210.0,0.043963831421303605,-3.1243879962541383,6228.571428571428,direct_digitized_curve_pixel,True,valid_curve_pixel
nonlinear_limitcycle_period_black_curve,lower_T210K_slice,black,262,613.5,613,614,2,210.0,0.04497427710297679,-3.101664572582626,6200.0,direct_digitized_curve_pixel,True,valid_curve_pixel
nonlinear_limitcycle_period_black_curve,lower_T210K_slice,black,263,614.5,614,615,2,210.0,0.046007946431056684,-3.078941148911114,6142.857142857143,direct_digitized_curve_pixel,True,valid_curve_pixel
nonlinear_limitcycle_period_black_curve,lower_T210K_slice,black,264,615.0,615,615,1,210.0,0.04706537316778524,-3.0562177252396014,6114.285714285715,direct_digitized_curve_pixel,True,valid_curve_pixel
nonlinear_limitcycle_period_black_curve,lower_T210K_slice,black,265,616.0,616,616,1,210.0,0.04814710334316483,-3.0334943015680893,6057.142857142858,direct_digitized_curve_pixel,True,valid_curve_pixel
nonlinear_limitcycle_period_black_curve,lower_T210K_slice,black,266,617.0,617,617,1,210.0,0.04925369553691525,-3.010770877896577,6000.0,direct_digitized_curve_pixel,True,valid_curve_pixel
nonlinear_limitcycle_period_black_curve,lower_T210K_slice,black,267,618.0,618,618,1,210.0,0.05038572116691093,-2.9880474542250637,5942.857142857143,direct_digitized_curve_pixel,True,valid_curve_pixel
nonlinear_limitcycle_period_black_curve,lower_T210K_slice,black,268,619.0,619,619,1,210.0,0.051543764784247326,-2.9653240305535515,5885.714285714286,direct_digitized_curve_pixel,True,valid_curve_pixel
nonlinear_limitcycle_period_black_curve,lower_T210K_slice,black,269,620.0,620,620,1,210.0,0.052728424375089615,-2.9426006068820394,5828.571428571428,direct_digitized_curve_pixel,True,valid_curve_pixel
nonlinear_limitcycle_period_black_curve,lower_T210K_slice,black,270,621.0,621,621,1,210.0,0.05394031166945825,-2.919877183210527,5771.428571428572,direct_digitized_curve_pixel,True,valid_curve_pixel
nonlinear_limitcycle_period_black_curve,lower_T210K_slice,black,271,622.0,622,622,1,210.0,0.05518005245711168,-2.8971537595390147,5714.285714285714,direct_digitized_curve_pixel,True,valid_curve_pixel
nonlinear_limitcycle_period_black_curve,lower_T210K_slice,black,272,623.0,623,623,1,210.0,0.05644828691068959,-2.8744303358675025,5657.142857142857,direct_digitized_curve_pixel,True,valid_curve_pixel
nonlinear_limitcycle_period_black_curve,lower_T210K_slice,black,273,624.5,624,625,2,210.0,0.057745669916282646,-2.8517069121959895,5571.428571428572,direct_digitized_curve_pixel,True,valid_curve_pixel
nonlinear_limitcycle_period_black_curve,lower_T210K_slice,black,274,625.5,625,626,2,210.0,0.05907287141159997,-2.828983488524478,5514.285714285715,direct_digitized_curve_pixel,True,valid_curve_pixel
nonlinear_limitcycle_period_black_curve,lower_T210K_slice,black,275,626.5,626,627,2,210.0,0.06043057673190929,-2.8062600648529656,5457.142857142857,direct_digitized_curve_pixel,True,valid_curve_pixel
nonlinear_limitcycle_period_black_curve,lower_T210K_slice,black,276,627.5,627,628,2,210.0,0.06181948696392768,-2.7835366411814526,5400.0,direct_digitized_curve_pixel,True,valid_curve_pixel
nonlinear_limitcycle_period_black_curve,lower_T210K_slice,black,277,629.0,629,629,1,210.0,0.06324031930784588,-2.7608132175099396,5314.285714285715,direct_digitized_curve_pixel,True,valid_curve_pixel
nonlinear_limitcycle_period_black_curve,lower_T210K_slice,black,278,630.0,630,630,1,210.0,0.0646938074476735,-2.738089793838428,5257.142857142858,direct_digitized_curve_pixel,True,valid_curve_pixel
nonlinear_limitcycle_period_black_curve,lower_T210K_slice,black,279,631.5,631,632,2,210.0,0.06618070193009626,-2.715366370166915,5171.428571428571,direct_digitized_curve_pixel,True,valid_curve_pixel
nonlinear_limitcycle_period_black_curve,lower_T210K_slice,black,280,632.5,632,633,2,210.0,0.06770177055203992,-2.6926429464954027,5114.285714285714,direct_digitized_curve_pixel,True,valid_curve_pixel
nonlinear_limitcycle_period_black_curve,lower_T210K_slice,black,281,634.0,634,634,1,210.0,0.06925779875714282,-2.669919522823891,5028.571428571428,direct_digitized_curve_pixel,True,valid_curve_pixel
nonlinear_limitcycle_period_black_curve,lower_T210K_slice,black,282,635.0,635,635,1,210.0,0.07084959004134006,-2.647196099152378,4971.428571428572,direct_digitized_curve_pixel,True,valid_curve_pixel
nonlinear_limitcycle_period_black_curve,lower_T210K_slice,black,283,636.5,636,637,2,210.0,0.07247796636776954,-2.624472675480866,4885.714285714285,direct_digitized_curve_pixel,True,valid_curve_pixel
nonlinear_limitcycle_period_black_curve,lower_T210K_slice,black,284,637.5,637,638,2,210.0,0.07414376859121449,-2.601749251809354,4828.571428571428,direct_digitized_curve_pixel,True,valid_curve_pixel
nonlinear_limitcycle_period_black_curve,lower_T210K_slice,black,285,638.5,638,639,2,210.0,0.07584785689230075,-2.579025828137841,4771.428571428572,direct_digitized_curve_pixel,True,valid_curve_pixel
nonlinear_limitcycle_period_black_curve,lower_T210K_slice,black,286,640.0,640,640,1,210.0,0.07759111122167334,-2.556302404466328,4685.714285714286,direct_digitized_curve_pixel,True,valid_curve_pixel
nonlinear_limitcycle_period_black_curve,lower_T210K_slice,black,287,641.5,641,642,2,210.0,0.07937443175438223,-2.533578980794816,4600.0,direct_digitized_curve_pixel,True,valid_curve_pixel
nonlinear_limitcycle_period_black_curve,lower_T210K_slice,black,288,642.5,642,643,2,210.0,0.08119873935471156,-2.510855557123303,4542.857142857143,direct_digitized_curve_pixel,True,valid_curve_pixel
nonlinear_limitcycle_period_black_curve,lower_T210K_slice,black,289,643.5,643,644,2,210.0,0.08306497605169146,-2.488132133451791,4485.714285714285,direct_digitized_curve_pixel,True,valid_curve_pixel
nonlinear_limitcycle_period_black_curve,lower_T210K_slice,black,290,645.0,645,645,1,210.0,0.08497410552553995,-2.465408709780279,4400.0,direct_digitized_curve_pixel,True,valid_curve_pixel
nonlinear_limitcycle_period_black_curve,lower_T210K_slice,black,291,646.0,646,646,1,210.0,0.08692711360528436,-2.442685286108766,4342.857142857143,direct_digitized_curve_pixel,True,valid_curve_pixel
nonlinear_limitcycle_period_black_curve,lower_T210K_slice,black,292,647.5,647,648,2,210.0,0.08892500877781956,-2.419961862437254,4257.142857142857,direct_digitized_curve_pixel,True,valid_curve_pixel
nonlinear_limitcycle_period_black_curve,lower_T210K_slice,black,293,648.5,648,649,2,210.0,0.09096882270866719,-2.397238438765742,4200.0,direct_digitized_curve_pixel,True,valid_curve_pixel
nonlinear_limitcycle_period_black_curve,lower_T210K_slice,black,294,650.0,650,650,1,210.0,0.09305961077470296,-2.374515015094229,4114.285714285714,direct_digitized_curve_pixel,True,valid_curve_pixel
nonlinear_limitcycle_period_black_curve,lower_T210K_slice,black,295,651.5,651,652,2,210.0,0.0951984526091278,-2.351791591422717,4028.571428571429,direct_digitized_curve_pixel,True,valid_curve_pixel
nonlinear_limitcycle_period_black_curve,lower_T210K_slice,black,296,652.5,652,653,2,210.0,0.09738645265896545,-2.3290681677512044,3971.428571428571,direct_digitized_curve_pixel,True,valid_curve_pixel
nonlinear_limitcycle_period_black_curve,lower_T210K_slice,black,297,653.5,653,654,2,210.0,0.09962474075537195,-2.3063447440796914,3914.285714285714,direct_digitized_curve_pixel,True,valid_curve_pixel
nonlinear_limitcycle_period_black_curve,lower_T210K_slice,black,298,655.0,655,655,1,210.0,0.10191447269705381,-2.2836213204081792,3828.5714285714284,direct_digitized_curve_pixel,True,valid_curve_pixel
nonlinear_limitcycle_period_black_curve,lower_T210K_slice,black,299,656.5,656,657,2,210.0,0.10425683084709522,-2.2608978967366675,3742.857142857143,direct_digitized_curve_pixel,True,valid_curve_pixel
nonlinear_limitcycle_period_black_curve,lower_T210K_slice,black,300,657.5,657,658,2,210.0,0.10665302474350198,-2.2381744730651545,3685.714285714286,direct_digitized_curve_pixel,True,valid_curve_pixel
nonlinear_limitcycle_period_black_curve,lower_T210K_slice,black,301,659.0,659,659,1,210.0,0.10910429172377781,-2.2154510493936423,3600.0,direct_digitized_curve_pixel,True,valid_curve_pixel
nonlinear_limitcycle_period_black_curve,lower_T210K_slice,black,302,660.0,660,660,1,210.0,0.11161189756385663,-2.1927276257221306,3542.8571428571427,direct_digitized_curve_pixel,True,valid_curve_pixel
nonlinear_limitcycle_period_black_curve,lower_T210K_slice,black,303,661.5,661,662,2,210.0,0.11417713713171888,-2.170004202050617,3457.1428571428573,direct_digitized_curve_pixel,True,valid_curve_pixel
nonlinear_limitcycle_period_black_curve,lower_T210K_slice,black,304,663.0,663,663,1,210.0,0.11680133505603006,-2.1472807783791055,3371.4285714285716,direct_digitized_curve_pixel,True,valid_curve_pixel
nonlinear_limitcycle_period_black_curve,lower_T210K_slice,black,305,664.0,664,664,1,210.0,0.11948584641014826,-2.1245573547075933,3314.2857142857147,direct_digitized_curve_pixel,True,valid_curve_pixel
nonlinear_limitcycle_period_black_curve,lower_T210K_slice,black,306,665.5,665,666,2,210.0,0.12223205741185149,-2.1018339310360794,3228.5714285714284,direct_digitized_curve_pixel,True,valid_curve_pixel
nonlinear_limitcycle_period_black_curve,lower_T210K_slice,black,307,666.5,666,667,2,210.0,0.12504138613914673,-2.0791105073645677,3171.4285714285716,direct_digitized_curve_pixel,True,valid_curve_pixel
nonlinear_limitcycle_period_black_curve,lower_T210K_slice,black,308,667.5,667,668,2,210.0,0.12791528326253315,-2.0563870836930556,3114.285714285714,direct_digitized_curve_pixel,True,valid_curve_pixel
nonlinear_limitcycle_period_black_curve,lower_T210K_slice,black,309,669.0,669,669,1,210.0,0.13085523279409292,-2.0336636600215425,3028.571428571429,direct_digitized_curve_pixel,True,valid_curve_pixel
nonlinear_limitcycle_period_black_curve,lower_T210K_slice,black,310,670.5,670,671,2,210.0,0.1338627528537995,-2.0109402363500304,2942.857142857143,direct_digitized_curve_pixel,True,valid_curve_pixel
nonlinear_limitcycle_period_black_curve,lower_T210K_slice,black,311,671.5,671,672,2,210.0,0.1369393964534395,-1.9882168126785187,2885.714285714286,direct_digitized_curve_pixel,True,valid_curve_pixel
nonlinear_limitcycle_period_black_curve,lower_T210K_slice,black,312,673.0,673,673,1,210.0,0.14008675229855053,-1.9654933890070057,2800.0,direct_digitized_curve_pixel,True,valid_curve_pixel
nonlinear_limitcycle_period_black_curve,lower_T210K_slice,black,313,674.5,674,675,2,210.0,0.14330644560879055,-1.9427699653354937,2714.285714285714,direct_digitized_curve_pixel,True,valid_curve_pixel
nonlinear_limitcycle_period_black_curve,lower_T210K_slice,black,314,675.5,675,676,2,210.0,0.14660013895716342,-1.9200465416639818,2657.1428571428573,direct_digitized_curve_pixel,True,valid_curve_pixel
nonlinear_limitcycle_period_black_curve,lower_T210K_slice,black,315,677.0,677,677,1,210.0,0.14996953312853178,-1.8973231179924686,2571.428571428571,direct_digitized_curve_pixel,True,valid_curve_pixel
nonlinear_limitcycle_period_black_curve,lower_T210K_slice,black,316,678.5,678,679,2,210.0,0.15341636799786132,-1.8745996943209557,2485.714285714286,direct_digitized_curve_pixel,True,valid_curve_pixel
nonlinear_limitcycle_period_black_curve,lower_T210K_slice,black,317,679.5,679,680,2,210.0,0.15694242342865128,-1.8518762706494438,2428.5714285714284,direct_digitized_curve_pixel,True,valid_curve_pixel
nonlinear_limitcycle_period_black_curve,lower_T210K_slice,black,318,681.5,681,682,2,210.0,0.1605495201920139,-1.829152846977932,2314.285714285714,direct_digitized_curve_pixel,True,valid_curve_pixel
nonlinear_limitcycle_period_black_curve,lower_T210K_slice,black,319,682.5,682,683,2,210.0,0.16423952090687696,-1.8064294233064186,2257.1428571428573,direct_digitized_curve_pixel,True,valid_curve_pixel
nonlinear_limitcycle_period_black_curve,lower_T210K_slice,black,320,684.0,684,684,1,210.0,0.1680143310017953,-1.783705999634907,2171.4285714285716,direct_digitized_curve_pixel,True,valid_curve_pixel
nonlinear_limitcycle_period_black_curve,lower_T210K_slice,black,321,685.5,685,686,2,210.0,0.17187589969886993,-1.760982575963395,2085.714285714286,direct_digitized_curve_pixel,True,valid_curve_pixel
nonlinear_limitcycle_period_black_curve,lower_T210K_slice,black,322,686.5,686,687,2,210.0,0.17582622102027934,-1.7382591522918818,2028.5714285714287,direct_digitized_curve_pixel,True,valid_curve_pixel
nonlinear_limitcycle_period_black_curve,lower_T210K_slice,black,323,688.5,688,689,2,210.0,0.1798673348179445,-1.7155357286203698,1914.2857142857142,direct_digitized_curve_pixel,True,valid_curve_pixel
nonlinear_limitcycle_period_black_curve,lower_T210K_slice,black,324,689.5,689,690,2,210.0,0.18400132782686127,-1.6928123049488568,1857.142857142857,direct_digitized_curve_pixel,True,valid_curve_pixel
nonlinear_limitcycle_period_black_curve,lower_T210K_slice,black,325,691.5,691,692,2,210.0,0.1882303347426391,-1.670088881277345,1742.857142857143,direct_digitized_curve_pixel,True,valid_curve_pixel
nonlinear_limitcycle_period_black_curve,lower_T210K_slice,black,326,693.0,693,693,1,210.0,0.19255653932380853,-1.647365457605832,1657.1428571428573,direct_digitized_curve_pixel,True,valid_curve_pixel
nonlinear_limitcycle_period_black_curve,lower_T210K_slice,black,327,694.5,694,695,2,210.0,0.19698217551946076,-1.6246420339343202,1571.4285714285713,direct_digitized_curve_pixel,True,valid_curve_pixel
nonlinear_limitcycle_period_black_curve,lower_T210K_slice,black,328,696.5,696,697,2,210.0,0.20150952862280716,-1.6019186102628071,1457.142857142857,direct_digitized_curve_pixel,True,valid_curve_pixel
nonlinear_limitcycle_period_black_curve,lower_T210K_slice,black,329,698.5,698,699,2,210.0,0.20614093645124879,-1.579195186591295,1342.857142857143,direct_digitized_curve_pixel,True,valid_curve_pixel
nonlinear_limitcycle_period_black_curve,lower_T210K_slice,black,330,700.5,700,701,2,210.0,0.2108787905535711,-1.556471762919783,1228.5714285714284,direct_digitized_curve_pixel,True,valid_curve_pixel
nonlinear_limitcycle_period_black_curve,lower_T210K_slice,black,331,702.5,702,703,2,210.0,0.21572553744488218,-1.5337483392482703,1114.2857142857142,direct_digitized_curve_pixel,True,valid_curve_pixel
nonlinear_limitcycle_period_black_curve,lower_T210K_slice,black,332,704.0,704,704,1,210.0,0.22068367986993437,-1.511024915576758,1028.5714285714284,direct_digitized_curve_pixel,True,valid_curve_pixel
