backend,schema_version,branch_id,T_K,temperature_K,p_Pa,pressure_Pa,F,N_a_m3,log_w,w_m_s,log_n,log_q,n,n_kg_dry_air_inv,q,q_kg_kg,s,residual_norm,converged,stability,backend_step_index,source_file,loca_newton_iterations,loca_continuation_status,loca_step_size,loca_continuation_mode
loca,figure1-branch-schema-v1,figure1_T230K,230.0,230.0,30000.0,30000.0,1.0,10000000000.0,-5.298317366548036,0.005000000000000002,7.435374916659729,-14.882000589015995,1694.8930435272582,1694.8930435272582,3.4421458205033073e-07,3.4421458205033073e-07,1.4416038457752174,2.018418008178064e-17,true,,0,raw/bs2026_loca_T230K.csv,1,converged,0.059914645471079817,natural_parameter_predictor_corrector
loca,figure1-branch-schema-v1,figure1_T230K,230.0,230.0,30000.0,30000.0,1.0,10000000000.0,-5.238402721076956,0.005308729589274897,7.494955328207326,-14.82215318166064,1798.9444014271328,1798.9444014271328,3.6544385477579983e-07,3.6544385477579983e-07,1.4417610822633602,1.2806002887503944e-11,true,,1,raw/bs2026_loca_T230K.csv,2,converged,0.059914645471079817,natural_parameter_predictor_corrector
loca,figure1-branch-schema-v1,figure1_T230K,230.0,230.0,30000.0,30000.0,1.0,10000000000.0,-5.178488075605877,0.005636521970408556,7.554532515872526,-14.76230910801598,1909.377431614604,1909.377431614604,3.8798113950959155e-07,3.8798113950959155e-07,1.441918310076161,4.707361290664542e-17,true,,2,raw/bs2026_loca_T230K.csv,1,converged,0.059914645471079817,natural_parameter_predictor_corrector
loca,figure1-branch-schema-v1,figure1_T230K,230.0,230.0,30000.0,30000.0,1.0,10000000000.0,-5.118573430134797,0.005984554192981187,7.6141115343497,-14.702463290537727,2026.5934000544362,2026.5934000544362,4.1190903923094517e-07,4.1190903923094517e-07,1.4420755425536276,1.4107532874335512e-17,true,,3,raw/bs2026_loca_T230K.csv,1,converged,0.059914645471079817,natural_parameter_predictor_corrector
loca,figure1-branch-schema-v1,figure1_T230K,230.0,230.0,30000.0,30000.0,1.0,10000000000.0,-5.058658784663717,0.006354075984579668,7.673690698601729,-14.642617421790462,2151.0055266445315,2151.0055266445315,4.373126629644609e-07,4.373126629644609e-07,1.4422327752488813,1.7368227348576058e-17,true,,4,raw/bs2026_loca_T230K.csv,1,converged,0.059914645471079817,natural_parameter_predictor_corrector
loca,figure1-branch-schema-v1,figure1_T230K,230.0,230.0,30000.0,30000.0,1.0,10000000000.0,-4.998744139192637,0.006746414238367819,7.733270008519291,-14.582771501816739,2283.0556190995117,2283.0556190995117,4.642830255504867e-07,4.642830255504867e-07,1.4423900081617516,7.240904457011713e-17,true,,5,raw/bs2026_loca_T230K.csv,1,converged,0.059914645471079817,natural_parameter_predictor_corrector
loca,figure1-branch-schema-v1,figure1_T230K,230.0,230.0,30000.0,30000.0,1.0,10000000000.0,-4.938829493721557,0.0071629777777457385,7.792849463992016,-14.522925530660233,2423.2126110416602,2423.2126110416602,4.929167552249167e-07,4.929167552249167e-07,1.4425472412920652,1.2552632380646953e-17,true,,6,raw/bs2026_loca_T230K.csv,1,converged,0.059914645471079817,natural_parameter_predictor_corrector
loca,figure1-branch-schema-v1,figure1_T230K,230.0,230.0,30000.0,30000.0,1.0,10000000000.0,-4.878914848250478,0.00760526241520746,7.852429064911276,-14.463079508362942,2571.974227541413,2571.974227541413,5.233164398351665e-07,5.233164398351665e-07,1.4427044746396531,1.6369439391787956e-17,true,,7,raw/bs2026_loca_T230K.csv,1,converged,0.059914645471079817,natural_parameter_predictor_corrector
loca,figure1-branch-schema-v1,figure1_T230K,230.0,230.0,30000.0,30000.0,1.0,10000000000.0,-4.819000202779398,0.008074856323562418,7.912008811168564,-14.403233434966817,2729.8687529165027,2729.8687529165027,5.555909944078155e-07,5.555909944078155e-07,1.4428617082043467,7.626417691009449e-17,true,,8,raw/bs2026_loca_T230K.csv,1,converged,0.059914645471079817,natural_parameter_predictor_corrector
loca,figure1-branch-schema-v1,figure1_T230K,230.0,230.0,30000.0,30000.0,1.0,10000000000.0,-4.7590855573083175,0.008573445738807861,7.971588702655484,-14.343387310513759,2897.456907082421,2897.456907082421,5.898560513876019e-07,5.898560513876019e-07,1.443018941985977,2.5485786647855045e-17,true,,9,raw/bs2026_loca_T230K.csv,1,converged,0.059914645471079817,natural_parameter_predictor_corrector
loca,figure1-branch-schema-v1,figure1_T230K,230.0,230.0,30000.0,30000.0,1.0,10000000000.0,-4.699170911837238,0.009102821015130404,8.031168739263759,-14.283541135045626,3075.333837116345,3075.333837116345,6.262343749453736e-07,6.262343749453736e-07,1.443176175984376,5.439613650989113e-17,true,,10,raw/bs2026_loca_T230K.csv,1,converged,0.059914645471079817,natural_parameter_predictor_corrector
loca,figure1-branch-schema-v1,figure1_T230K,230.0,230.0,30000.0,30000.0,1.0,10000000000.0,-4.639256266366158,0.009664883053779222,8.09074892088523,-14.223694908604232,3264.131231109268,3264.131231109268,6.648563008395445e-07,6.648563008395445e-07,1.443333410199375,7.510035647171049e-17,true,,11,raw/bs2026_loca_T230K.csv,1,converged,0.059914645471079817,natural_parameter_predictor_corrector
loca,figure1-branch-schema-v1,figure1_T230K,230.0,230.0,30000.0,30000.0,1.0,10000000000.0,-4.579341620895079,0.010261650128895843,8.150329247411852,-14.16384863123134,3464.5195618154557,3464.5195618154557,7.058602034071516e-07,7.058602034071516e-07,1.443490644630807,1.798400571133728e-17,true,,12,raw/bs2026_loca_T230K.csv,1,converged,0.059914645471079817,natural_parameter_predictor_corrector
loca,figure1-branch-schema-v1,figure1_T230K,230.0,230.0,30000.0,30000.0,1.0,10000000000.0,-4.519426975423999,0.01089526513481118,8.209909718735696,-14.104002302968672,3677.210468069647,3677.210468069647,7.493929913578172e-07,7.493929913578172e-07,1.443647879278503,7.414225666972673e-19,true,,13,raw/bs2026_loca_T230K.csv,1,converged,0.059914645471079817,natural_parameter_predictor_corrector
loca,figure1-branch-schema-v1,figure1_T230K,230.0,230.0,30000.0,30000.0,1.0,10000000000.0,-4.4595123299529185,0.011568003280833449,8.269490334748948,-14.0441559238579,3902.9592824315955,3902.9592824315955,7.956106341471451e-07,7.956106341471451e-07,1.443805114142296,4.437535087956655e-17,true,,14,raw/bs2026_loca_T230K.csv,1,converged,0.059914645471079817,natural_parameter_predictor_corrector
loca,figure1-branch-schema-v1,figure1_T230K,230.0,230.0,30000.0,30000.0,1.0,10000000000.0,-4.399597684481839,0.012282280261157907,8.329071095343913,-13.984309493940652,4142.567714037363,4142.567714037363,8.446787208156499e-07,8.446787208156499e-07,1.4439623492220184,2.7444278320855254e-17,true,,15,raw/bs2026_loca_T230K.csv,1,converged,0.059914645471079817,natural_parameter_predictor_corrector
loca,figure1-branch-schema-v1,figure1_T230K,230.0,230.0,30000.0,30000.0,1.0,10000000000.0,-4.339683039010759,0.013040660929235193,8.388652000413007,-13.924463013258508,4396.886696187826,4396.886696187826,8.967730532956318e-07,8.967730532956318e-07,1.4441195845175028,1.8203920361875037e-17,true,,16,raw/bs2026_loca_T230K.csv,1,converged,0.059914645471079817,natural_parameter_predictor_corrector
loca,figure1-branch-schema-v1,figure1_T230K,230.0,230.0,30000.0,30000.0,1.0,10000000000.0,-4.27976839353968,0.01384586850774637,8.448233049848763,-13.864616481853009,4666.8194087905,4666.8194087905,9.520802763119531e-07,9.520802763119531e-07,1.444276820028582,3.685232057255598e-17,true,,17,raw/bs2026_loca_T230K.csv,1,converged,0.059914645471079817,natural_parameter_predictor_corrector
loca,figure1-branch-schema-v1,figure1_T230K,230.0,230.0,30000.0,30000.0,1.0,10000000000.0,-4.2198537480686,0.014700794367256518,8.507814243543832,-13.80476989976564,4953.324486391649,4953.324486391649,1.0107985461337782e-06,1.0107985461337782e-06,1.4444340557550894,1.5062469601099797e-17,true,,18,raw/bs2026_loca_T230K.csv,1,converged,0.059914645471079817,natural_parameter_predictor_corrector
loca,figure1-branch-schema-v1,figure1_T230K,230.0,230.0,30000.0,30000.0,1.0,10000000000.0,-4.159939102597519,0.015608508408660076,8.567395581390977,-13.744923267037848,5257.419423195219,5257.419423195219,1.0731382405735361e-06,1.0731382405735361e-06,1.444591291696858,7.603792453557533e-17,true,,19,raw/bs2026_loca_T230K.csv,1,converged,0.059914645471079817,natural_parameter_predictor_corrector
loca,figure1-branch-schema-v1,figure1_T230K,230.0,230.0,30000.0,30000.0,1.0,10000000000.0,-4.10002445712644,0.016572270086699935,8.626977063283073,-13.685076583711036,5580.184187164858,5580.184187164858,1.1393227127772112e-06,1.1393227127772112e-06,1.4447485278537213,2.6906393784400463e-17,true,,20,raw/bs2026_loca_T230K.csv,1,converged,0.059914645471079817,natural_parameter_predictor_corrector
loca,figure1-branch-schema-v1,figure1_T230K,230.0,230.0,30000.0,30000.0,1.0,10000000000.0,-4.04010981165536,0.017595540114143837,8.686558689113117,-13.625229849826551,5922.765056048335,5922.765056048335,1.2095890915069657e-06,1.2095890915069657e-06,1.444905764225513,2.139362978320813e-17,true,,21,raw/bs2026_loca_T230K.csv,1,converged,0.059914645471079817,natural_parameter_predictor_corrector
loca,figure1-branch-schema-v1,figure1_T230K,230.0,230.0,30000.0,30000.0,1.0,10000000000.0,-3.9801951661842803,0.018681992888645742,8.74614045877421,-13.565383065425708,6286.378688951624,6286.378688951624,1.2841891307836394e-06,1.2841891307836394e-06,1.4450630008120666,1.1896731257245847e-17,true,,22,raw/bs2026_loca_T230K.csv,1,converged,0.059914645471079817,natural_parameter_predictor_corrector
loca,figure1-branch-schema-v1,figure1_T230K,230.0,230.0,30000.0,30000.0,1.0,10000000000.0,-3.9202805207132005,0.019835529686915352,8.80572237215958,-13.505536230549769,6672.316447927505,6672.316447927505,1.36339011193367e-06,1.36339011193367e-06,1.4452202376132164,4.900123098495824e-17,true,,23,raw/bs2026_loca_T230K.csv,1,converged,0.059914645471079817,natural_parameter_predictor_corrector
loca,figure1-branch-schema-v1,figure1_T230K,230.0,230.0,30000.0,30000.0,1.0,10000000000.0,-3.860365875242121,0.021060292673573615,8.865304429162562,-13.445689345239948,7081.94898493097,7081.94898493097,1.4474758012726293e-06,1.4474758012726293e-06,1.4453774746287962,2.515296067291753e-17,true,,24,raw/bs2026_loca_T230K.csv,1,converged,0.059914645471079817,natural_parameter_predictor_corrector
loca,figure1-branch-schema-v1,figure1_T230K,230.0,230.0,30000.0,30000.0,1.0,10000000000.0,-3.800451229771041,0.022360679774997897,8.924886629676601,-13.385842409537425,7516.731110437299,7516.731110437299,1.5367474668569928e-06,1.5367474668569928e-06,1.4455347118586406,2.884252135351471e-17,true,,25,raw/bs2026_loca_T230K.csv,1,converged,0.059914645471079817,natural_parameter_predictor_corrector
loca,figure1-branch-schema-v1,figure1_T230K,230.0,230.0,30000.0,30000.0,1.0,10000000000.0,-3.740536584299961,0.02374136047156641,8.984468973595265,-13.325995423483318,7978.206961018833,7978.206961018833,1.6315249579474796e-06,1.6315249579474796e-06,1.4456919493025842,7.661160396596242e-17,true,,26,raw/bs2026_loca_T230K.csv,1,converged,0.059914645471079817,natural_parameter_predictor_corrector
loca,figure1-branch-schema-v1,figure1_T230K,230.0,230.0,30000.0,30000.0,1.0,10000000000.0,-3.6806219388288812,0.02520729256500918,9.044051460812229,-13.266148387118719,8468.015484238838,8468.015484238838,1.7321478510518456e-06,1.7321478510518456e-06,1.4458491869604613,6.775864181050913e-17,true,,27,raw/bs2026_loca_T230K.csv,1,converged,0.059914645471079817,natural_parameter_predictor_corrector
loca,figure1-branch-schema-v1,figure1_T230K,230.0,230.0,30000.0,30000.0,1.0,10000000000.0,-3.6207072933578015,0.02676373998107465,9.103634091221283,-13.206301300484661,8987.89626034826,8987.89626034826,1.8389766666538408e-06,1.8389766666538408e-06,1.446006424832107,5.415538347625976e-17,true,,28,raw/bs2026_loca_T230K.csv,1,converged,0.059914645471079817,natural_parameter_predictor_corrector
loca,figure1-branch-schema-v1,figure1_T230K,230.0,230.0,30000.0,30000.0,1.0,10000000000.0,-3.5607926478867213,0.028416291671438103,9.163216864716333,-13.146454163622137,9539.695681467829,9539.695681467829,1.9523941609880785e-06,1.9523941609880785e-06,1.4461636629173562,2.531023958992125e-17,true,,29,raw/bs2026_loca_T230K.csv,1,converged,0.059914645471079817,natural_parameter_predictor_corrector
loca,figure1-branch-schema-v1,figure1_T230K,230.0,230.0,30000.0,30000.0,1.0,10000000000.0,-3.500878002415642,0.030170881682725817,9.222799781191393,-13.086606976572096,10125.373510207817,10125.373510207817,2.0728066974896536e-06,2.0728066974896536e-06,1.4463209012160443,8.706361942326088e-18,true,,30,raw/bs2026_loca_T230K.csv,1,converged,0.059914645471079817,natural_parameter_predictor_corrector
loca,figure1-branch-schema-v1,figure1_T230K,230.0,230.0,30000.0,30000.0,1.0,10000000000.0,-3.440963356944562,0.032033810464719696,9.282382840540595,-13.026759739375438,10747.00984102641,10747.00984102641,2.2006457028328156e-06,2.2006457028328156e-06,1.4464781397280067,1.2983145335439072e-17,true,,31,raw/bs2026_loca_T230K.csv,1,converged,0.059914645471079817,natural_parameter_predictor_corrector
loca,figure1-branch-schema-v1,figure1_T230K,230.0,230.0,30000.0,30000.0,1.0,10000000000.0,-3.381048711473482,0.034011767494256225,9.341966042658182,-12.966912452073025,11406.812489057844,11406.812489057844,2.336369212776023e-06,2.336369212776023e-06,1.4466353784530788,8.603353552820168e-18,true,,32,raw/bs2026_loca_T230K.csv,1,converged,0.059914645471079817,natural_parameter_predictor_corrector
loca,figure1-branch-schema-v1,figure1_T230K,230.0,230.0,30000.0,30000.0,1.0,10000000000.0,-3.3211340660024025,0.0361118552960592,9.401549387438509,-12.907065114705668,12107.124832660973,12107.124832660973,2.480463513352706e-06,2.480463513352706e-06,1.4467926173910963,7.102555672803039e-17,true,,33,raw/bs2026_loca_T230K.csv,1,converged,0.059914645471079817,natural_parameter_predictor_corrector
loca,figure1-branch-schema-v1,figure1_T230K,230.0,230.0,30000.0,30000.0,1.0,10000000000.0,-3.2612194205313227,0.03834161494676054,9.461132874776045,-12.847217727314137,12850.43413755043,12850.43413755043,2.633444883288484e-06,2.633444883288484e-06,1.4469498565418955,7.77511663264865e-17,true,,34,raw/bs2026_loca_T230K.csv,1,converged,0.059914645471079817,natural_parameter_predictor_corrector
loca,figure1-branch-schema-v1,figure1_T230K,230.0,230.0,30000.0,30000.0,1.0,10000000000.0,-3.2013047750602426,0.04070905315369045,9.520716504565371,-12.787370289939155,13639.38039208392,13639.38039208392,2.7958614438885373e-06,2.7958614438885373e-06,1.4471070959053123,3.542121985024471e-18,true,,35,raw/bs2026_loca_T230K.csv,1,converged,0.059914645471079817,natural_parameter_predictor_corrector
loca,figure1-branch-schema-v1,figure1_T230K,230.0,230.0,30000.0,30000.0,1.0,10000000000.0,-3.141390129589163,0.04322267100567218,9.580300276701177,-12.727522802621404,14476.7656850951,14476.7656850951,2.968295123023803e-06,2.968295123023803e-06,1.447264335481183,7.656872815683993e-17,true,,36,raw/bs2026_loca_T230K.csv,1,converged,0.059914645471079817,natural_parameter_predictor_corrector
loca,figure1-branch-schema-v1,figure1_T230K,230.0,230.0,30000.0,30000.0,1.0,10000000000.0,-3.081475484118083,0.04589149449906117,9.63988419107827,-12.667675265401519,15365.564159589692,15365.564159589692,3.1513637402536103e-06,3.1513637402536103e-06,1.4474215752693438,6.085956233434613e-17,true,,37,raw/bs2026_loca_T230K.csv,1,converged,0.059914645471079817,natural_parameter_predictor_corrector
loca,figure1-branch-schema-v1,figure1_T230K,230.0,230.0,30000.0,30000.0,1.0,10000000000.0,-3.0215608386470034,0.048725106948642405,9.699468247591565,-12.607827678320088,16308.932577667518,16308.932577667518,3.3457232205563456e-06,3.3457232205563456e-06,1.4475788152696316,7.34724854805673e-17,true,,38,raw/bs2026_loca_T230K.csv,1,converged,0.059914645471079817,natural_parameter_predictor_corrector
loca,figure1-branch-schema-v1,figure1_T230K,230.0,230.0,30000.0,30000.0,1.0,10000000000.0,-2.9616461931759233,0.051733683399768346,9.759052446136094,-12.547980041417661,17310.221534206263,17310.221534206263,3.552069944600732e-06,3.552069944600732e-06,1.447736055481883,5.379234151632416e-17,true,,39,raw/bs2026_loca_T230K.csv,1,converged,0.059914645471079817,natural_parameter_predictor_corrector
loca,figure1-branch-schema-v1,figure1_T230K,230.0,230.0,30000.0,30000.0,1.0,10000000000.0,-2.9017315477048435,0.054928027165305905,9.818636786606993,-12.48813235473474,18372.987359146235,18372.987359146235,3.7711432439794895e-06,3.7711432439794895e-06,1.4478932959059354,2.636054268072114e-17,true,,40,raw/bs2026_loca_T230K.csv,1,converged,0.059914645471079817,natural_parameter_predictor_corrector
loca,figure1-branch-schema-v1,figure1_T230K,230.0,230.0,30000.0,30000.0,1.0,10000000000.0,-2.841816902233764,0.05831960861859092,9.878221268899516,-12.428284618311782,19501.004750664055,19501.004750664055,4.00372805034663e-06,4.00372805034663e-06,1.4480505365416256,5.140435587624367e-17,true,,41,raw/bs2026_loca_T230K.csv,1,converged,0.059914645471079817,natural_parameter_predictor_corrector
loca,figure1-branch-schema-v1,figure1_T230K,230.0,230.0,30000.0,30000.0,1.0,10000000000.0,-2.781902256762684,0.06192060638168893,9.937805892909024,-12.368436832189202,20698.280184117764,20698.280184117764,4.2506577079511585e-06,4.2506577079511585e-06,1.448207777388791,4.4348397129163226e-17,true,,42,raw/bs2026_loca_T230K.csv,1,converged,0.059914645471079817,natural_parameter_predictor_corrector
loca,figure1-branch-schema-v1,figure1_T230K,230.0,230.0,30000.0,30000.0,1.0,10000000000.0,-2.7219876112916044,0.06574395105686315,9.997390658530993,-12.30858899640737,21969.06614440461,21969.06614440461,4.512816959645457e-06,4.512816959645457e-06,1.4483650184472692,2.5498759855665876e-17,true,,43,raw/bs2026_loca_T230K.csv,1,converged,0.059914645471079817,natural_parameter_predictor_corrector
loca,figure1-branch-schema-v1,figure1_T230K,230.0,230.0,30000.0,30000.0,1.0,10000000000.0,-2.662072965820524,0.06980337165828197,10.056975565661007,-12.248741111006611,23317.876232296545,23317.876232296545,4.791145117068263e-06,4.791145117068263e-06,1.4485222597168976,5.3956754604645044e-17,true,,44,raw/bs2026_loca_T230K.csv,1,converged,0.059914645471079817,natural_parameter_predictor_corrector
loca,figure1-branch-schema-v1,figure1_T230K,230.0,230.0,30000.0,30000.0,1.0,10000000000.0,-2.6021583203494445,0.0741134449106948,10.11656061419476,-12.188893176027209,24749.501198425016,24749.501198425016,5.08663942636216e-06,5.08663942636216e-06,1.4486795011975147,6.603784062955213e-17,true,,45,raw/bs2026_loca_T230K.csv,1,converged,0.059914645471079817,natural_parameter_predictor_corrector
loca,figure1-branch-schema-v1,figure1_T230K,230.0,230.0,30000.0,30000.0,1.0,10000000000.0,-2.542243674878365,0.07868964759210002,10.176145804028062,-12.129045191509402,26269.025961882595,26269.025961882595,5.400358641486151e-06,5.400358641486151e-06,1.4488367428889577,2.0169607173262687e-17,true,,46,raw/bs2026_loca_T230K.csv,1,converged,0.059914645471079817,natural_parameter_predictor_corrector
loca,figure1-branch-schema-v1,figure1_T230K,230.0,230.0,30000.0,30000.0,1.0,10000000000.0,-2.482329029407285,0.08354841210835905,10.235731135056826,-12.069197157493381,27881.847673906515,27881.847673906515,5.7334268179278266e-06,5.7334268179278266e-06,1.4489939847910653,4.566365536378055e-17,true,,47,raw/bs2026_loca_T230K.csv,1,converged,0.059914645471079817,natural_parameter_predictor_corrector
loca,figure1-branch-schema-v1,figure1_T230K,230.0,230.0,30000.0,30000.0,1.0,10000000000.0,-2.4224143839362053,0.08870718549931568,10.295316607177082,-12.009349074019301,29593.694890824358,29593.694890824358,6.087037340409331e-06,6.087037340409331e-06,1.449151226903676,3.3424191007991797e-17,true,,48,raw/bs2026_loca_T230K.csv,1,converged,0.059914645471079817,natural_parameter_predictor_corrector
loca,figure1-branch-schema-v1,figure1_T230K,230.0,230.0,30000.0,30000.0,1.0,10000000000.0,-2.362499738465125,0.0941844920883028,10.354902220284965,-11.949500941127267,31410.64792438146,31410.64792438146,6.462457199020129e-06,6.462457199020129e-06,1.449308469226628,3.0396468569501814e-17,true,,49,raw/bs2026_loca_T230K.csv,1,converged,0.059914645471079817,natural_parameter_predictor_corrector
loca,figure1-branch-schema-v1,figure1_T230K,230.0,230.0,30000.0,30000.0,1.0,10000000000.0,-2.3025850929940455,0.10000000000000002,10.414487974276724,-11.889652758857345,33339.1604417554,33339.1604417554,6.861031529099326e-06,6.861031529099326e-06,1.4494657117597602,4.158202877753199e-17,true,,50,raw/bs2026_loca_T230K.csv,1,converged,0.059914645471079817,natural_parameter_predictor_corrector
loca,figure1-branch-schema-v1,figure1_T230K,230.0,230.0,30000.0,30000.0,1.0,10000000000.0,-2.2426704475229657,0.10617459178549787,10.474073869048716,-11.82980452724955,35386.082392000855,35386.082392000855,7.284188431135995e-06,7.284188431135995e-06,1.4496229545029113,7.639347290042643e-17,true,,51,raw/bs2026_loca_T230K.csv,1,converged,0.059914645471079817,natural_parameter_predictor_corrector
loca,figure1-branch-schema-v1,figure1_T230K,230.0,230.0,30000.0,30000.0,1.0,10000000000.0,-2.182755802051886,0.11273043940817111,10.53365990449741,-11.769956246343861,37558.684340384076,37558.684340384076,7.73344408795882e-06,7.73344408795882e-06,1.4497801974559208,4.20880996562153e-17,true,,52,raw/bs2026_loca_T230K.csv,1,converged,0.059914645471079817,natural_parameter_predictor_corrector
loca,figure1-branch-schema-v1,figure1_T230K,230.0,230.0,30000.0,30000.0,1.0,10000000000.0,-2.122841156580806,0.11969108385962372,10.59324608051938,-11.71010791618021,39864.68329706571,39864.68329706571,8.210408197552327e-06,8.210408197552327e-06,1.4499374406186276,2.248995941678762e-17,true,,53,raw/bs2026_loca_T230K.csv,1,converged,0.059914645471079817,natural_parameter_predictor_corrector
loca,figure1-branch-schema-v1,figure1_T230K,230.0,230.0,30000.0,30000.0,1.0,10000000000.0,-2.062926511109726,0.1270815196915934,10.652832397011313,-11.650259536798488,42312.270131904006,42312.270131904006,8.716789740967359e-06,8.716789740967359e-06,1.4500946839908713,2.487585834613111e-17,true,,54,raw/bs2026_loca_T230K.csv,1,converged,0.059914645471079817,natural_parameter_predictor_corrector
loca,figure1-branch-schema-v1,figure1_T230K,230.0,230.0,30000.0,30000.0,1.0,10000000000.0,-2.0030118656386464,0.13492828476735635,10.712418853870004,-11.59041110823854,44910.13867278305,44910.13867278305,9.254403105994968e-06,9.254403105994968e-06,1.4502519275724912,8.741057860683911e-18,true,,55,raw/bs2026_loca_T230K.csv,1,converged,0.059914645471079817,natural_parameter_predictor_corrector
loca,figure1-branch-schema-v1,figure1_T230K,230.0,230.0,30000.0,30000.0,1.0,10000000000.0,-1.9430972201675667,0.14325955555491468,10.772005450992358,-11.53056263054017,47667.51659085542,47667.51659085542,9.82517458854695e-06,9.82517458854695e-06,1.4504091713633274,1.823889301256731e-17,true,,56,raw/bs2026_loca_T230K.csv,1,converged,0.059914645471079817,natural_parameter_predictor_corrector
loca,figure1-branch-schema-v1,figure1_T230K,230.0,230.0,30000.0,30000.0,1.0,10000000000.0,-1.883182574696487,0.15210524830414918,10.831592188275389,-11.470714103743134,50594.198182436354,50594.198182436354,1.043114929504072e-05,1.043114929504072e-05,1.4505664153632196,5.628162793416741e-17,true,,57,raw/bs2026_loca_T230K.csv,1,converged,0.059914645471079817,natural_parameter_predictor_corrector
loca,figure1-branch-schema-v1,figure1_T230K,230.0,230.0,30000.0,30000.0,1.0,10000000000.0,-1.8232679292254068,0.16149712647124836,10.891179065616218,-11.410865527887154,53700.57916402751,53700.57916402751,1.1074498470522255e-05,1.1074498470522255e-05,1.4507236595720079,2.0157790444688095e-17,true,,58,raw/bs2026_loca_T230K.csv,1,converged,0.059914645471079817,natural_parameter_predictor_corrector
loca,figure1-branch-schema-v1,figure1_T230K,230.0,230.0,30000.0,30000.0,1.0,10000000000.0,-1.763353283754327,0.17146891477615714,10.950766082912077,-11.351016903011898,56997.69360410042,56997.69360410042,1.1757527278787407e-05,1.1757527278787407e-05,1.4508809039895327,8.887075481178028e-18,true,,59,raw/bs2026_loca_T230K.csv,1,converged,0.059914645471079817,natural_parameter_predictor_corrector
loca,figure1-branch-schema-v1,figure1_T230K,230.0,230.0,30000.0,30000.0,1.0,10000000000.0,-1.7034386382832474,0.18205642030260805,11.010353240060306,-11.291168229157,60497.253122863105,60497.253122863105,1.248268306238067e-05,1.248268306238067e-05,1.4510381486156345,3.9788084790199307e-17,true,,60,raw/bs2026_loca_T230K.csv,1,converged,0.059914645471079817,natural_parameter_predictor_corrector
loca,figure1-branch-schema-v1,figure1_T230K,230.0,230.0,30000.0,30000.0,1.0,10000000000.0,-1.6435239928121677,0.19329766107558433,11.06994053695835,-11.231319506362047,64211.688499292606,64211.688499292606,1.325256411207123e-05,1.325256411207123e-05,1.4511953934501536,7.307511943470582e-17,true,,61,raw/bs2026_loca_T230K.csv,1,converged,0.059914645471079817,natural_parameter_predictor_corrector
loca,figure1-branch-schema-v1,figure1_T230K,230.0,230.0,30000.0,30000.0,1.0,10000000000.0,-1.5836093473410875,0.20523300257791693,11.12952797350377,-11.171470734666581,68154.19383327037,68154.19383327037,1.4069928977230787e-05,1.4069928977230787e-05,1.4513526384929312,2.0953770006425663e-17,true,,62,raw/bs2026_loca_T230K.csv,1,converged,0.059914645471079817,natural_parameter_predictor_corrector
loca,figure1-branch-schema-v1,figure1_T230K,230.0,230.0,30000.0,30000.0,1.0,10000000000.0,-1.5236947018700078,0.21790530269622357,11.189115549594225,-11.111621914110106,72338.77341973472,72338.77341973472,1.49377063504767e-05,1.49377063504767e-05,1.4515098837438078,7.318285665891635e-17,true,,63,raw/bs2026_loca_T230K.csv,1,converged,0.059914645471079817,natural_parameter_predictor_corrector
loca,figure1-branch-schema-v1,figure1_T230K,230.0,230.0,30000.0,30000.0,1.0,10000000000.0,-1.463780056398928,0.23136006561666883,11.248703265127492,-11.05177304473208,76780.29150140553,76780.29150140553,1.585900556200174e-05,1.585900556200174e-05,1.451667129202625,4.8821793663543055e-18,true,,64,raw/bs2026_loca_T230K.csv,1,converged,0.059914645471079817,natural_parameter_predictor_corrector
loca,figure1-branch-schema-v1,figure1_T230K,230.0,230.0,30000.0,30000.0,1.0,10000000000.0,-1.4038654109278483,0.2456456052231581,11.308291120001446,-10.991924126571922,81494.52507686068,81494.52507686068,1.683712772119633e-05,1.683712772119633e-05,1.4518243748692239,2.7363532850574937e-17,true,,65,raw/bs2026_loca_T230K.csv,1,converged,0.059914645471079817,natural_parameter_predictor_corrector
loca,figure1-branch-schema-v1,figure1_T230K,230.0,230.0,30000.0,30000.0,1.0,10000000000.0,-1.3439507654567686,0.2608132185847037,11.367879114114078,-10.932075159669001,86498.21995160602,86498.21995160602,1.787557754548935e-05,1.787557754548935e-05,1.4519816207434457,2.0162646341995814e-17,true,,66,raw/bs2026_loca_T230K.csv,1,converged,0.059914645471079817,natural_parameter_predictor_corrector
loca,figure1-branch-schema-v1,figure1_T230K,230.0,230.0,30000.0,30000.0,1.0,10000000000.0,-1.2840361199856885,0.2769173701549275,11.427467247363483,-10.87222614406265,91809.15023129755,91809.15023129755,1.897807591879525e-05,1.897807591879525e-05,1.4521388668251325,6.506343657742319e-17,true,,67,raw/bs2026_loca_T230K.csv,1,converged,0.059914645471079817,natural_parameter_predictor_corrector
loca,figure1-branch-schema-v1,figure1_T230K,230.0,230.0,30000.0,30000.0,1.0,10000000000.0,-1.2241214745146092,0.2940158873451302,11.48705551964786,-10.812377079792158,97446.18146851499,97446.18146851499,2.0148573224571126e-05,2.0148573224571126e-05,1.4522961131141257,4.231505899500342e-17,true,,68,raw/bs2026_loca_T230K.csv,1,converged,0.059914645471079817,natural_parameter_predictor_corrector
loca,figure1-branch-schema-v1,figure1_T230K,230.0,230.0,30000.0,30000.0,1.0,10000000000.0,-1.164206829043529,0.31217016817320137,11.546643930865523,-10.75252796689677,103429.33768746121,103429.33768746121,2.1391263501262404e-05,2.1391263501262404e-05,1.4524533596102673,2.108912114921899e-17,true,,69,raw/bs2026_loca_T230K.csv,1,converged,0.059914645471079817,natural_parameter_predictor_corrector
loca,figure1-branch-schema-v1,figure1_T230K,230.0,230.0,30000.0,30000.0,1.0,10000000000.0,-1.1042921835724488,0.33144540173399883,11.606232480914885,-10.692678805415687,109779.87252474613,109779.87252474613,2.2710599470862647e-05,2.2710599470862647e-05,1.4526106063133997,1.0542897214262766e-17,true,,70,raw/bs2026_loca_T230K.csv,1,converged,0.059914645471079817,natural_parameter_predictor_corrector
loca,figure1-branch-schema-v1,figure1_T230K,230.0,230.0,30000.0,30000.0,1.0,10000000000.0,-1.0443775381013696,0.3519108022828765,11.66582116969447,-10.632829595388076,116520.34473904037,116520.34473904037,2.4111308494442916e-05,2.4111308494442916e-05,1.452767853223365,9.112393713615256e-18,true,,71,raw/bs2026_loca_T230K.csv,1,converged,0.059914645471079817,natural_parameter_predictor_corrector
loca,figure1-branch-schema-v1,figure1_T230K,230.0,230.0,30000.0,30000.0,1.0,10000000000.0,-0.9844628926302894,0.37363985777291475,11.72540999710291,-10.572980336853051,123674.69835790861,123674.69835790861,2.5598409511827394e-05,2.5598409511827394e-05,1.4529251003400057,7.136873597602383e-17,true,,72,raw/bs2026_loca_T230K.csv,1,converged,0.059914645471079817,natural_parameter_predictor_corrector
loca,figure1-branch-schema-v1,figure1_T230K,230.0,230.0,30000.0,30000.0,1.0,10000000000.0,-0.9245482471592101,0.3967105937383068,11.78499896303894,-10.51313102984969,131268.34774660814,131268.34774660814,2.717723102611808e-05,2.717723102611808e-05,1.4530823476631647,7.068996549115492e-17,true,,73,raw/bs2026_loca_T230K.csv,1,converged,0.059914645471079817,natural_parameter_predictor_corrector
loca,figure1-branch-schema-v1,figure1_T230K,230.0,230.0,30000.0,30000.0,1.0,10000000000.0,-0.86463360168813,0.42120585347147227,11.844588067401402,-10.453281674417028,139328.26790113666,139328.26790113666,2.8853430197517098e-05,2.8853430197517098e-05,1.4532395951926842,6.462852140353272e-17,true,,74,raw/bs2026_loca_T230K.csv,1,converged,0.059914645471079817,natural_parameter_predictor_corrector
loca,figure1-branch-schema-v1,figure1_T230K,230.0,230.0,30000.0,30000.0,1.0,10000000000.0,-0.8047189562170498,0.4472135954999581,11.904177310089247,-10.393432270594056,147883.09028636868,147883.09028636868,3.06330131148695e-05,3.06330131148695e-05,1.4533968429284079,2.219952454938198e-17,true,,75,raw/bs2026_loca_T230K.csv,1,converged,0.059914645471079817,natural_parameter_predictor_corrector
loca,figure1-branch-schema-v1,figure1_T230K,230.0,230.0,30000.0,30000.0,1.0,10000000000.0,-0.7448043107459705,0.4748272094313279,11.963766691001531,-10.333582818419725,156963.20455983185,156963.20455983185,3.252235631757014e-05,3.252235631757014e-05,1.4535540908701783,7.51544882622034e-17,true,,76,raw/bs2026_loca_T230K.csv,1,converged,0.059914645471079817,natural_parameter_predictor_corrector
loca,figure1-branch-schema-v1,figure1_T230K,230.0,230.0,30000.0,30000.0,1.0,10000000000.0,-0.6848896652748904,0.5041458513001835,12.023356210037417,-10.273733317932942,166600.86654258828,166600.86654258828,3.4528229644958904e-05,3.4528229644958904e-05,1.4537113390178393,6.954385725458285e-17,true,,77,raw/bs2026_loca_T230K.csv,1,converged,0.059914645471079817,natural_parameter_predictor_corrector
loca,figure1-branch-schema-v1,figure1_T230K,230.0,230.0,30000.0,30000.0,1.0,10000000000.0,-0.6249750198038102,0.5352747996214932,12.082945867096168,-10.213883769172574,176830.31282088332,176830.31282088332,3.6657820495086354e-05,3.6657820495086354e-05,1.4538685873712338,3.2759408725696844e-17,true,,78,raw/bs2026_loca_T230K.csv,1,converged,0.059914645471079817,natural_parameter_predictor_corrector
loca,figure1-branch-schema-v1,figure1_T230K,230.0,230.0,30000.0,30000.0,1.0,10000000000.0,-0.5650603743327309,0.5683258334287618,12.14253566207716,-10.154034172177445,187687.88238579425,187687.88238579425,3.8918759579781596e-05,3.8918759579781596e-05,1.4540258359302058,3.5005112589499345e-17,true,,79,raw/bs2026_loca_T230K.csv,1,converged,0.059914645471079817,natural_parameter_predictor_corrector
loca,figure1-branch-schema-v1,figure1_T230K,230.0,230.0,30000.0,30000.0,1.0,10000000000.0,-0.5051457288616508,0.6034176336545165,12.202125594879872,-10.094184526986338,199212.14574311342,199212.14574311342,4.131914826831745e-05,4.131914826831745e-05,1.4541830846945991,2.683505470519094e-17,true,,80,raw/bs2026_loca_T230K.csv,1,converged,0.059914645471079817,natural_parameter_predictor_corrector
loca,figure1-branch-schema-v1,figure1_T230K,230.0,230.0,30000.0,30000.0,1.0,10000000000.0,-0.4452310833905715,0.6406762092943935,12.261715665403885,-10.034334833637994,211444.04195225422,211444.04195225422,4.386758761765978e-05,4.386758761765978e-05,1.4543403336642575,5.617970163792245e-17,true,,81,raw/bs2026_loca_T230K.csv,1,converged,0.059914645471079817,natural_parameter_predictor_corrector
loca,figure1-branch-schema-v1,figure1_T230K,230.0,230.0,30000.0,30000.0,1.0,10000000000.0,-0.38531643791949133,0.6802353498851245,12.321305873548893,-9.97448509217111,224427.02408114696,224427.02408114696,4.657320919333335e-05,4.657320919333335e-05,1.4544975828390254,2.5436588976315524e-17,true,,82,raw/bs2026_loca_T230K.csv,1,converged,0.059914645471079817,natural_parameter_predictor_corrector
loca,figure1-branch-schema-v1,figure1_T230K,230.0,230.0,30000.0,30000.0,1.0,10000000000.0,-0.32540179244841116,0.7222371059211843,12.380896219214687,-9.914635302624344,238207.21359398888,238207.21359398888,4.94457077913517e-05,4.94457077913517e-05,1.4546548322187467,7.208377603049911e-17,true,,83,raw/bs2026_loca_T230K.csv,1,converged,0.059914645471079817,natural_parameter_predictor_corrector
loca,figure1-branch-schema-v1,figure1_T230K,230.0,230.0,30000.0,30000.0,1.0,10000000000.0,-0.2654871469773319,0.7668322989352108,12.440486702301166,-9.854785465036313,252833.5642204727,252833.5642204727,5.2495376178473494e-05,5.2495376178473494e-05,1.4548120818032664,4.644004494222596e-17,true,,84,raw/bs2026_loca_T230K.csv,1,converged,0.059914645471079817,natural_parameter_predictor_corrector
loca,figure1-branch-schema-v1,figure1_T230K,230.0,230.0,30000.0,30000.0,1.0,10000000000.0,-0.20557250150625173,0.814181063073809,12.50007732270834,-9.79493557944559,268358.035888805,268358.035888805,5.573314197527893e-05,5.573314197527893e-05,1.4549693315924286,1.8306450439363147e-17,true,,85,raw/bs2026_loca_T230K.csv,1,converged,0.059914645471079817,natural_parameter_predictor_corrector
loca,figure1-branch-schema-v1,figure1_T230K,230.0,230.0,30000.0,30000.0,1.0,10000000000.0,-0.14565785603517245,0.8644534201134431,12.559668080336309,-9.735085645890708,284835.77934058255,284835.77934058255,5.9170606814239845e-05,5.9170606814239845e-05,1.4551265815860783,1.6300735537111846e-17,true,,86,raw/bs2026_loca_T230K.csv,1,converged,0.059914645471079817,natural_parameter_predictor_corrector
loca,figure1-branch-schema-v1,figure1_T230K,230.0,230.0,30000.0,30000.0,1.0,10000000000.0,-0.08574321056409229,0.9178298899812234,12.619258975085293,-9.675235664410158,302325.33208358136,302325.33208358136,6.282008791310946e-05,6.282008791310946e-05,1.4552838317840606,7.589415207398531e-18,true,,87,raw/bs2026_loca_T230K.csv,1,converged,0.059914645471079817,natural_parameter_predictor_corrector
loca,figure1-branch-schema-v1,figure1_T230K,230.0,230.0,30000.0,30000.0,1.0,10000000000.0,-0.025828565093012124,0.9745021389728484,12.678850006855608,-9.615385635042388,320888.8263787683,320888.8263787683,6.669466221261494e-05,6.669466221261494e-05,1.4554410821862205,2.9782086854279903e-17,true,,88,raw/bs2026_loca_T230K.csv,1,converged,0.059914645471079817,natural_parameter_predictor_corrector
loca,figure1-branch-schema-v1,figure1_T230K,230.0,230.0,30000.0,30000.0,1.0,10000000000.0,0.03408608037806715,1.0346736679953663,12.738441175547676,-9.555535557825811,340592.21000065096,340592.21000065096,7.080821323662245e-05,7.080821323662245e-05,1.4555983327924034,2.906919946080748e-17,true,,89,raw/bs2026_loca_T230K.csv,1,converged,0.059914645471079817,natural_parameter_predictor_corrector
loca,figure1-branch-schema-v1,figure1_T230K,230.0,230.0,30000.0,30000.0,1.0,10000000000.0,0.09400072584914732,1.098560543306118,12.798032481062023,-9.49568543279879,361505.48055544944,361505.48055544944,7.517548084270552e-05,7.517548084270552e-05,1.4557555836024545,9.136948041499044e-18,true,,90,raw/bs2026_loca_T230K.csv,1,converged,0.059914645471079817,natural_parameter_predictor_corrector
loca,figure1-branch-schema-v1,figure1_T230K,230.0,230.0,30000.0,30000.0,1.0,10000000000.0,0.1539153713202266,1.1663921723718176,12.857623923299279,-9.435835259999653,383702.93418976606,383702.93418976606,7.981211404140005e-05,7.981211404140005e-05,1.4559128346162196,5.295007787823655e-17,true,,91,raw/bs2026_loca_T230K.csv,1,converged,0.059914645471079817,natural_parameter_predictor_corrector
loca,figure1-branch-schema-v1,figure1_T230K,230.0,230.0,30000.0,30000.0,1.0,10000000000.0,0.21383001679130675,1.2384121276337783,12.91721550216018,-9.375985039466684,407263.4295735744,407263.4295735744,8.473472707343235e-05,8.473472707343235e-05,1.4560700858335445,5.3886072885447093e-17,true,,92,raw/bs2026_loca_T230K.csv,1,converged,0.059914645471079817,natural_parameter_predictor_corrector
loca,figure1-branch-schema-v1,figure1_T230K,230.0,230.0,30000.0,30000.0,1.0,10000000000.0,0.2737446622623869,1.3148790211372634,12.976807217545563,-9.316134771238127,432270.6680956194,432270.6680956194,8.996095894587845e-05,8.996095894587845e-05,1.4562273372542751,3.335401091647728e-17,true,,93,raw/bs2026_loca_T230K.csv,1,converged,0.059914645471079817,natural_parameter_predictor_corrector
loca,figure1-branch-schema-v1,figure1_T230K,230.0,230.0,30000.0,30000.0,1.0,10000000000.0,0.3336593077334662,1.3960674331656389,13.036399069356367,-9.256284455352187,458813.49126695906,458813.49126695906,9.550953664060924e-05,9.550953664060924e-05,1.4563845888782576,3.0807563907857005e-17,true,,94,raw/bs2026_loca_T230K.csv,1,converged,0.059914645471079817,natural_parameter_predictor_corrector
loca,figure1-branch-schema-v1,figure1_T230K,230.0,230.0,30000.0,30000.0,1.0,10000000000.0,0.39357395320454636,1.4822688982138956,13.09599105749364,-9.196434091847022,486986.19638951024,486986.19638951024,0.00010140034222153862,0.00010140034222153862,1.456541840705338,2.3504270970521072e-17,true,,95,raw/bs2026_loca_T230K.csv,1,converged,0.059914645471079817,natural_parameter_predictor_corrector
loca,figure1-branch-schema-v1,figure1_T230K,230.0,230.0,30000.0,30000.0,1.0,10000000000.0,0.45348859867562563,1.5737929518419997,13.155583181858526,-9.136583680760754,516888.871611389,516888.871611389,0.0001076544840811603,0.0001076544840811603,1.4566990927353631,4.27643998783764e-17,true,,96,raw/bs2026_loca_T230K.csv,1,converged,0.059914645471079817,natural_parameter_predictor_corrector
loca,figure1-branch-schema-v1,figure1_T230K,230.0,230.0,30000.0,30000.0,1.0,10000000000.0,0.5134032441467058,1.6709682421671808,13.215175442352281,-9.076733222131464,548627.7515597381,548627.7515597381,0.00011429437258169675,0.00011429437258169675,1.4568563449681793,7.131553652594896e-17,true,,97,raw/bs2026_loca_T230K.csv,1,converged,0.059914645471079817,natural_parameter_predictor_corrector
loca,figure1-branch-schema-v1,figure1_T230K,230.0,230.0,30000.0,30000.0,1.0,10000000000.0,0.573317889617786,1.774143709986314,13.274767838876254,-9.016882715997191,582315.5948148442,582315.5948148442,0.00012134380036193098,0.00012134380036193098,1.4570135974036331,2.4542404797560473e-17,true,,98,raw/bs2026_loca_T230K.csv,1,converged,0.059914645471079817,natural_parameter_predictor_corrector
loca,figure1-branch-schema-v1,figure1_T230K,230.0,230.0,30000.0,30000.0,1.0,10000000000.0,0.6332325350888652,1.883689841766055,13.334360371331906,-8.957032162395935,618072.0845670104,618072.0845670104,0.00012882802759751183,0.00012882802759751183,1.4571708500415719,1.8006117875547204e-17,true,,99,raw/bs2026_loca_T230K.csv,1,converged,0.059914645471079817,natural_parameter_predictor_corrector
loca,figure1-branch-schema-v1,figure1_T230K,230.0,230.0,30000.0,30000.0,1.0,10000000000.0,0.6931471805599454,2.0,13.393953039620794,-8.897181561365649,656024.253879987,656024.253879987,0.00013677387252027792,0.00013677387252027792,1.4573281028818426,6.151502546103291e-17,true,,100,raw/bs2026_loca_T230K.csv,1,converged,0.059914645471079817,natural_parameter_predictor_corrector
